run,iteration,rollout_clear_rate,dev_ppo_clear_rate,dev_clear_delta_vs_bc_init,rollout_joint_entropy,rollout_family_entropy,update_entropy,kl_to_init_after,approx_update_kl,clip_fraction,mean_actor_grad_norm,max_actor_grad_norm,target_kl_stop,epochs_completed,decisions_per_game,rollout_explained_variance,value_loss,policy_loss,mean_return,action_kind_fractions_json
original_R0,1,38.451910654703774,,,0.01534652213869599,0.0002999101197975759,0.021982937530778787,0.0030739815387660803,0.0024759376387886037,0.009947006015435737,0.1366694037501207,0.8470808863639832,False,4,90.625,0.9617883158417058,0.029330320163246465,-0.0015080135575879145,2.128836612543412,"{""build_tower"":0.2160919540229885,""confirm_card_service_selection"":0.028965517241379312,""continue"":0.144367816091954,""discard_treasure"":0.0,""place_tower"":0.07011494252873564,""purchase_shop_item"":0.1142528735632184,""remove_tower"":0.0,""reroll"":0.06528735632183907,""select_card_service_card"":0.028965517241379312,""select_treasure"":0.02482758620689655,""start_defense"":0.2160919540229885,""use_inventory_item"":0.0910344827586207}"
original_R0,2,36.41481872399648,,,0.0177536529150218,0.0002864408824545239,0.018696839433687273,0.0117762771286466,0.005143503478008071,0.004731276938400697,0.0996036784054013,1.002773404121399,False,4,84.83333333333333,0.9763781720778099,0.01974719244753942,-0.0009463009337196127,2.1047773526959515,"{""build_tower"":0.21832023575638507,""confirm_card_service_selection"":0.026768172888015716,""continue"":0.14169941060903732,""discard_treasure"":0.0,""place_tower"":0.07465618860510806,""purchase_shop_item"":0.11100196463654224,""remove_tower"":0.0,""reroll"":0.06483300589390963,""select_card_service_card"":0.027013752455795677,""select_treasure"":0.02504911591355599,""start_defense"":0.21832023575638507,""use_inventory_item"":0.09233791748526522}"
original_R0,3,37.74768753846487,,,0.024374466946281592,0.0059618486908981135,0.031834355514387,0.02648700199373697,0.007610424450156054,0.015643530580050805,0.4100683714427492,1.909916639328003,False,4,87.91666666666667,0.9760318293217732,0.021414759281255743,0.0010149329215945566,2.101390449217216,"{""build_tower"":0.21966824644549762,""confirm_card_service_selection"":0.024881516587677725,""continue"":0.1390995260663507,""discard_treasure"":0.0,""place_tower"":0.06753554502369669,""purchase_shop_item"":0.11421800947867299,""remove_tower"":0.0,""reroll"":0.06635071090047394,""select_card_service_card"":0.025118483412322274,""select_treasure"":0.025592417061611375,""start_defense"":0.21966824644549762,""use_inventory_item"":0.09786729857819905}"
original_R0,4,36.91005825996399,,,0.03085621769600611,0.012497971705013195,0.030197010265991968,0.013048827439145452,0.011704664473158995,0.021487398429171127,0.43625251724220376,2.026810646057129,False,4,86.91666666666667,0.9767710401322014,0.022036842878579217,-0.0004708711605738191,2.0984478530787425,"{""build_tower"":0.21668264621284755,""confirm_card_service_selection"":0.025407478427612654,""continue"":0.13470757430488975,""discard_treasure"":0.0,""place_tower"":0.07262703739213806,""purchase_shop_item"":0.11337488015340365,""remove_tower"":0.0,""reroll"":0.07406519654841802,""select_card_service_card"":0.026126558005752636,""select_treasure"":0.025407478427612654,""start_defense"":0.21668264621284755,""use_inventory_item"":0.09491850431447747}"
original_R0,5,36.99902101357778,36.44974532723427,0.3974664509296417,0.017457758049256443,0.004347624750099416,0.02236805022403132,0.015322808603904142,0.0024242948698862676,0.005307302162691485,0.2154976163583342,1.437517762184143,False,4,83.22916666666667,0.9762371987086529,0.018524308819905855,3.331665357109159e-05,2.0784435839589235,"{""build_tower"":0.22703379224030037,""confirm_card_service_selection"":0.02227784730913642,""continue"":0.14493116395494368,""discard_treasure"":0.0,""place_tower"":0.06307884856070088,""purchase_shop_item"":0.1081351689612015,""remove_tower"":0.0,""reroll"":0.06382978723404255,""select_card_service_card"":0.02227784730913642,""select_treasure"":0.026282853566958697,""start_defense"":0.22703379224030037,""use_inventory_item"":0.0951188986232791}"
original_R0,6,38.27717888355255,,,0.024742504761503633,0.008177508602302421,0.020776364651015577,0.023751605878430115,0.002489552141649737,0.00814472883939743,0.1538038531126564,1.1015361547470093,False,4,88.60416666666667,0.9724278709221085,0.018897593144656104,-0.0011372780975173501,2.1077938381641186,"{""build_tower"":0.21984481542440631,""confirm_card_service_selection"":0.028215377380672466,""continue"":0.14413355278626852,""discard_treasure"":0.0,""place_tower"":0.06395485539619092,""purchase_shop_item"":0.11474253468140136,""remove_tower"":0.0,""reroll"":0.06113331765812368,""select_card_service_card"":0.028920761815189277,""select_treasure"":0.025864095932283095,""start_defense"":0.21984481542440631,""use_inventory_item"":0.09334587350105808}"
original_R0,7,36.647500117619835,,,0.019510949583891095,0.004202606080795299,0.030968778286478482,0.05662106704066464,0.00261664106920545,0.01102663435449358,0.1836019986658357,0.9188777208328247,False,4,83.3125,0.9768686207525704,0.017664891143795103,-0.0015454793319804594,2.094838377413887,"{""build_tower"":0.2243060765191298,""confirm_card_service_selection"":0.024256064016004,""continue"":0.14078519629907477,""discard_treasure"":0.0,""place_tower"":0.072768192048012,""purchase_shop_item"":0.1037759439859965,""remove_tower"":0.0,""reroll"":0.06976744186046512,""select_card_service_card"":0.024506126531632907,""select_treasure"":0.02625656414103526,""start_defense"":0.2243060765191298,""use_inventory_item"":0.08927231807951988}"
original_R0,8,37.54671239852905,,,0.03289955499160643,0.016773229099330635,0.03216728020240279,0.05478307215947851,0.012704308442326853,0.014907809741356793,0.4506807784166406,2.748579263687134,True,2,86.02083333333333,0.9767940516567681,0.021890851942931906,0.005371561561546782,2.073961512426302,"{""build_tower"":0.22281424073625575,""confirm_card_service_selection"":0.023492371034148703,""continue"":0.14192298377331072,""discard_treasure"":0.0,""place_tower"":0.07144587067086462,""purchase_shop_item"":0.11528215064180189,""remove_tower"":0.0,""reroll"":0.05425042383143618,""select_card_service_card"":0.023492371034148703,""select_treasure"":0.02542988617098571,""start_defense"":0.22281424073625575,""use_inventory_item"":0.09905546137079196}"
original_R0,9,37.10757088661194,,,0.033594045009108266,0.012537190444689867,0.04714580885518123,0.10945703185183332,0.004069935142213661,0.018856897402335617,0.34496996343574104,1.3287644386291504,False,4,86.29166666666667,0.9737687245358675,0.01898336029775879,0.0016616558628704619,2.0369849890913008,"{""build_tower"":0.21970062771607918,""confirm_card_service_selection"":0.02607436021245775,""continue"":0.13447609850313857,""discard_treasure"":0.0,""place_tower"":0.06977305649444712,""purchase_shop_item"":0.11323032351521005,""remove_tower"":0.0,""reroll"":0.0692901979719942,""select_card_service_card"":0.026798647996137133,""select_treasure"":0.02607436021245775,""start_defense"":0.21970062771607918,""use_inventory_item"":0.09488169966199904}"
original_R0,10,37.99886671702067,36.766435995697975,0.7141571193933487,0.06267269272027441,0.019723971028293145,0.07502311043855217,0.17288810369480262,0.007177465838544271,0.02581727436174535,0.4358603395521641,1.8142846822738647,False,4,93.27083333333333,0.9800594887398707,0.015128306074378392,-0.0004818571323994547,2.0931493375884727,"{""build_tower"":0.20795175340629887,""confirm_card_service_selection"":0.03305785123966942,""continue"":0.14094259548805002,""discard_treasure"":0.00022336385972749609,""place_tower"":0.07192316283225374,""purchase_shop_item"":0.11927630109448291,""remove_tower"":0.0,""reroll"":0.07035961581416127,""select_card_service_card"":0.03328121509939692,""select_treasure"":0.024346660710297074,""start_defense"":0.20795175340629887,""use_inventory_item"":0.09068572704936341}"
original_R0,11,37.12870208422343,,,0.09137778794196807,0.02378996753754708,0.08872715602902805,0.22318320878087772,0.006765668602450686,0.02886310773079886,0.3697084419648437,1.8481552600860596,False,4,86.35416666666667,0.9784686260721087,0.01773499183849815,0.004115274134913788,2.08173870002925,"{""build_tower"":0.21978287092882992,""confirm_card_service_selection"":0.022919179734620022,""continue"":0.14330518697225572,""discard_treasure"":0.0,""place_tower"":0.07117008443908324,""purchase_shop_item"":0.10904704463208685,""remove_tower"":0.0,""reroll"":0.07189384800965018,""select_card_service_card"":0.022919179734620022,""select_treasure"":0.0255729794933655,""start_defense"":0.21978287092882992,""use_inventory_item"":0.09360675512665863}"
original_R0,12,37.50004573663076,,,0.10055250013514595,0.02608190858641031,0.14012256867307074,0.30117398870426315,0.007882236019323793,0.030253480133764884,0.3504009053987615,0.7948771715164185,False,4,89.77083333333333,0.9844227789314312,0.015492837574771223,-0.0014321773128090974,2.1151116569348183,"{""build_tower"":0.21304246925040612,""confirm_card_service_selection"":0.027152471571130193,""continue"":0.14458110930610352,""discard_treasure"":0.00023207240659085636,""place_tower"":0.06776514272453005,""purchase_shop_item"":0.1174286377349733,""remove_tower"":0.0,""reroll"":0.06822928753771176,""select_card_service_card"":0.027384543977721047,""select_treasure"":0.025295892318403342,""start_defense"":0.21304246925040612,""use_inventory_item"":0.09584590392202368}"
original_R0,13,37.56609400113424,,,0.14876255402442712,0.026933421561910243,0.15523867802146604,0.41549618597199645,0.005497750076328349,0.03706369929782608,0.39857969066018567,0.9908043742179871,False,4,89.60416666666667,0.9804682000102544,0.01713700666475822,-0.0007853640435153947,2.12616112278599,"{""build_tower"":0.21367123924668682,""confirm_card_service_selection"":0.028132992327365727,""continue"":0.14089746570564984,""discard_treasure"":0.0,""place_tower"":0.06254359451290398,""purchase_shop_item"":0.11601953034178097,""remove_tower"":0.0,""reroll"":0.07719135084863984,""select_card_service_card"":0.028132992327365727,""select_treasure"":0.025110439432690073,""start_defense"":0.21367123924668682,""use_inventory_item"":0.09462915601023018}"
original_R0,14,36.886110266049705,,,0.17963104469139274,0.05183789369122048,0.18200396976488478,0.42251322660487195,0.014162706279902897,0.051727317054482067,0.44858401553595767,1.4261806011199951,True,4,88.70833333333333,0.9785084611132046,0.019138956195948756,0.0006488142603570048,2.076597761948094,"{""build_tower"":0.21324565523720057,""confirm_card_service_selection"":0.025129168623767028,""continue"":0.14795678722404884,""discard_treasure"":0.0,""place_tower"":0.07139502113668389,""purchase_shop_item"":0.11202442461249412,""remove_tower"":0.0,""reroll"":0.07350868952559887,""select_card_service_card"":0.025129168623767028,""select_treasure"":0.025129168623767028,""start_defense"":0.21324565523720057,""use_inventory_item"":0.09323626115547205}"
original_R0,15,38.890352169672646,37.67785783112049,1.6255789548158646,0.17545080334351193,0.03193568697100757,0.17966421838435861,0.4561398368443879,0.0029378534690446636,0.025466108073790867,0.3999889043884145,1.6352953910827637,False,4,94.97916666666667,0.9791367159800984,0.01799060324103468,-0.0022082917599214446,2.1080465650512386,"{""build_tower"":0.20815968414125904,""confirm_card_service_selection"":0.02939241061636324,""continue"":0.1474007457775828,""discard_treasure"":0.0,""place_tower"":0.06997148497477516,""purchase_shop_item"":0.11493748629085326,""remove_tower"":0.0,""reroll"":0.07677122175915771,""select_card_service_card"":0.029611756964246547,""select_treasure"":0.024566790962930466,""start_defense"":0.20815968414125904,""use_inventory_item"":0.09102873437157272}"
original_R0,16,38.1019561290741,,,0.18828589693990527,0.03811673670135393,0.20196791365742683,0.47404566966753653,0.0042849206575712945,0.03158072320123514,0.4482383090588782,1.3965184688568115,False,4,92.1875,0.9795817174341872,0.015221580681908462,0.0012211873965700054,2.180747779180101,"{""build_tower"":0.21107344632768363,""confirm_card_service_selection"":0.02666666666666667,""continue"":0.14169491525423727,""discard_treasure"":0.0,""place_tower"":0.06689265536723164,""purchase_shop_item"":0.12022598870056497,""remove_tower"":0.0,""reroll"":0.0711864406779661,""select_card_service_card"":0.02689265536723164,""select_treasure"":0.02418079096045198,""start_defense"":0.21107344632768363,""use_inventory_item"":0.10011299435028248}"
original_R0,17,37.83873116970062,,,0.19385436784793886,0.03685566534661379,0.18777829254995343,0.5714706184777123,0.003727873388714029,0.027452256944444444,0.3643899015711472,3.3194990158081055,False,4,90.6875,0.9805214105048219,0.017224488649541552,-0.0037451214674446317,2.12048147653516,"{""build_tower"":0.21226740179186768,""confirm_card_service_selection"":0.021364576154376293,""continue"":0.14151160119457845,""discard_treasure"":0.0,""place_tower"":0.06983689409602573,""purchase_shop_item"":0.10843096714909257,""remove_tower"":0.0,""reroll"":0.0923501033769814,""select_card_service_card"":0.022053756030323914,""select_treasure"":0.02504020215943028,""start_defense"":0.21226740179186768,""use_inventory_item"":0.09487709625545601}"
original_R0,18,37.42213980356852,,,0.1901893751382662,0.027524201870205284,0.19305368533564937,0.5267701331685574,0.0038918002309237133,0.022959471369783085,0.43811046787434155,1.1654877662658691,False,4,93.3125,0.9803002363916484,0.016799263035257656,-0.0012489532430966694,2.082093805420273,"{""build_tower"":0.20450993525340477,""confirm_card_service_selection"":0.03125697700379549,""continue"":0.13842375530252288,""discard_treasure"":0.00022326412145568208,""place_tower"":0.0685420852868944,""purchase_shop_item"":0.12145568207189104,""remove_tower"":0.0,""reroll"":0.08126814020986828,""select_card_service_card"":0.031926769368162536,""select_treasure"":0.022996204509935253,""start_defense"":0.20450993525340477,""use_inventory_item"":0.09488725161866488}"
original_R0,19,37.974902272224426,,,0.19694938234889123,0.031503892243341707,0.19826428892297876,0.6991511333954892,0.003420119273616567,0.022393487264505692,0.41028473898768425,1.2634172439575195,False,4,91.4375,0.9797609923789474,0.016953894765012793,-0.0031925624805606073,2.070858595554124,"{""build_tower"":0.21212121212121213,""confirm_card_service_selection"":0.028024606971975393,""continue"":0.14741398951925266,""discard_treasure"":0.0,""place_tower"":0.06425153793574846,""purchase_shop_item"":0.11118705855547961,""remove_tower"":0.0,""reroll"":0.08088402825244931,""select_card_service_card"":0.028252449305080883,""select_treasure"":0.025974025974025976,""start_defense"":0.21212121212121213,""use_inventory_item"":0.08976987924356346}"
original_R0,20,38.37181234359741,37.86163052916527,1.8093516528606415,0.20843499014663242,0.04495606543244872,0.19707138049933645,0.9124587941349748,0.0036836063947400057,0.028189094892392557,0.36187445579303634,2.073197603225708,False,4,92.45833333333333,0.9775318393143666,0.015891766227367852,0.0009915450161012511,2.034971241957167,"{""build_tower"":0.2118071203244705,""confirm_card_service_selection"":0.026137899954934655,""continue"":0.14623704371338442,""discard_treasure"":0.0002253267237494367,""place_tower"":0.06669671022983326,""purchase_shop_item"":0.10590356016223525,""remove_tower"":0.0,""reroll"":0.09418657052726453,""select_card_service_card"":0.02636322667868409,""select_treasure"":0.024560612888688597,""start_defense"":0.2118071203244705,""use_inventory_item"":0.08607480847228481}"
original_R0,21,38.819975177447,,,0.22323062364186153,0.0726303274917473,0.22218850725575498,0.7384001752758111,0.004860813782311436,0.04273627280551744,0.5556914180909333,1.4118720293045044,False,4,98.70833333333333,0.976329087966116,0.017722510401845762,0.0004870036653684158,2.05819230820471,"{""build_tower"":0.2000844238075137,""confirm_card_service_selection"":0.030392570704938792,""continue"":0.1639932460953989,""discard_treasure"":0.0,""place_tower"":0.06352891515407345,""purchase_shop_item"":0.11460531869987337,""remove_tower"":0.0,""reroll"":0.08315745040101309,""select_card_service_card"":0.031025749261291685,""select_treasure"":0.023638666103841282,""start_defense"":0.2000844238075137,""use_inventory_item"":0.089489235964542}"
original_R0,22,38.530495842297874,,,0.19938756960571632,0.051515997616498284,0.19550489634275436,0.5361407151828927,0.004433169995334336,0.029524461379171245,0.4684589992587765,1.0543941259384155,False,4,94.72916666666667,0.977170822483659,0.0159726892468623,-0.002070501158919392,1.9844956032912142,"{""build_tower"":0.20760941279964812,""confirm_card_service_selection"":0.027490653177919506,""continue"":0.15790631185396964,""discard_treasure"":0.00021992522542335605,""place_tower"":0.06421816582361997,""purchase_shop_item"":0.10930283703540797,""remove_tower"":0.0,""reroll"":0.08577083791510887,""select_card_service_card"":0.02793050362876622,""select_treasure"":0.024191774796569167,""start_defense"":0.20760941279964812,""use_inventory_item"":0.08775016494391907}"
original_R0,23,39.4446435769399,,,0.17070995260263325,0.03448788905797793,0.1795398059644197,0.6680818736924753,0.00608832762009115,0.02964759096013088,0.3469820020622329,1.0010167360305786,False,4,98.83333333333333,0.9794753116118148,0.016097771371469685,-0.0028832172729859225,2.1396110702492925,"{""build_tower"":0.20320404721753793,""confirm_card_service_selection"":0.030986509274873526,""continue"":0.14650084317032042,""discard_treasure"":0.0,""place_tower"":0.068929173693086,""purchase_shop_item"":0.1174114671163575,""remove_tower"":0.0,""reroll"":0.08220910623946037,""select_card_service_card"":0.031618887015177066,""select_treasure"":0.023608768971332208,""start_defense"":0.20320404721753793,""use_inventory_item"":0.09232715008431704}"
original_R0,24,37.70350595315298,,,0.2030618282541802,0.0536907228516071,0.21977930888533592,0.7327199445620924,0.006491927511888207,0.041342789928118386,0.4267462945232789,1.512943148612976,False,4,91.35416666666667,0.9800973145580717,0.015092431153688166,-0.0007241565488382346,2.094289411985004,"{""build_tower"":0.2104903078677309,""confirm_card_service_selection"":0.023033067274800458,""continue"":0.14618015963511974,""discard_treasure"":0.0,""place_tower"":0.0645381984036488,""purchase_shop_item"":0.11220068415051311,""remove_tower"":0.0,""reroll"":0.08962371721778792,""select_card_service_card"":0.023261117445838083,""select_treasure"":0.024629418472063853,""start_defense"":0.2104903078677309,""use_inventory_item"":0.09555302166476624}"
original_R0,25,38.3927104473114,38.2700055539608,2.2177266776561737,0.21434150647239192,0.03580328902468188,0.23562363319491086,0.8069081855073614,0.00538144581117338,0.038578424014543235,0.32335357573863704,0.6931982636451721,False,4,97.14583333333333,0.9819777069982153,0.014524015034303853,-0.0003774618817260489,2.0996052746365614,"{""build_tower"":0.20180141539781257,""confirm_card_service_selection"":0.03366931160197298,""continue"":0.14497104868110658,""discard_treasure"":0.0,""place_tower"":0.05768818357280721,""purchase_shop_item"":0.12159553935234828,""remove_tower"":0.0,""reroll"":0.08771177353634999,""select_card_service_card"":0.03409822003002359,""select_treasure"":0.0229466009007077,""start_defense"":0.20180141539781257,""use_inventory_item"":0.09371649152905855}"
original_R0,26,39.24256686369578,,,0.23299742933138842,0.035236043942570655,0.22404082409209675,0.9045932931127073,0.003439020074223562,0.02702349648138301,0.3303862576269441,0.6651978492736816,False,4,94.95833333333333,0.9782204448529261,0.01567938092112955,-0.0012428442067984077,2.063221237631192,"{""build_tower"":0.21039929793769196,""confirm_card_service_selection"":0.026107942079859586,""continue"":0.14129003949100483,""discard_treasure"":0.0,""place_tower"":0.060991663010092144,""purchase_shop_item"":0.11540149188240456,""remove_tower"":0.00021939447125932427,""reroll"":0.08973233874506363,""select_card_service_card"":0.026546731022378235,""select_treasure"":0.025010969723562967,""start_defense"":0.21039929793769196,""use_inventory_item"":0.09390083369899078}"
original_R0,27,39.27283958594004,,,0.21620759031561196,0.0339135103642962,0.218100524458446,0.9549878614092067,0.002259418881845034,0.022243923703698737,0.36614043187153966,0.9271752238273621,False,4,97.5,0.9775740698264942,0.017422988434861366,-0.004306378841743265,2.0951723630070433,"{""build_tower"":0.20534188034188033,""confirm_card_service_selection"":0.02329059829059829,""continue"":0.14807692307692308,""discard_treasure"":0.0,""place_tower"":0.06282051282051282,""purchase_shop_item"":0.11388888888888889,""remove_tower"":0.000641025641025641,""reroll"":0.0967948717948718,""select_card_service_card"":0.023717948717948717,""select_treasure"":0.024786324786324785,""start_defense"":0.20534188034188033,""use_inventory_item"":0.0952991452991453}"
original_R0,28,37.417062640190125,,,0.24218431419515127,0.035297482705056824,0.26122819839252365,1.3586275273047501,0.002821246969618743,0.029881412370337382,0.3595935048328506,0.7710208892822266,False,4,91.3125,0.9787606953420345,0.016443956332902115,0.00036625218732903403,2.150193330676499,"{""build_tower"":0.2080766598220397,""confirm_card_service_selection"":0.025781428245493954,""continue"":0.14396532055669634,""discard_treasure"":0.0,""place_tower"":0.06593657312343144,""purchase_shop_item"":0.10768879762719598,""remove_tower"":0.0009126169290440338,""reroll"":0.09924709103353867,""select_card_service_card"":0.026465890942276978,""select_treasure"":0.024184348619666896,""start_defense"":0.2080766598220397,""use_inventory_item"":0.08966461327857632}"
original_R0,29,39.852139711380005,,,0.3017024926973279,0.06675787440393335,0.3283836937656528,1.4787767488362389,0.006115384300420901,0.03786533024456156,0.4060193068887058,1.4745581150054932,False,4,99.70833333333333,0.9758539718399883,0.019902223941722984,-0.0015281425899286803,2.080890182768821,"{""build_tower"":0.20351023819473466,""confirm_card_service_selection"":0.024028416213957376,""continue"":0.15022983702465526,""discard_treasure"":0.0,""place_tower"":0.059757626410363564,""purchase_shop_item"":0.11554534057668199,""remove_tower"":0.0006268282490597576,""reroll"":0.09757626410363561,""select_card_service_card"":0.02423735896364396,""select_treasure"":0.023401587964897618,""start_defense"":0.20351023819473466,""use_inventory_item"":0.09757626410363561}"
original_R0,30,39.5781040986379,38.42534226179123,2.373063385486603,0.34165513933969094,0.08152029467778686,0.34240133942742096,1.330638670669275,0.003847428319790867,0.036012108584767895,0.40546361905963796,0.9098228216171265,False,4,100.60416666666667,0.9768377771700731,0.02000734804345197,-0.0016509809555779946,2.1588577028428744,"{""build_tower"":0.20024849865396563,""confirm_card_service_selection"":0.02816318078277076,""continue"":0.14847794574446055,""discard_treasure"":0.0002070822116380203,""place_tower"":0.06564506108925243,""purchase_shop_item"":0.1153447918823773,""remove_tower"":0.0010354110581901014,""reroll"":0.09712155725823152,""select_card_service_card"":0.02837026299440878,""select_treasure"":0.02319320770345827,""start_defense"":0.20024849865396563,""use_inventory_item"":0.09194450196728102}"
original_R0,31,39.197052001953125,,,0.3145237832900155,0.0753245504450947,0.3091944695303315,1.2522473203715154,0.003181342877406965,0.02809024518845897,0.3655113462162645,0.6774314641952515,False,4,99.5,0.9796946927343485,0.018137286539728705,-0.0016005352004676272,2.131203041237996,"{""build_tower"":0.20037688442211055,""confirm_card_service_selection"":0.024706867671691793,""continue"":0.14824120603015076,""discard_treasure"":0.00020938023450586265,""place_tower"":0.06511725293132328,""purchase_shop_item"":0.12060301507537688,""remove_tower"":0.000628140703517588,""reroll"":0.08940536013400335,""select_card_service_card"":0.024706867671691793,""select_treasure"":0.02365996649916248,""start_defense"":0.20037688442211055,""use_inventory_item"":0.10196817420435511}"
original_R0,32,39.468812783559166,,,0.314046012005675,0.07528290273883198,0.32248342743045405,1.549424820300506,0.0047834032933271944,0.028905803092608328,0.3943290682999711,1.4501367807388306,False,4,96.47916666666667,0.97503869574036,0.02056124915466889,-0.0011604321281131554,2.1520003130467606,"{""build_tower"":0.2092420643489527,""confirm_card_service_selection"":0.025264521701576333,""continue"":0.15137119412653854,""discard_treasure"":0.0,""place_tower"":0.06218959188080328,""purchase_shop_item"":0.11163895486935867,""remove_tower"":0.0004318721658389117,""reroll"":0.08853379399697689,""select_card_service_card"":0.025696393867415245,""select_treasure"":0.02440077736989851,""start_defense"":0.2092420643489527,""use_inventory_item"":0.09198877132368818}"
original_R0,33,39.228089570999146,,,0.3429467726861439,0.09056228452979025,0.35949535118906123,1.9163025418107629,0.004126807166202477,0.03711965464447674,0.40336469874570247,1.0882771015167236,False,4,98.08333333333333,0.977651276683578,0.01790560120226521,-7.243316596079814e-05,2.178493437383359,"{""build_tower"":0.20327102803738317,""confirm_card_service_selection"":0.021665250637213255,""continue"":0.15208156329651656,""discard_treasure"":0.0,""place_tower"":0.06393372982158028,""purchase_shop_item"":0.11363636363636363,""remove_tower"":0.0016992353440951572,""reroll"":0.0951571792693288,""select_card_service_card"":0.02187765505522515,""select_treasure"":0.024851316907391674,""start_defense"":0.20327102803738317,""use_inventory_item"":0.09855564995751911}"
original_R0,34,38.976079185803734,,,0.37096529225873426,0.11337458738470524,0.40050723991895976,2.5394946913916345,0.007942967635172911,0.04563231004009906,0.3742262501465647,0.8131341934204102,False,4,97.875,0.9707625103332339,0.022084947111771294,-0.003535511964736016,2.176510690966373,"{""build_tower"":0.20263942103022564,""confirm_card_service_selection"":0.02064708386547467,""continue"":0.14644529587058322,""discard_treasure"":0.0,""place_tower"":0.06236696466581524,""purchase_shop_item"":0.11749680715197956,""remove_tower"":0.004895700297999148,""reroll"":0.09578544061302682,""select_card_service_card"":0.020859940400170286,""select_treasure"":0.02362707535121328,""start_defense"":0.20263942103022564,""use_inventory_item"":0.1025968497232865}"
original_R0,35,38.51838107903799,39.36751875281334,3.3152398765087128,0.4188749242465864,0.14485470109741733,0.4230169320577069,2.238143449298783,0.013745069527131866,0.0540868335305468,0.4572049795012725,1.5645281076431274,False,4,98.79166666666667,0.9773587981754853,0.019090889793771663,0.0008862429531291127,2.234077886272126,"{""build_tower"":0.19865035849852383,""confirm_card_service_selection"":0.02446225221425559,""continue"":0.14972585407001265,""discard_treasure"":0.00042176296921130323,""place_tower"":0.0714888232813159,""purchase_shop_item"":0.11619569801771404,""remove_tower"":0.0063264445381695485,""reroll"":0.08941374947279629,""select_card_service_card"":0.02467313369886124,""select_treasure"":0.024251370729649935,""start_defense"":0.19865035849852383,""use_inventory_item"":0.09574019401096584}"
original_R0,36,40.774748047192894,,,0.41876182673603113,0.13399629408802394,0.45009030736982825,2.697193384649676,0.004828148192166282,0.05429817703552544,0.46200691517442466,0.7474499344825745,False,4,104.45833333333333,0.9783933009311626,0.018477237748447804,-0.004702773329336196,2.2002760399553494,"{""build_tower"":0.19824491424012763,""confirm_card_service_selection"":0.025927403270841642,""continue"":0.1523733546071001,""discard_treasure"":0.0,""place_tower"":0.06142800159553251,""purchase_shop_item"":0.11687275628240926,""remove_tower"":0.0005983246908655763,""reroll"":0.10091743119266056,""select_card_service_card"":0.0261268448344635,""select_treasure"":0.023334662943757477,""start_defense"":0.19824491424012763,""use_inventory_item"":0.09593139210211409}"
original_R0,37,38.882039388020836,,,0.4559047161077555,0.13417695143989786,0.4456912157566924,2.9857684728502463,0.004423068618387716,0.04142544465139508,0.4593191015485086,1.0355104207992554,False,4,100.70833333333333,0.9759884370253646,0.01997900233407946,-0.0033772134614226067,2.2683220075718507,"{""build_tower"":0.1969383533305751,""confirm_card_service_selection"":0.02627223831195697,""continue"":0.15411667356226727,""discard_treasure"":0.0,""place_tower"":0.0618535374431113,""purchase_shop_item"":0.1135705419942077,""remove_tower"":0.0018618121638394704,""reroll"":0.1063301613570542,""select_card_service_card"":0.026685974348365744,""select_treasure"":0.022755482002482418,""start_defense"":0.1969383533305751,""use_inventory_item"":0.09267687215556475}"
original_R0,38,37.58069137732188,,,0.4998028921911251,0.15266536572908712,0.5151608772575855,3.359727139342502,0.003939020849600183,0.04706060397438705,0.4403040086229642,0.9140220880508423,False,4,95.02083333333333,0.9802882366371318,0.017386016410051122,-0.00287803545102684,2.238524108261811,"{""build_tower"":0.20258715194036395,""confirm_card_service_selection"":0.021925016443762334,""continue"":0.1615873711905284,""discard_treasure"":0.0,""place_tower"":0.06511729883797412,""purchase_shop_item"":0.10502082876562158,""remove_tower"":0.0030695023021267264,""reroll"":0.10282832712124534,""select_card_service_card"":0.022144266608199955,""select_treasure"":0.02324051743038807,""start_defense"":0.20258715194036395,""use_inventory_item"":0.08989256741942557}"
original_R0,39,39.14299166202545,,,0.5200719700666833,0.16796465650313103,0.5420157564313788,3.5827003905137964,0.0040727903486449096,0.04633595995408924,0.4359779463786828,0.797229528427124,False,4,100.1875,0.9792858393546929,0.017935224490142183,-0.004675207984339642,2.185221964620824,"{""build_tower"":0.19900187149095447,""confirm_card_service_selection"":0.025577043044291953,""continue"":0.1617799958411312,""discard_treasure"":0.0004158868787689748,""place_tower"":0.061759201497192766,""purchase_shop_item"":0.10563526720731961,""remove_tower"":0.0037429819089207735,""reroll"":0.10605115408608859,""select_card_service_card"":0.02661676024121439,""select_treasure"":0.023289665211062592,""start_defense"":0.19900187149095447,""use_inventory_item"":0.08712830110210022}"
original_R0,40,39.600422978401184,39.56607487797737,3.5137960016727448,0.53503467887994,0.16170307061974623,0.5324591841352614,3.477367024052064,0.0052980999689799845,0.06004350083438974,0.4264456672888053,1.105631947517395,False,4,101.25,0.9793007044917907,0.016011868713815745,-0.00402416312135756,2.110326902189296,"{""build_tower"":0.1991769547325103,""confirm_card_service_selection"":0.021810699588477367,""continue"":0.15905349794238682,""discard_treasure"":0.0008230452674897119,""place_tower"":0.06275720164609054,""purchase_shop_item"":0.11008230452674897,""remove_tower"":0.003909465020576132,""reroll"":0.10534979423868313,""select_card_service_card"":0.022016460905349793,""select_treasure"":0.02345679012345679,""start_defense"":0.1991769547325103,""use_inventory_item"":0.09238683127572017}"
original_R1,1,36.654237588246666,,,0.01468966067511483,0.00021439046633008697,0.016838961817484233,0.002298681125876852,0.0015882262737915709,0.008573281651479192,0.10591542815654977,0.4623092710971832,False,4,84.125,0.9712494624145394,0.025413946437765844,-0.0009743386690388434,2.088177829656571,"{""build_tower"":0.2226349678058445,""confirm_card_service_selection"":0.025507677067855377,""continue"":0.1436354631005448,""discard_treasure"":0.0,""place_tower"":0.07478949975235265,""purchase_shop_item"":0.10549777117384844,""remove_tower"":0.0,""reroll"":0.06537890044576523,""select_card_service_card"":0.02575532441802873,""select_treasure"":0.02526002971768202,""start_defense"":0.2226349678058445,""use_inventory_item"":0.08890539871223378}"
original_R1,2,36.56426246960958,,,0.013814962593186111,0.0007081719012455067,0.01967743176775163,0.008338017090985337,0.0013118939267855849,0.007582720588235294,0.16177594343967297,0.5928698182106018,False,4,86.0,0.975537220823958,0.02134266818928368,0.004640615805435707,2.09586126774517,"{""build_tower"":0.21729651162790695,""confirm_card_service_selection"":0.02567829457364341,""continue"":0.1383236434108527,""discard_treasure"":0.0,""place_tower"":0.07073643410852713,""purchase_shop_item"":0.11385658914728682,""remove_tower"":0.0,""reroll"":0.0692829457364341,""select_card_service_card"":0.02640503875968992,""select_treasure"":0.0249515503875969,""start_defense"":0.21729651162790695,""use_inventory_item"":0.09617248062015504}"
original_R1,3,36.86703745524088,,,0.018209125560673486,0.0027120525941656706,0.029144753958783385,0.026405606474112418,0.009092141466130035,0.017381171257618594,0.31348873242078457,2.4223361015319824,False,4,85.77083333333333,0.9783419112783548,0.018146585234824347,-0.002091535651261973,2.0792422414537204,"{""build_tower"":0.21957736215691037,""confirm_card_service_selection"":0.026718484333252367,""continue"":0.14160796696623756,""discard_treasure"":0.0,""place_tower"":0.06776779208161282,""purchase_shop_item"":0.11391790138450328,""remove_tower"":0.0,""reroll"":0.0638814670876852,""select_card_service_card"":0.02720427495749332,""select_treasure"":0.025504007772649988,""start_defense"":0.21957736215691037,""use_inventory_item"":0.09424338110274472}"
original_R1,4,38.23802908261617,,,0.02641480139510764,0.012185703554577236,0.026041911873856887,0.045046340372232506,0.00729288212267634,0.013157401932403444,0.3057149867253268,1.6682738065719604,False,4,90.0625,0.9752499000685582,0.01931165553191129,0.0003103656486286234,2.053248159222868,"{""build_tower"":0.21697894980337729,""confirm_card_service_selection"":0.027527180198935925,""continue"":0.14596345130696275,""discard_treasure"":0.0,""place_tower"":0.0698588942863752,""purchase_shop_item"":0.11427249595188528,""remove_tower"":0.0,""reroll"":0.06222530650011566,""select_card_service_card"":0.027527180198935925,""select_treasure"":0.025213971778857276,""start_defense"":0.21697894980337729,""use_inventory_item"":0.09345362017117742}"
original_R1,5,37.32388957341512,36.36553980410099,0.31326092779636383,0.03467823181861103,0.015568728895184496,0.037978460847893185,0.056259870800496936,0.005251510195889483,0.020981633487869713,0.3458443864741746,1.213941216468811,False,4,88.35416666666667,0.978760116212372,0.018566776998341084,-0.0004026433316004627,2.069177843377335,"{""build_tower"":0.2155152086771988,""confirm_card_service_selection"":0.028531006838009906,""continue"":0.14595614241924074,""discard_treasure"":0.0,""place_tower"":0.07073803348266919,""purchase_shop_item"":0.1110587125677906,""remove_tower"":0.0,""reroll"":0.06767271869842019,""select_card_service_card"":0.028766800282952133,""select_treasure"":0.025937278943645368,""start_defense"":0.2155152086771988,""use_inventory_item"":0.09030888941287432}"
original_R1,6,36.7258977095286,,,0.03082453323585137,0.014498915636953104,0.0338329536607489,0.07635474615295419,0.0013286093798079435,0.009578893681464251,0.278484612936154,0.6580061912536621,False,4,84.20833333333333,0.9811806303127202,0.015455259592272341,-0.0005512612260645255,2.08560956559314,"{""build_tower"":0.22290945076694704,""confirm_card_service_selection"":0.025235032162295893,""continue"":0.1442355269668481,""discard_treasure"":0.0,""place_tower"":0.06704601682335477,""purchase_shop_item"":0.10588817417120237,""remove_tower"":0.0,""reroll"":0.07050964868876794,""select_card_service_card"":0.025235032162295893,""select_treasure"":0.026224641266699655,""start_defense"":0.22290945076694704,""use_inventory_item"":0.08980702622464126}"
original_R1,7,37.65098758538564,,,0.0429511260455187,0.02315238392371446,0.04457057456431143,0.1310903581310338,0.001572986750161095,0.01695641886908561,0.31578873158158627,0.9371038675308228,False,4,89.5625,0.9745409023923447,0.0204637195531498,-0.002050087390029255,2.0472613782319713,"{""build_tower"":0.2147010932775064,""confirm_card_service_selection"":0.02698301930681554,""continue"":0.1423586880669923,""discard_treasure"":0.0,""place_tower"":0.07141195626889975,""purchase_shop_item"":0.11188648522912305,""remove_tower"":0.0,""reroll"":0.0732728541521284,""select_card_service_card"":0.027913468248429867,""select_treasure"":0.02512212142358688,""start_defense"":0.2147010932775064,""use_inventory_item"":0.0916492207490114}"
original_R1,8,37.86721650759379,,,0.04832167537204363,0.02855687967668734,0.053531815517036355,0.12696484549889192,0.002086462484525702,0.011216265375397223,0.32274376957074685,0.9405955672264099,False,4,89.125,0.9778097950649536,0.018459625829778174,-0.0016684185658745905,2.0838246058669183,"{""build_tower"":0.21669004207573633,""confirm_card_service_selection"":0.025245441795231416,""continue"":0.135343618513324,""discard_treasure"":0.0,""place_tower"":0.06965871902758299,""purchase_shop_item"":0.11126694717157551,""remove_tower"":0.0,""reroll"":0.0822814399251987,""select_card_service_card"":0.025245441795231416,""select_treasure"":0.025479195885928004,""start_defense"":0.21669004207573633,""use_inventory_item"":0.09209911173445536}"
original_R1,9,38.73742711544037,,,0.056609226077371885,0.029796317356141463,0.07447641818887657,0.448653970305788,0.009694403729251158,0.02944125201449626,0.34956299001351,1.1134494543075562,False,4,93.1875,0.9707676968754171,0.019767736912601523,-0.0028128216767476667,2.1431250199925413,"{""build_tower"":0.2123854236530293,""confirm_card_service_selection"":0.03219315895372234,""continue"":0.14241001564945227,""discard_treasure"":0.000223563603845294,""place_tower"":0.06572769953051644,""purchase_shop_item"":0.11759445562262463,""remove_tower"":0.0,""reroll"":0.06975184439973173,""select_card_service_card"":0.03264028616141292,""select_treasure"":0.025486250838363516,""start_defense"":0.2123854236530293,""use_inventory_item"":0.0892018779342723}"
original_R1,10,37.50955851872762,36.40330468118191,0.3510258048772812,0.11017355703124025,0.08254337247365202,0.11497633268727976,0.9124999533585015,0.004715223421204856,0.030399521607357788,0.4623561013928231,1.2170480489730835,False,4,89.39583333333333,0.9730960744132344,0.02254986124770606,7.34394758611041e-05,2.124444349908316,"{""build_tower"":0.21416919133069215,""confirm_card_service_selection"":0.02726637147518061,""continue"":0.16196690748077372,""discard_treasure"":0.0,""place_tower"":0.06338848753204382,""purchase_shop_item"":0.10533675134001398,""remove_tower"":0.0,""reroll"":0.07597296667443486,""select_card_service_card"":0.02749941738522489,""select_treasure"":0.02540200419482638,""start_defense"":0.21416919133069215,""use_inventory_item"":0.08482871125611746}"
original_R1,11,37.77285615603129,,,0.14912415508904334,0.12613131136717698,0.1584540241294437,1.3618645137205925,0.007566805348788976,0.042855592793785036,0.5163515775154034,1.286825180053711,False,4,92.125,0.9723661553045839,0.024670277515219316,0.001296286652278569,2.1232212554273366,"{""build_tower"":0.208955223880597,""confirm_card_service_selection"":0.026232473993668022,""continue"":0.17390321121664407,""discard_treasure"":0.0002261420171867933,""place_tower"":0.0707824513794663,""purchase_shop_item"":0.10379918588873813,""remove_tower"":0.0,""reroll"":0.0741745816372682,""select_card_service_card"":0.026232473993668022,""select_treasure"":0.024423337856173677,""start_defense"":0.208955223880597,""use_inventory_item"":0.08231569425599276}"
original_R1,12,37.553102254867554,,,0.17548651868332948,0.1540471946215612,0.1786477580252621,2.0345995619371595,0.004621354887730276,0.05189518828410655,0.5216081850230694,1.4224159717559814,False,4,95.20833333333333,0.9829365391893499,0.014754361343673535,-0.00041914803700314625,2.0342256601080626,"{""build_tower"":0.20087527352297593,""confirm_card_service_selection"":0.027133479212253828,""continue"":0.2024070021881838,""discard_treasure"":0.0,""place_tower"":0.060831509846827135,""purchase_shop_item"":0.10109409190371992,""remove_tower"":0.0,""reroll"":0.075054704595186,""select_card_service_card"":0.027789934354485776,""select_treasure"":0.023194748358862146,""start_defense"":0.20087527352297593,""use_inventory_item"":0.08074398249452953}"
original_R1,13,37.80244171619415,,,0.1975460818923172,0.17127256630455104,0.1990398715250194,2.9128379121325594,0.004303127219753833,0.04084821436554194,0.5953778322786093,2.851992130279541,False,4,101.625,0.9807242205371743,0.015645850903820247,0.009332010697107762,1.9824902373096855,"{""build_tower"":0.18942189421894218,""confirm_card_service_selection"":0.027470274702747027,""continue"":0.22837228372283722,""discard_treasure"":0.0,""place_tower"":0.05740057400574006,""purchase_shop_item"":0.1008610086100861,""remove_tower"":0.0002050020500205002,""reroll"":0.07872078720787208,""select_card_service_card"":0.02788027880278803,""select_treasure"":0.022550225502255022,""start_defense"":0.18942189421894218,""use_inventory_item"":0.07769577695776958}"
original_R1,14,38.800395806630455,,,0.21443449842978163,0.18381151893075118,0.21576222574168985,3.555826696786109,0.0034946615712870125,0.037145151301625774,0.4559257502921603,1.9199450016021729,False,4,113.39583333333333,0.9779399235262415,0.016514588369649242,0.0011064741464162414,1.930013482410809,"{""build_tower"":0.17453610141466103,""confirm_card_service_selection"":0.027190887378284033,""continue"":0.28476942862392063,""discard_treasure"":0.0,""place_tower"":0.05640271908873783,""purchase_shop_item"":0.09039132831159287,""remove_tower"":0.0009186110600771634,""reroll"":0.07587727356237368,""select_card_service_card"":0.027374609590299467,""select_treasure"":0.020209443321697593,""start_defense"":0.17453610141466103,""use_inventory_item"":0.06779349623369466}"
original_R1,15,39.930206418037415,32.751300886273384,-3.3009779900312424,0.20741774205208405,0.1714912313841217,0.1994350181723183,3.8340295480588003,0.0046110533954891834,0.04260377213358879,0.49323278767141426,1.0723851919174194,False,4,115.0,0.9750288311176407,0.01757513650227338,-0.0019300493030724201,1.8905608017213535,"{""build_tower"":0.17681159420289855,""confirm_card_service_selection"":0.02753623188405797,""continue"":0.2668478260869565,""discard_treasure"":0.00018115942028985507,""place_tower"":0.05543478260869565,""purchase_shop_item"":0.09746376811594203,""remove_tower"":0.0,""reroll"":0.07771739130434782,""select_card_service_card"":0.02789855072463768,""select_treasure"":0.02010869565217391,""start_defense"":0.17681159420289855,""use_inventory_item"":0.07318840579710145}"
original_R1,16,39.14875849088033,,,0.20826599052579822,0.1739922205989232,0.21264373413894488,4.50443180916167,0.003853184446202447,0.035306395719880646,0.5022911939608015,1.1538324356079102,False,4,120.20833333333333,0.9806089270313617,0.014453983339278595,0.0005038802704328428,2.016448808660282,"{""build_tower"":0.16655112651646448,""confirm_card_service_selection"":0.030675909878682843,""continue"":0.2944540727902946,""discard_treasure"":0.0003466204506065858,""place_tower"":0.048873483535528596,""purchase_shop_item"":0.09584055459272096,""remove_tower"":0.0005199306759098787,""reroll"":0.0779896013864818,""select_card_service_card"":0.03102253032928943,""select_treasure"":0.01993067590987868,""start_defense"":0.16655112651646448,""use_inventory_item"":0.06724436741767764}"
original_R1,17,36.83531669775645,,,0.20221904855665715,0.1683778306506803,0.20927440694400243,4.660479106800354,0.003849439050642088,0.028964358160183543,0.43263890594244003,1.0976450443267822,False,4,111.375,0.9821961182647398,0.015222803157355105,-0.002060535746360464,1.9670297837291113,"{""build_tower"":0.16965955854844744,""confirm_card_service_selection"":0.02450430228208006,""continue"":0.30209502431724655,""discard_treasure"":0.00018705574261129816,""place_tower"":0.05387205387205387,""purchase_shop_item"":0.08361391694725027,""remove_tower"":0.0024317246539468764,""reroll"":0.08716797605686495,""select_card_service_card"":0.025065469509913955,""select_treasure"":0.01945379723157501,""start_defense"":0.16965955854844744,""use_inventory_item"":0.06228956228956229}"
original_R1,18,37.67547480265299,,,0.2151458172467818,0.17325024630733202,0.21379620120638892,4.194179202920809,0.002740897709719277,0.032564532943069935,0.47509081564134076,1.341518521308899,False,4,111.95833333333333,0.9846624200996879,0.013454296482017352,-0.0006643238067183466,1.9650236097069829,"{""build_tower"":0.1717528842575363,""confirm_card_service_selection"":0.027353926311871977,""continue"":0.28340156308150355,""discard_treasure"":0.0005582433941198362,""place_tower"":0.049869743208038705,""purchase_shop_item"":0.08838853740230741,""remove_tower"":0.0005582433941198362,""reroll"":0.09601786378861184,""select_card_service_card"":0.027726088574618533,""select_treasure"":0.019910681056940827,""start_defense"":0.1717528842575363,""use_inventory_item"":0.06270934127279494}"
original_R1,19,38.811498045921326,,,0.2013457339872716,0.16283961504115294,0.21265459230000322,4.15977655031136,0.003310187806248295,0.046087704387239435,0.4590558238666166,1.0009773969650269,False,4,115.39583333333333,0.9825006631010409,0.01583800362211398,-0.001688509359320795,1.9793411381324102,"{""build_tower"":0.17187217909369923,""confirm_card_service_selection"":0.029066618523199132,""continue"":0.2821808990792562,""discard_treasure"":0.00018053800324968405,""place_tower"":0.05018956490341217,""purchase_shop_item"":0.09081061563459109,""remove_tower"":0.0005416140097490522,""reroll"":0.09081061563459109,""select_card_service_card"":0.029066618523199132,""select_treasure"":0.020220256363964614,""start_defense"":0.17187217909369923,""use_inventory_item"":0.06318830113738942}"
original_R1,20,39.3984645207723,32.746359437704086,-3.30591943860054,0.2242911872584108,0.1858180601855069,0.24411076229686537,5.5927080319590265,0.008411226048186374,0.04204837860500751,0.4437296932252745,1.2766053676605225,False,4,124.41666666666667,0.9808202771005153,0.01374781085178256,-0.00200407992330535,1.899650343449266,"{""build_tower"":0.1615874079035499,""confirm_card_service_selection"":0.024447421299397188,""continue"":0.31078365706630945,""discard_treasure"":0.00016744809109176155,""place_tower"":0.049062290689886136,""purchase_shop_item"":0.08975217682518419,""remove_tower"":0.0008372404554588078,""reroll"":0.09125920964501005,""select_card_service_card"":0.024614869390488948,""select_treasure"":0.019256530475552577,""start_defense"":0.1615874079035499,""use_inventory_item"":0.0666443402545211}"
original_R1,21,39.35202717781067,,,0.2685674042839111,0.2251049374227685,0.2830291277108093,5.4743031444869885,0.007310047219903026,0.05432128914011022,0.5298571268407007,1.160441517829895,False,4,123.25,0.9775419277083097,0.016467105563303146,-0.004835320224325794,2.044324895217788,"{""build_tower"":0.162947937795808,""confirm_card_service_selection"":0.024171737660581474,""continue"":0.3002028397565923,""discard_treasure"":0.0,""place_tower"":0.04614604462474645,""purchase_shop_item"":0.08755916159567276,""remove_tower"":0.015889114266396213,""reroll"":0.08992562542258282,""select_card_service_card"":0.02434077079107505,""select_treasure"":0.018762677484787018,""start_defense"":0.162947937795808,""use_inventory_item"":0.06710615280594996}"
original_R1,22,39.222739696502686,,,0.2529915539496262,0.21462224625441348,0.24363724452753863,5.452540328039126,0.0037933607703735106,0.030512927856761962,0.4846833599731326,1.827852487564087,False,4,123.39583333333333,0.9791010568619193,0.016661665576975793,0.0041662857014064985,1.9378475470843572,"{""build_tower"":0.1619111936518656,""confirm_card_service_selection"":0.024987337497889582,""continue"":0.30896505149417525,""discard_treasure"":0.0006753334458889077,""place_tower"":0.048455174742529125,""purchase_shop_item"":0.08678034779672464,""remove_tower"":0.007597501266250211,""reroll"":0.08914401485733581,""select_card_service_card"":0.02515617085936181,""select_treasure"":0.018402836400472734,""start_defense"":0.1619111936518656,""use_inventory_item"":0.06601384433564073}"
original_R1,23,38.99542470773061,,,0.24790768122440088,0.20484433908922076,0.2535066697746515,4.998615314784954,0.003735729798884015,0.02804457462413914,0.448565090413798,1.180235743522644,False,4,116.22916666666667,0.9763514927845661,0.01708029011603106,-0.0022149393493732946,2.0343960313809872,"{""build_tower"":0.17099838680767163,""confirm_card_service_selection"":0.023301666965405986,""continue"":0.2677899265101273,""discard_treasure"":0.0005377307761247536,""place_tower"":0.05144291091593475,""purchase_shop_item"":0.08782936010037641,""remove_tower"":0.010575371930453487,""reroll"":0.10503674493636853,""select_card_service_card"":0.02348091055744757,""select_treasure"":0.019716795124574298,""start_defense"":0.17099838680767163,""use_inventory_item"":0.0682918085678437}"
original_R1,24,39.21852695941925,,,0.23911214833627487,0.19758084825441136,0.24709634194997224,4.813812592636483,0.0038507122057829042,0.03340561271496964,0.46682957136495545,0.993628740310669,False,4,116.5625,0.9796704213765574,0.017620961901477793,-0.0017732619202103126,2.099200108014813,"{""build_tower"":0.17193923145665774,""confirm_card_service_selection"":0.02609472743521001,""continue"":0.25058087578194815,""discard_treasure"":0.0012511170688114387,""place_tower"":0.050223413762287755,""purchase_shop_item"":0.09097408400357462,""remove_tower"":0.009294012511170688,""reroll"":0.11206434316353887,""select_card_service_card"":0.026630920464700624,""select_treasure"":0.020732797140303842,""start_defense"":0.17193923145665774,""use_inventory_item"":0.06827524575513852}"
original_R1,25,38.66624983151754,34.73116862773895,-1.3211102485656738,0.2576092710933626,0.20732824262643199,0.26265766251493583,4.555095123974597,0.00680666507655174,0.03848544034090909,0.4933217630128969,1.4957903623580933,False,4,117.33333333333333,0.9824939748084418,0.015193546286106786,-0.0009108651164834472,2.0795244731072504,"{""build_tower"":0.16761363636363635,""confirm_card_service_selection"":0.02752130681818182,""continue"":0.23117897727272727,""discard_treasure"":0.0007102272727272727,""place_tower"":0.052911931818181816,""purchase_shop_item"":0.10085227272727272,""remove_tower"":0.014026988636363636,""reroll"":0.11416903409090909,""select_card_service_card"":0.028053977272727272,""select_treasure"":0.020774147727272728,""start_defense"":0.16761363636363635,""use_inventory_item"":0.07457386363636363}"
original_R1,26,37.65932710965475,,,0.24619936938766357,0.19799191046707532,0.2444389576003665,5.571215378428593,0.00494420249599768,0.04151052748784423,0.4796150999055022,0.9735319018363953,False,4,109.8125,0.9805991724962704,0.01580330273801727,-0.003612605023330876,2.0430776136262074,"{""build_tower"":0.17510908745968506,""confirm_card_service_selection"":0.024473534433693798,""continue"":0.23392145702902675,""discard_treasure"":0.0005691519635742744,""place_tower"":0.05312084993359894,""purchase_shop_item"":0.09201290077784102,""remove_tower"":0.012521343198634035,""reroll"":0.11648643521153482,""select_card_service_card"":0.02466325175488522,""select_treasure"":0.020489470688673878,""start_defense"":0.17510908745968506,""use_inventory_item"":0.07152343008916714}"
original_R1,27,38.83531673749288,,,0.26969467259051577,0.2214523457821858,0.2815459840323614,6.674390200656005,0.005333320301603002,0.03965692934782609,0.5081746770959833,1.5727834701538086,False,4,122.66666666666667,0.9779734539789275,0.01777630136348307,-0.00047647512173685044,1.927555455486151,"{""build_tower"":0.16168478260869565,""confirm_card_service_selection"":0.022758152173913044,""continue"":0.28413722826086957,""discard_treasure"":0.00033967391304347825,""place_tower"":0.04619565217391304,""purchase_shop_item"":0.08644701086956522,""remove_tower"":0.021229619565217392,""reroll"":0.10750679347826086,""select_card_service_card"":0.022758152173913044,""select_treasure"":0.019021739130434784,""start_defense"":0.16168478260869565,""use_inventory_item"":0.06623641304347826}"
original_R1,28,39.60480189323425,,,0.2785675467862726,0.22450112339883305,0.29082565495501395,6.688193049107528,0.002918041994435142,0.023438340771700376,0.4850383279440196,1.420883059501648,False,4,121.54166666666667,0.9762078060320907,0.020691908663138747,-0.0013243264883108761,2.0202123177089986,"{""build_tower"":0.1659238944120672,""confirm_card_service_selection"":0.020911895783339046,""continue"":0.259513198491601,""discard_treasure"":0.00034281796366129587,""place_tower"":0.048165923894412065,""purchase_shop_item"":0.0901611244429208,""remove_tower"":0.02314021254713747,""reroll"":0.11364415495371957,""select_card_service_card"":0.02125471374700034,""select_treasure"":0.019369214946863215,""start_defense"":0.1659238944120672,""use_inventory_item"":0.07164895440521084}"
original_R1,29,38.874450167020164,,,0.3165556914396037,0.24343133166605813,0.3409677157583444,7.6896947130698425,0.009652552151425445,0.06699517944260784,0.6100293718602346,1.4534226655960083,False,4,121.35416666666667,0.9724737209666275,0.02172023147020651,-0.005204571917167176,2.0927337706933207,"{""build_tower"":0.16360515021459227,""confirm_card_service_selection"":0.022145922746781115,""continue"":0.2563090128755365,""discard_treasure"":0.0005150214592274678,""place_tower"":0.049270386266094424,""purchase_shop_item"":0.08892703862660944,""remove_tower"":0.03656652360515021,""reroll"":0.10781115879828326,""select_card_service_card"":0.022489270386266094,""select_treasure"":0.019399141630901288,""start_defense"":0.16360515021459227,""use_inventory_item"":0.06935622317596567}"
original_R1,30,36.41324989000956,30.711230635643005,-5.341048240661621,0.368842962061855,0.24786926273068982,0.35755815864963963,9.047591506757149,0.007832396165797078,0.07327209506183863,0.7575247497721151,1.7464982271194458,False,4,114.9375,0.951085919706227,0.04339626848443665,-0.003818704005838795,2.1548613026774968,"{""build_tower"":0.16150081566068517,""confirm_card_service_selection"":0.017400761283306143,""continue"":0.2579300344390067,""discard_treasure"":0.00018125793003443902,""place_tower"":0.049845930759470726,""purchase_shop_item"":0.08301613195577306,""remove_tower"":0.046220772158781946,""reroll"":0.11673010694217872,""select_card_service_card"":0.01776327714337502,""select_treasure"":0.018850824723581655,""start_defense"":0.16150081566068517,""use_inventory_item"":0.06905927134312126}"
original_R1,31,34.54924384752909,,,0.3767978993578427,0.2512449844440658,0.37835147912087647,10.253577236911928,0.0076898014850762,0.07132635273687217,0.6626429292170898,1.2539105415344238,False,4,119.72916666666667,0.9085855698855683,0.06461852305042355,-0.00036761986532086587,2.037439580033147,"{""build_tower"":0.1472072385592483,""confirm_card_service_selection"":0.014790325387158517,""continue"":0.30033060727336003,""discard_treasure"":0.0003480076561684357,""place_tower"":0.04715503741082304,""purchase_shop_item"":0.07638768052897164,""remove_tower"":0.06246737428223421,""reroll"":0.10770836958413085,""select_card_service_card"":0.014964329215242735,""select_treasure"":0.01705237515225335,""start_defense"":0.1472072385592483,""use_inventory_item"":0.0643814163911606}"
original_R1,32,37.2413766781489,,,0.3766748722720358,0.24719664972211536,0.3833783975243568,9.657624014798841,0.004997552059576265,0.051111260745674375,0.6740168440341949,1.4878753423690796,False,4,130.41666666666666,0.9517790505692476,0.04308163462206721,-0.0008787041623145342,1.9978958802321516,"{""build_tower"":0.14600638977635783,""confirm_card_service_selection"":0.014856230031948883,""continue"":0.3079872204472843,""discard_treasure"":0.0001597444089456869,""place_tower"":0.04888178913738019,""purchase_shop_item"":0.0829073482428115,""remove_tower"":0.04952076677316294,""reroll"":0.10271565495207667,""select_card_service_card"":0.015015974440894569,""select_treasure"":0.017412140575079872,""start_defense"":0.14600638977635783,""use_inventory_item"":0.06853035143769969}"
original_R1,33,35.972410480181374,,,0.4087182446312591,0.2544889647706537,0.4222567376235257,10.327640907027833,0.005456863169614656,0.06282147724667321,0.6260986279534257,1.2978416681289673,False,4,119.08333333333333,0.9475611229369223,0.039685304722060326,-0.003455731248402077,2.018178597516905,"{""build_tower"":0.15465360391882435,""confirm_card_service_selection"":0.012596221133659902,""continue"":0.2834149755073478,""discard_treasure"":0.0003498950314905528,""place_tower"":0.044086773967809655,""purchase_shop_item"":0.07627711686494051,""remove_tower"":0.064555633310007,""reroll"":0.11074177746675998,""select_card_service_card"":0.012946116165150455,""select_treasure"":0.017844646606018196,""start_defense"":0.15465360391882435,""use_inventory_item"":0.06787963610916725}"
original_R1,34,36.79613320032755,,,0.4579094743916017,0.2592255924330446,0.45682586342096326,11.107126362656746,0.005686928387221997,0.0703044181317091,0.7394446808099747,3.323150873184204,False,4,129.20833333333334,0.9641190045342102,0.031744091268628837,-0.0035641751438379287,1.9318806820103682,"{""build_tower"":0.1455981941309255,""confirm_card_service_selection"":0.01580135440180587,""continue"":0.3253789100290229,""discard_treasure"":0.0,""place_tower"":0.045146726862302484,""purchase_shop_item"":0.07126733311834892,""remove_tower"":0.06256046436633345,""reroll"":0.09803289261528539,""select_card_service_card"":0.01596259271202838,""select_treasure"":0.017574975814253466,""start_defense"":0.1455981941309255,""use_inventory_item"":0.05707836181876814}"
original_R1,35,36.12394165992737,32.061766251921654,-3.9905126243829727,0.47401970833682483,0.26392267680957526,0.4679256435483694,10.13799618425304,0.004755206216415786,0.05723682344735911,0.6892205871020755,1.2971715927124023,False,4,124.10416666666667,0.9601281595464324,0.033874081001461796,-0.005189233925193548,1.991923663868377,"{""build_tower"":0.14789323484975658,""confirm_card_service_selection"":0.013765318113144201,""continue"":0.28923955010911534,""discard_treasure"":0.00033573946617424877,""place_tower"":0.04784287392983045,""purchase_shop_item"":0.07335907335907337,""remove_tower"":0.06412623803928151,""reroll"":0.12120194728890381,""select_card_service_card"":0.013765318113144201,""select_treasure"":0.017458452241060938,""start_defense"":0.14789323484975658,""use_inventory_item"":0.06311901964075878}"
original_R1,36,36.758023063341774,,,0.4517892371048367,0.26740380106837636,0.44909086264669895,9.305361625025137,0.004188398192733682,0.05237331468379125,0.713133996973435,1.804409384727478,False,4,124.3125,0.9717796049924577,0.025598511235633243,-0.0008660444679359595,1.9929981617166785,"{""build_tower"":0.15116473940003353,""confirm_card_service_selection"":0.01558572146807441,""continue"":0.28439751969163735,""discard_treasure"":0.0005027652086475615,""place_tower"":0.051114462879168765,""purchase_shop_item"":0.08228590581531758,""remove_tower"":0.05228758169934641,""reroll"":0.10826210826210826,""select_card_service_card"":0.01558572146807441,""select_treasure"":0.018267135914194738,""start_defense"":0.15116473940003353,""use_inventory_item"":0.0693815987933635}"
original_R1,37,37.69877302646637,,,0.46247644356665984,0.2668877745737107,0.45096427264312905,8.87743416441642,0.0050063526915664625,0.0632420964151,0.5899129862276217,1.2014591693878174,False,4,125.64583333333333,0.9639062783770069,0.03352929094883924,-0.004552423371933401,2.0253335334708975,"{""build_tower"":0.15304261316531256,""confirm_card_service_selection"":0.015088708340242082,""continue"":0.2873486983916432,""discard_treasure"":0.000331619963521804,""place_tower"":0.0494113745647488,""purchase_shop_item"":0.07992041120875476,""remove_tower"":0.05388824407229315,""reroll"":0.1071132482175427,""select_card_service_card"":0.015088708340242082,""select_treasure"":0.017907478030177417,""start_defense"":0.15304261316531256,""use_inventory_item"":0.06781628254020892}"
original_R1,38,38.51213753223419,,,0.43277378167830555,0.2539077406545376,0.4251658890558326,7.94481665167676,0.0052470763944059045,0.0698397448691337,0.6609060335094514,1.6376248598098755,False,4,120.125,0.97027865449853,0.028963416652834934,-0.003096853119685598,2.0761753249231196,"{""build_tower"":0.16302462712452306,""confirm_card_service_selection"":0.01768990634755463,""continue"":0.2596253902185224,""discard_treasure"":0.000346860908775581,""place_tower"":0.045438779049601107,""purchase_shop_item"":0.0837669094693028,""remove_tower"":0.041449878598681926,""reroll"":0.1205341657995144,""select_card_service_card"":0.018036767256330213,""select_treasure"":0.019077349982656956,""start_defense"":0.16302462712452306,""use_inventory_item"":0.06798473812001388}"
original_R1,39,38.967768828074135,,,0.4118780714675035,0.2308209911950405,0.40079339431679767,7.474266074259875,0.004500454659809411,0.04594313144764822,0.5874460657005725,1.3045873641967773,False,4,118.91666666666667,0.9715729397462519,0.029122860950377326,-0.0015208869463885608,2.0612145461146634,"{""build_tower"":0.16748423265592152,""confirm_card_service_selection"":0.01769446391030133,""continue"":0.24684653118430272,""discard_treasure"":0.0001751927119831815,""place_tower"":0.048703573931324455,""purchase_shop_item"":0.0870707778556412,""remove_tower"":0.029607568325157672,""reroll"":0.12351086194814295,""select_card_service_card"":0.017869656622284513,""select_treasure"":0.019446391030133146,""start_defense"":0.16748423265592152,""use_inventory_item"":0.07410651716888578}"
original_R1,40,38.67996680736542,36.64138363301754,0.5891047567129135,0.4098473241076374,0.22688120911887152,0.4036970498121303,7.604934577961102,0.004600012635779896,0.05242337772379751,0.5970889632792576,1.3965582847595215,False,4,121.3125,0.9672071797650668,0.0311275832152561,-0.0010825812604035373,2.092783793203741,"{""build_tower"":0.1634896101665808,""confirm_card_service_selection"":0.019234071784303624,""continue"":0.24746694143912074,""discard_treasure"":0.0003434655675768504,""place_tower"":0.050317705650008586,""purchase_shop_item"":0.08878584921861583,""remove_tower"":0.03537695346041559,""reroll"":0.12107161257083977,""select_card_service_card"":0.0197492701356689,""select_treasure"":0.019234071784303624,""start_defense"":0.1634896101665808,""use_inventory_item"":0.07144083805598489}"
original_R2,1,37.885716676712036,,,0.010656055492605666,0.00019403201114605054,0.014230886094189961,0.06228876432840519,0.0007399810152891986,0.005274481961832327,0.08258419752682504,0.6410285830497742,False,4,86.25,0.9616995783812917,0.03504641822484486,-0.004115332123439978,2.113304359258427,"{""build_tower"":0.2248792270531401,""confirm_card_service_selection"":0.025603864734299518,""continue"":0.14057971014492754,""discard_treasure"":0.0,""place_tower"":0.06980676328502415,""purchase_shop_item"":0.10990338164251208,""remove_tower"":0.0,""reroll"":0.06231884057971015,""select_card_service_card"":0.025603864734299518,""select_treasure"":0.02608695652173913,""start_defense"":0.2248792270531401,""use_inventory_item"":0.09033816425120773}"
original_R2,2,35.96030839284261,,,0.03312441512899453,0.020377738772072825,0.032224694776232354,0.08349427706954761,0.006554300537118252,0.021818847628310323,0.7912786485394463,4.184202194213867,False,4,83.64583333333333,0.9803158837866087,0.017371460198774002,0.0009728206641739234,2.173188565669588,"{""build_tower"":0.2186799501867995,""confirm_card_service_selection"":0.02291407222914072,""continue"":0.13748443337484434,""discard_treasure"":0.0,""place_tower"":0.06301369863013699,""purchase_shop_item"":0.11307596513075965,""remove_tower"":0.0,""reroll"":0.07970112079701121,""select_card_service_card"":0.02291407222914072,""select_treasure"":0.02515566625155666,""start_defense"":0.2186799501867995,""use_inventory_item"":0.09838107098381071}"
original_R2,3,38.26493740081787,,,0.03814229566859861,0.021887012873897656,0.042482122882372804,0.1385453061576919,0.003950557021097565,0.018807656364515424,0.6383237617297305,2.2122819423675537,False,4,94.1875,0.9751723126093863,0.019690806951580778,0.00020803507908971774,2.0547507817872828,"{""build_tower"":0.20703384207033843,""confirm_card_service_selection"":0.0289758902897589,""continue"":0.14067684140676842,""discard_treasure"":0.00022119000221190003,""place_tower"":0.07232913072329131,""purchase_shop_item"":0.11612475116124751,""remove_tower"":0.0,""reroll"":0.0822826808228268,""select_card_service_card"":0.029418270294182702,""select_treasure"":0.0245520902455209,""start_defense"":0.20703384207033843,""use_inventory_item"":0.09135147091351471}"
original_R2,4,36.1307958761851,,,0.047031579828690905,0.023708017533934006,0.058402520429808646,0.17766992275821342,0.014374215524741274,0.018216095806565136,0.6180673128692433,1.715165376663208,True,4,83.72916666666667,0.9780150611000687,0.016863941214978695,-0.0019075130840064958,2.074393228610825,"{""build_tower"":0.22070166708136352,""confirm_card_service_selection"":0.02537944762378701,""continue"":0.1443145060960438,""discard_treasure"":0.0,""place_tower"":0.0649415277432197,""purchase_shop_item"":0.10624533466036327,""remove_tower"":0.0,""reroll"":0.0783777058969893,""select_card_service_card"":0.02562826573774571,""select_treasure"":0.02537944762378701,""start_defense"":0.22070166708136352,""use_inventory_item"":0.08833043045533714}"
original_R2,5,36.85367524623871,36.605816438794136,0.5535375624895096,0.06304804224308465,0.024095551321030466,0.06773375423953813,0.18344432420641849,0.002463553082420463,0.02097998110248762,0.6552254175767303,4.758727550506592,False,4,86.1875,0.9710761036308202,0.022018362042110634,0.003972561228746439,2.080375003024435,"{""build_tower"":0.2182741116751269,""confirm_card_service_selection"":0.028281363306744016,""continue"":0.1414068165337201,""discard_treasure"":0.0,""place_tower"":0.06985738457819676,""purchase_shop_item"":0.10224800580130529,""remove_tower"":0.0,""reroll"":0.08436064781242446,""select_card_service_card"":0.028764805414551606,""select_treasure"":0.025380710659898477,""start_defense"":0.2182741116751269,""use_inventory_item"":0.0831520425429055}"
original_R2,6,37.21632711092631,,,0.06903629737847189,0.022525690302978487,0.07454821998801302,0.3832908468916188,0.004788332085809088,0.02711813321665806,0.577789214631433,2.7745697498321533,False,4,86.77083333333333,0.9776626047993108,0.017292141955455437,-0.0014183785156894695,2.070799706455897,"{""build_tower"":0.21824729891956782,""confirm_card_service_selection"":0.024729891956782712,""continue"":0.14645858343337334,""discard_treasure"":0.0,""place_tower"":0.06554621848739496,""purchase_shop_item"":0.1070828331332533,""remove_tower"":0.0,""reroll"":0.07995198079231693,""select_card_service_card"":0.025210084033613446,""select_treasure"":0.024729891956782712,""start_defense"":0.21824729891956782,""use_inventory_item"":0.08979591836734693}"
original_R2,7,37.63521671295166,,,0.10726684253481691,0.06127305964661086,0.10887941687057416,0.5901223748756403,0.005936381250800377,0.03651258690903584,0.9726315726422601,5.403707981109619,False,4,91.25,0.9760209983563696,0.018706980174303882,0.0055114244007402,2.0389059755636474,"{""build_tower"":0.21027397260273972,""confirm_card_service_selection"":0.024657534246575342,""continue"":0.16164383561643836,""discard_treasure"":0.00022831050228310502,""place_tower"":0.06598173515981735,""purchase_shop_item"":0.10388127853881278,""remove_tower"":0.0,""reroll"":0.08812785388127854,""select_card_service_card"":0.024657534246575342,""select_treasure"":0.024657534246575342,""start_defense"":0.21027397260273972,""use_inventory_item"":0.08561643835616438}"
original_R2,8,37.73369594415029,,,0.10837653436956629,0.061094673655562766,0.12062395188452986,0.45044774119788505,0.003538189082569766,0.037876674284537636,0.7020417955185015,2.334639072418213,False,4,90.8125,0.9747813861680205,0.020968142457099423,0.007427169042380733,2.0776954265698078,"{""build_tower"":0.21243404450562056,""confirm_card_service_selection"":0.030282174810736407,""continue"":0.1624225739848589,""discard_treasure"":0.0,""place_tower"":0.06010552879100711,""purchase_shop_item"":0.10438173893094746,""remove_tower"":0.0,""reroll"":0.08419362239045652,""select_card_service_card"":0.030511585225969258,""select_treasure"":0.024317504014682266,""start_defense"":0.21243404450562056,""use_inventory_item"":0.07891718284010094}"
original_R2,9,37.16410609086355,,,0.11554224344250742,0.057556003540983544,0.12052574536452691,0.39465739583091364,0.0038520456201796252,0.02358940973257025,0.6402809504005644,2.011272668838501,False,4,91.08333333333333,0.9793592706312262,0.016938510415558185,0.0006846811738796532,2.120619378697676,"{""build_tower"":0.20791399817017384,""confirm_card_service_selection"":0.02767612076852699,""continue"":0.1555352241537054,""discard_treasure"":0.0,""place_tower"":0.06953339432753888,""purchase_shop_item"":0.10933211344922232,""remove_tower"":0.0,""reroll"":0.08234217749313816,""select_card_service_card"":0.02767612076852699,""select_treasure"":0.0242451967063129,""start_defense"":0.20791399817017384,""use_inventory_item"":0.0878316559926807}"
original_R2,10,38.508127530415855,36.73020942509174,0.677930548787117,0.11642758330840854,0.05635704825231191,0.11642855643812153,0.5709720278055535,0.004131485340820973,0.0237509127602809,0.47917868393576807,1.3431240320205688,False,4,95.52083333333333,0.9770099392338732,0.019424763792711828,-0.0004784216677459578,2.097231716100399,"{""build_tower"":0.20588876772082879,""confirm_card_service_selection"":0.029443838604143947,""continue"":0.1470010905125409,""discard_treasure"":0.00021810250817884405,""place_tower"":0.06608505997818975,""purchase_shop_item"":0.11624863685932388,""remove_tower"":0.0,""reroll"":0.08396946564885496,""select_card_service_card"":0.029443838604143947,""select_treasure"":0.023773173391494002,""start_defense"":0.20588876772082879,""use_inventory_item"":0.09203925845147219}"
original_R2,11,36.97691651185354,,,0.12932988539639126,0.06958618430378492,0.13155674622120225,0.6760993587374534,0.0023738098708931564,0.02387094760642332,0.6665458769592292,3.20068097114563,False,4,85.5625,0.9801456174194725,0.01617675307480728,0.00020990147501887644,2.026639528704083,"{""build_tower"":0.22132943754565376,""confirm_card_service_selection"":0.02751400048697346,""continue"":0.16167518870221573,""discard_treasure"":0.0,""place_tower"":0.06184562941319698,""purchase_shop_item"":0.09690771852934014,""remove_tower"":0.0,""reroll"":0.0784027270513757,""select_card_service_card"":0.02751400048697346,""select_treasure"":0.026053080107134162,""start_defense"":0.22132943754565376,""use_inventory_item"":0.07742878013148284}"
original_R2,12,37.28926467895508,,,0.16181694087981363,0.10020007862046863,0.15911012256724966,0.9345747854633228,0.004565783502079689,0.044929705392051905,0.7867599444256889,2.2621474266052246,False,4,92.6875,0.9802120005698154,0.016059587670800585,-0.0028936943142778343,2.016610566811344,"{""build_tower"":0.20543942458979547,""confirm_card_service_selection"":0.02809620139357159,""continue"":0.18161384580804676,""discard_treasure"":0.0,""place_tower"":0.06877950101146325,""purchase_shop_item"":0.10406832996178916,""remove_tower"":0.0,""reroll"":0.07080242751180041,""select_card_service_card"":0.028320971004720162,""select_treasure"":0.022926500337154418,""start_defense"":0.20543942458979547,""use_inventory_item"":0.08451337379186334}"
original_R2,13,38.404237588246666,,,0.14610590996953,0.08587246288387917,0.1421841276395652,0.8014055196163014,0.004438786967966735,0.04873953392315242,0.6521534507887231,1.8924570083618164,False,4,92.3125,0.9787604521413623,0.01680536803582476,0.0017908510700282124,2.0528544672464064,"{""build_tower"":0.21281877679981945,""confirm_card_service_selection"":0.024599413225005643,""continue"":0.1728729406454525,""discard_treasure"":0.0004513653802753329,""place_tower"":0.06138569171744527,""purchase_shop_item"":0.10200857594222523,""remove_tower"":0.0,""reroll"":0.07898894154818326,""select_card_service_card"":0.02482509591514331,""select_treasure"":0.02482509591514331,""start_defense"":0.21281877679981945,""use_inventory_item"":0.08440532611148725}"
original_R2,14,38.319708267847695,,,0.14735093053526346,0.09710236254579195,0.14697809807128376,0.9772351247466247,0.004149747131224204,0.03849153551790449,0.6247180888636245,1.338773250579834,False,4,95.4375,0.9762574624111466,0.01840713547749652,1.4609382358483143e-05,2.0728572468169455,"{""build_tower"":0.2043222003929273,""confirm_card_service_selection"":0.028159790438768827,""continue"":0.17223313686967912,""discard_treasure"":0.0,""place_tower"":0.058284217419777344,""purchase_shop_item"":0.10958306046714691,""remove_tower"":0.0,""reroll"":0.084042785418031,""select_card_service_card"":0.028596376337044312,""select_treasure"":0.024012224405151713,""start_defense"":0.2043222003929273,""use_inventory_item"":0.08644400785854617}"
original_R2,15,38.25013097127279,36.45805937051773,0.40578049421310425,0.1461570520152232,0.0992247988578589,0.16099594057434136,1.526495451644459,0.0036950490332401387,0.032829733513709575,0.5018621974935135,1.151142954826355,False,4,93.14583333333333,0.9750359094590912,0.0184865197710072,-0.0024150192427138486,2.0868869600423867,"{""build_tower"":0.20890181167524044,""confirm_card_service_selection"":0.023708342652650413,""continue"":0.17579959740550213,""discard_treasure"":0.0,""place_tower"":0.05927085663162603,""purchase_shop_item"":0.10445090583762022,""remove_tower"":0.00022366360993066427,""reroll"":0.08320286289420711,""select_card_service_card"":0.02415566987251174,""select_treasure"":0.024602997092373072,""start_defense"":0.20890181167524044,""use_inventory_item"":0.08678148065309774}"
original_R2,16,36.160754243532814,,,0.17678912368858812,0.1299670971501406,0.18881018284489126,1.3955790083294666,0.00546127017972086,0.037618376342031884,0.5241547711193562,1.1684730052947998,False,4,89.52083333333333,0.9732825766471022,0.021120519637513685,0.00012114147573490354,2.1941318809994783,"{""build_tower"":0.2061903653711892,""confirm_card_service_selection"":0.026297416802420294,""continue"":0.15778450081452175,""discard_treasure"":0.002559925529439144,""place_tower"":0.06609262276006517,""purchase_shop_item"":0.10798231324179661,""remove_tower"":0.005585292064230859,""reroll"":0.08005585292064231,""select_card_service_card"":0.027228298813125437,""select_treasure"":0.024668373283686294,""start_defense"":0.2061903653711892,""use_inventory_item"":0.08936467302769374}"
original_R2,17,36.47173329194387,,,0.19365980822128506,0.1435102521251416,0.18111300928627744,1.4155422290699509,0.010381157116224879,0.04159299437614048,0.5984873624847216,1.9185556173324585,False,4,89.02083333333333,0.9711598398438058,0.024088339797933313,0.001096488120417823,2.119406447412606,"{""build_tower"":0.20898666042593025,""confirm_card_service_selection"":0.01872220922068804,""continue"":0.178095015211795,""discard_treasure"":0.0007020828457758015,""place_tower"":0.060613152351977534,""purchase_shop_item"":0.09922770886964662,""remove_tower"":0.006084717996723613,""reroll"":0.0882284109524924,""select_card_service_card"":0.01872220922068804,""select_treasure"":0.024572899602153055,""start_defense"":0.20898666042593025,""use_inventory_item"":0.0870582728761994}"
original_R2,18,37.078566590944924,,,0.19425455325115468,0.14040536894944772,0.2028870497726732,1.494669562863685,0.0027084133865950357,0.025700513428697985,0.5022351713851094,1.7091015577316284,False,4,94.35416666666667,0.9804995675556379,0.016334806012714073,-0.0012968884095446104,2.0408660893748602,"{""build_tower"":0.20048575844557298,""confirm_card_service_selection"":0.023183925811437404,""continue"":0.175977036873482,""discard_treasure"":0.00044159858688452196,""place_tower"":0.06513579156546699,""purchase_shop_item"":0.10797085449326563,""remove_tower"":0.002428792227864871,""reroll"":0.08633252373592404,""select_card_service_card"":0.023183925811437404,""select_treasure"":0.023625524398321926,""start_defense"":0.20048575844557298,""use_inventory_item"":0.09074850960476927}"
original_R2,19,36.39062492052714,,,0.20263269140450724,0.14138102266296948,0.20361067749121609,1.9567544000685884,0.0021392797761483747,0.020124846870791826,0.443039998631267,1.0430690050125122,False,4,89.08333333333333,0.9808281561236286,0.015314534292830265,-0.0018778142437119694,2.0891301328694434,"{""build_tower"":0.20790458372310572,""confirm_card_service_selection"":0.027128157156220765,""continue"":0.16674462114125352,""discard_treasure"":0.0007015902712815715,""place_tower"":0.06150608044901777,""purchase_shop_item"":0.10243217960710944,""remove_tower"":0.002806361085126286,""reroll"":0.08956969130028064,""select_card_service_card"":0.027128157156220765,""select_treasure"":0.02362020579981291,""start_defense"":0.20790458372310572,""use_inventory_item"":0.08255378858746493}"
original_R2,20,38.56874791781107,36.44944907724857,0.39717020094394684,0.2188173670715837,0.1562386183154648,0.23583071149493517,2.8814716494969996,0.005674099853971364,0.0314047715724691,0.528260715697941,1.179260015487671,False,4,97.85416666666667,0.9762581233167045,0.018779094992695672,-0.0007071492421489797,2.072553173683097,"{""build_tower"":0.20140515222482436,""confirm_card_service_selection"":0.025974025974025976,""continue"":0.1711730892058761,""discard_treasure"":0.0004258037044922291,""place_tower"":0.058973813072173725,""purchase_shop_item"":0.10453480945284224,""remove_tower"":0.007238662976367894,""reroll"":0.09410261869278262,""select_card_service_card"":0.02661273153076432,""select_treasure"":0.023632105599318713,""start_defense"":0.20140515222482436,""use_inventory_item"":0.08452203534170748}"
original_R2,21,36.376770973205566,,,0.2712974656261441,0.1944787535378716,0.30278478417959476,3.8146098666675896,0.006644901570325577,0.0548502605718871,0.6353040126462778,1.6561352014541626,False,4,91.75,0.9741989831492547,0.02486631005174584,-0.00037408444202608534,2.177387248008232,"{""build_tower"":0.2027702089009991,""confirm_card_service_selection"":0.019981834695731154,""continue"":0.15122615803814715,""discard_treasure"":0.00045413260672116256,""place_tower"":0.06562216167120799,""purchase_shop_item"":0.1030881017257039,""remove_tower"":0.02861035422343324,""reroll"":0.09059945504087194,""select_card_service_card"":0.019981834695731154,""select_treasure"":0.02316076294277929,""start_defense"":0.2027702089009991,""use_inventory_item"":0.09173478655767484}"
original_R2,22,36.79890433947245,,,0.34529623356762656,0.22137968290291232,0.3698456498483817,7.304293346328079,0.006681419697062868,0.06790925013936228,0.7216145052678056,2.0198898315429688,False,4,94.45833333333333,0.9750344417569752,0.022603154958536226,-0.0016125191727446185,2.1038357186852985,"{""build_tower"":0.19938244375827086,""confirm_card_service_selection"":0.023820026466696075,""continue"":0.14600794000882222,""discard_treasure"":0.0006616674018526688,""place_tower"":0.06418173797970887,""purchase_shop_item"":0.10299955888839876,""remove_tower"":0.04146449051610057,""reroll"":0.08888398764887516,""select_card_service_card"":0.023820026466696075,""select_treasure"":0.02337891486546096,""start_defense"":0.19938244375827086,""use_inventory_item"":0.08601676224084694}"
original_R2,23,34.26684168974558,,,0.4880325959256796,0.30041435724216453,0.47420868691470885,8.815754704248116,0.006382074349157089,0.07227548925826947,0.9224684532317851,2.4645135402679443,False,4,94.33333333333333,0.919727645596347,0.06381663255807427,-0.0017247684558646546,2.13130018505508,"{""build_tower"":0.18573321554770317,""confirm_card_service_selection"":0.016563604240282685,""continue"":0.15812720848056538,""discard_treasure"":0.0015459363957597172,""place_tower"":0.05410777385159011,""purchase_shop_item"":0.0885600706713781,""remove_tower"":0.10004416961130742,""reroll"":0.09010600706713781,""select_card_service_card"":0.01678445229681979,""select_treasure"":0.02120141342756184,""start_defense"":0.18573321554770317,""use_inventory_item"":0.08149293286219081}"
original_R2,24,34.71870219707489,,,0.4116178928963117,0.2656474586584807,0.42031895162330735,6.564882623767289,0.00512113138792911,0.054911897491870656,0.9106376270453135,2.3045153617858887,False,4,94.1875,0.9563248621899365,0.045191606118654214,-0.001055197971355584,2.090088844322388,"{""build_tower"":0.18867507188675073,""confirm_card_service_selection"":0.0203494802034948,""continue"":0.16412298164122982,""discard_treasure"":0.0024330900243309003,""place_tower"":0.0577305905773059,""purchase_shop_item"":0.09267861092678611,""remove_tower"":0.0756469807564698,""reroll"":0.0864852908648529,""select_card_service_card"":0.0205706702057067,""select_treasure"":0.0227825702278257,""start_defense"":0.18867507188675073,""use_inventory_item"":0.0798495907984959}"
original_R2,25,35.45875815550486,33.04527425765991,-3.0070046186447144,0.40279533238136134,0.26236680435597476,0.4222789630293846,6.795916395854904,0.0036773407570459917,0.042117531747660704,0.6391689344826672,1.3214393854141235,False,4,94.29166666666667,0.9706219969379428,0.02842235293549796,-0.003938989700852997,2.0451037874169584,"{""build_tower"":0.19222271321254972,""confirm_card_service_selection"":0.019885108263367212,""continue"":0.16791869200176757,""discard_treasure"":0.002209456473707468,""place_tower"":0.0618647812638091,""purchase_shop_item"":0.09147149801148917,""remove_tower"":0.05700397702165267,""reroll"":0.09323906319045515,""select_card_service_card"":0.019885108263367212,""select_treasure"":0.022315510384445427,""start_defense"":0.19222271321254972,""use_inventory_item"":0.07976137870083959}"
original_R2,26,36.952256202697754,,,0.4395820695330061,0.2816526627900282,0.4630517542362213,7.851771914057461,0.007132337108873799,0.06757812504656613,0.7669821221381425,1.574391484260559,False,4,103.33333333333333,0.9754668567941317,0.022327828488778324,-0.005154034227598458,2.0792658002664064,"{""build_tower"":0.18205645161290324,""confirm_card_service_selection"":0.02217741935483871,""continue"":0.19556451612903225,""discard_treasure"":0.001411290322580645,""place_tower"":0.055645161290322584,""purchase_shop_item"":0.09233870967741936,""remove_tower"":0.059475806451612906,""reroll"":0.08911290322580645,""select_card_service_card"":0.022379032258064518,""select_treasure"":0.020967741935483872,""start_defense"":0.18205645161290324,""use_inventory_item"":0.07681451612903226}"
original_R2,27,35.41475443045298,,,0.46596140716609474,0.2978468876699816,0.46657471992075444,8.683742718276743,0.005591684391765739,0.05622416504193097,0.767552450299263,1.6153117418289185,False,4,105.27083333333333,0.9751646161667337,0.02285288441926241,-0.0005234343989286572,2.014872246703316,"{""build_tower"":0.1723728478131803,""confirm_card_service_selection"":0.018404907975460124,""continue"":0.21709875321591135,""discard_treasure"":0.004155946962200673,""place_tower"":0.060558084306352664,""purchase_shop_item"":0.08588957055214724,""remove_tower"":0.0629329111418959,""reroll"":0.09301405105877697,""select_card_service_card"":0.018404907975460124,""select_treasure"":0.020186028102117552,""start_defense"":0.1723728478131803,""use_inventory_item"":0.07460914308331684}"
original_R2,28,33.97978123029073,,,0.5016254258913847,0.31041029352285143,0.4960551587374587,8.533243660898785,0.007006873615673133,0.083424753264377,0.7916734132327532,1.8203731775283813,False,4,101.20833333333333,0.9549148306450397,0.0400453877978419,-0.002206778110887267,2.0038444745995045,"{""build_tower"":0.17167558666117744,""confirm_card_service_selection"":0.018937834499794155,""continue"":0.2099629477151091,""discard_treasure"":0.0037052284890901604,""place_tower"":0.053314121037463975,""purchase_shop_item"":0.07698641416220667,""remove_tower"":0.08851379168382051,""reroll"":0.09860024701523261,""select_card_service_card"":0.018937834499794155,""select_treasure"":0.02099629477151091,""start_defense"":0.17167558666117744,""use_inventory_item"":0.06669411280362289}"
original_R2,29,34.538437485694885,,,0.43228491059877283,0.2784456113884732,0.4242451575241591,6.844208498223536,0.003749076429046813,0.04307598787310876,0.6443071561424356,1.491684913635254,False,4,99.375,0.9660931483998149,0.027425929720170404,-0.002151425106843051,1.9728201195015815,"{""build_tower"":0.1769392033542977,""confirm_card_service_selection"":0.021174004192872117,""continue"":0.21928721174004193,""discard_treasure"":0.0033542976939203353,""place_tower"":0.06079664570230608,""purchase_shop_item"":0.08259958071278826,""remove_tower"":0.04591194968553459,""reroll"":0.10083857442348008,""select_card_service_card"":0.021383647798742137,""select_treasure"":0.021174004192872117,""start_defense"":0.1769392033542977,""use_inventory_item"":0.06960167714884696}"
original_R2,30,35.27775843938192,33.148472771048546,-2.9038061052560806,0.42576122804067273,0.27774449800175466,0.42941908575594423,8.121000650657294,0.002956588101892521,0.03337751122307964,0.5929534114897251,1.0988330841064453,False,4,105.125,0.9676240335064877,0.02723901441786438,-0.0021018507366534324,1.952275432381237,"{""build_tower"":0.17162108600871978,""confirm_card_service_selection"":0.019619500594530322,""continue"":0.2348394768133175,""discard_treasure"":0.0017835909631391202,""place_tower"":0.056282203725723345,""purchase_shop_item"":0.08224336107808165,""remove_tower"":0.053111375346809354,""reroll"":0.09908838684106223,""select_card_service_card"":0.02001585414189457,""select_treasure"":0.020808561236623068,""start_defense"":0.17162108600871978,""use_inventory_item"":0.06896551724137931}"
original_R2,31,36.812903881073,,,0.45364672915093973,0.2955110600920518,0.4466530435851642,8.2523259388281,0.005006189558375782,0.051678993894408144,0.6933180661428542,1.45387601852417,False,4,111.58333333333333,0.9680934276233519,0.02886671954322429,-0.0010672884416722116,1.9092985965628693,"{""build_tower"":0.16878267363704258,""confirm_card_service_selection"":0.022964899178491413,""continue"":0.22815533980582525,""discard_treasure"":0.0028005974607916355,""place_tower"":0.052091112770724424,""purchase_shop_item"":0.08775205377147124,""remove_tower"":0.05601194921583271,""reroll"":0.09970126960418223,""select_card_service_card"":0.02315160567587752,""select_treasure"":0.020351008215085883,""start_defense"":0.16878267363704258,""use_inventory_item"":0.06945481702763256}"
original_R2,32,35.89949790636698,,,0.46160574008425476,0.2964998160718411,0.4769558303412937,9.12782573445948,0.0033013946445602676,0.036373447050296125,0.6158426625742799,1.2061362266540527,False,4,109.29166666666667,0.969531985109349,0.024100706757356722,-0.001646811275609902,1.8765753432036048,"{""build_tower"":0.16736561189477697,""confirm_card_service_selection"":0.020205871139916128,""continue"":0.23522683949675943,""discard_treasure"":0.002668699961875715,""place_tower"":0.05299275638581777,""purchase_shop_item"":0.08292032024399543,""remove_tower"":0.0571864277544796,""reroll"":0.10598551277163554,""select_card_service_card"":0.020205871139916128,""select_treasure"":0.01963400686237133,""start_defense"":0.16736561189477697,""use_inventory_item"":0.068242470453679}"
original_R2,33,36.425070921579994,,,0.4732544840622197,0.3092135749411731,0.471733171492815,9.128570407940005,0.0035359741362878017,0.038676603908904574,0.6263791803609241,1.778830647468567,False,4,116.14583333333333,0.9593431712896682,0.03448056018995968,-0.0027449696049602194,1.9165527947935288,"{""build_tower"":0.16,""confirm_card_service_selection"":0.017040358744394617,""continue"":0.262780269058296,""discard_treasure"":0.0025112107623318385,""place_tower"":0.05022421524663677,""purchase_shop_item"":0.08681614349775785,""remove_tower"":0.0661883408071749,""reroll"":0.08286995515695067,""select_card_service_card"":0.017040358744394617,""select_treasure"":0.01937219730941704,""start_defense"":0.16,""use_inventory_item"":0.07515695067264574}"
original_R2,34,36.19660611947378,,,0.46223508747760567,0.30425550608035407,0.47718418355692516,8.601185280475375,0.004728485081552042,0.054529975253072654,0.6077425842258063,1.7539312839508057,False,4,116.0625,0.96208198127996,0.029703915838829496,-0.001029023577840152,1.956994310689425,"{""build_tower"":0.15921737569556632,""confirm_card_service_selection"":0.020642613534374438,""continue"":0.2550709028899659,""discard_treasure"":0.0016155088852988692,""place_tower"":0.05708131394722671,""purchase_shop_item"":0.08903248967869323,""remove_tower"":0.05331179321486268,""reroll"":0.09298151139831269,""select_card_service_card"":0.02118111649614073,""select_treasure"":0.01902710464907557,""start_defense"":0.15921737569556632,""use_inventory_item"":0.07162089391491654}"
original_R2,35,36.984187523523964,34.283030569553375,-1.7692483067512512,0.5053279164202976,0.32268761041012145,0.5046775750815868,8.504209683780152,0.005565917989759906,0.06167774293995039,0.6756041703576391,1.4106483459472656,False,4,115.5,0.9667835561586723,0.02980439671823247,-0.001777412433346564,1.9709184408321585,"{""build_tower"":0.16396103896103897,""confirm_card_service_selection"":0.021103896103896104,""continue"":0.24639249639249639,""discard_treasure"":0.0030663780663780665,""place_tower"":0.047979797979797977,""purchase_shop_item"":0.08225108225108226,""remove_tower"":0.06800144300144301,""reroll"":0.09686147186147186,""select_card_service_card"":0.021464646464646464,""select_treasure"":0.01893939393939394,""start_defense"":0.16396103896103897,""use_inventory_item"":0.06601731601731602}"
original_R2,36,35.886614759763084,,,0.4775133639191314,0.31288705434688363,0.45958358868956567,7.654938149028164,0.0028593488334081483,0.02976970432791859,0.5186841992661357,1.158610463142395,False,4,106.27083333333333,0.9712430490132096,0.02442860195878893,-0.0024641145777422936,2.0308906300604295,"{""build_tower"":0.17271123309155068,""confirm_card_service_selection"":0.019211919231523232,""continue"":0.23760047049598118,""discard_treasure"":0.0017643599294256027,""place_tower"":0.05195059792197608,""purchase_shop_item"":0.08292491668300334,""remove_tower"":0.058223877671044894,""reroll"":0.09409919623603215,""select_card_service_card"":0.01940795922368163,""select_treasure"":0.019996079200156832,""start_defense"":0.17271123309155068,""use_inventory_item"":0.0693981572240737}"
original_R2,37,38.57728139559428,,,0.4471133391385289,0.2961763168756116,0.44652173160152003,7.4131925703724395,0.0025421025809671187,0.022937323622913522,0.5723015723580663,1.0770399570465088,False,4,115.1875,0.9714363276245261,0.02392863305497237,-0.0006841805985790085,2.0069445612026606,"{""build_tower"":0.17037438958220294,""confirm_card_service_selection"":0.02369325375293905,""continue"":0.23910291191897268,""discard_treasure"":0.0009043226623259179,""place_tower"":0.053355037077229155,""purchase_shop_item"":0.08862362090793996,""remove_tower"":0.036715500090432264,""reroll"":0.10255018990775909,""select_card_service_card"":0.02369325375293905,""select_treasure"":0.02025682763610056,""start_defense"":0.17037438958220294,""use_inventory_item"":0.07035630312895641}"
original_R2,38,36.34887492656708,,,0.47036939707140646,0.3085123302705069,0.4775151867758144,8.096125791911746,0.004448944796887521,0.039265422097576615,0.6492574353787032,1.1190681457519531,False,4,114.77083333333333,0.9713291857338369,0.0262141052887521,0.0009333515243435448,2.029970216811147,"{""build_tower"":0.16227990560900346,""confirm_card_service_selection"":0.01905972045743329,""continue"":0.25921219822109276,""discard_treasure"":0.0014521691777092032,""place_tower"":0.05100744236703576,""purchase_shop_item"":0.08241060083499728,""remove_tower"":0.048466146306044657,""reroll"":0.10491922308948992,""select_card_service_card"":0.019785805046287894,""select_treasure"":0.020148847340715193,""start_defense"":0.16227990560900346,""use_inventory_item"":0.06897803594118715}"
original_R2,39,36.51481032371521,,,0.4721351967250006,0.30964986725538374,0.47135360877622257,8.136349607067288,0.003709411904599785,0.03842752304097468,0.5644904842430895,1.5726757049560547,False,4,114.1875,0.9651596809163967,0.029706566319377584,-0.0038731508777180516,1.949083481353375,"{""build_tower"":0.16274402481299033,""confirm_card_service_selection"":0.019157088122605363,""continue"":0.2795110381317278,""discard_treasure"":0.00036489691662105453,""place_tower"":0.05035577449370553,""purchase_shop_item"":0.07717569786535304,""remove_tower"":0.05491698595146871,""reroll"":0.09104178069695311,""select_card_service_card"":0.019339536580915893,""select_treasure"":0.018974639664294836,""start_defense"":0.16274402481299033,""use_inventory_item"":0.06367451195037402}"
original_R2,40,36.4495187997818,33.995235309004784,-2.057043567299843,0.46664842414318275,0.28728711536622875,0.4698042184824035,7.88355113170366,0.004392455239364305,0.03837568689847276,0.6010503612813496,3.9948649406433105,False,4,107.20833333333333,0.9694194230772807,0.026480762565153696,-0.007579517184889742,1.9342435247627123,"{""build_tower"":0.17431014380101048,""confirm_card_service_selection"":0.02137582588418189,""continue"":0.2502914885347843,""discard_treasure"":0.0025262339681305867,""place_tower"":0.05130198212203654,""purchase_shop_item"":0.08200544111931597,""remove_tower"":0.03731053245239021,""reroll"":0.09696851923824329,""select_card_service_card"":0.02137582588418189,""select_treasure"":0.02098717450446949,""start_defense"":0.17431014380101048,""use_inventory_item"":0.06723668869024485}"
lrhalf_R1,1,36.654237588246666,,,0.01468966067511483,0.00021439046633008697,0.016258533752989024,0.17796655895489297,0.000986615226592255,0.005603520563454367,0.1005356609239243,0.5895211696624756,False,4,84.125,0.9712494624145394,0.025413946437765844,-0.0006428687338484451,2.088177829656571,"{""build_tower"":0.22263496780584446,""confirm_card_service_selection"":0.025507677067855374,""continue"":0.1436354631005448,""discard_treasure"":0.0,""place_tower"":0.07478949975235265,""purchase_shop_item"":0.10549777117384844,""remove_tower"":0.0,""reroll"":0.06537890044576523,""select_card_service_card"":0.025755324418028726,""select_treasure"":0.02526002971768202,""start_defense"":0.22263496780584446,""use_inventory_item"":0.08890539871223378}"
lrhalf_R1,2,36.478079319000244,,,0.031147066051930742,0.018702378736671025,0.029566532685695326,0.14600338680725536,0.0026860629847546722,0.01822845747365671,0.951790868469021,2.7002007961273193,False,4,87.02083333333333,0.9719338697464911,0.023308089769938412,-0.001437895534121815,2.1345605365463762,"{""build_tower"":0.21426861383768256,""confirm_card_service_selection"":0.027292315058654537,""continue"":0.13694038783816137,""discard_treasure"":0.0,""place_tower"":0.06894900646396936,""purchase_shop_item"":0.1101268853243955,""remove_tower"":0.0,""reroll"":0.08522863299018434,""select_card_service_card"":0.02801053387598755,""select_treasure"":0.02465884606176682,""start_defense"":0.21426861383768256,""use_inventory_item"":0.09025616471151544}"
lrhalf_R1,3,37.366870959599815,,,0.03501632140614366,0.02113582173959188,0.03387135198778089,0.1678688668577596,0.0015770959825043545,0.014550375074202962,0.9957399593447062,3.930473804473877,False,4,89.45833333333333,0.9774915095843237,0.018134473412133315,-0.00012907477388152447,2.0447458857145553,"{""build_tower"":0.21262226362366093,""confirm_card_service_selection"":0.027713088029809037,""continue"":0.13949697251979506,""discard_treasure"":0.0,""place_tower"":0.06613879832324174,""purchase_shop_item"":0.11131811830461108,""remove_tower"":0.0,""reroll"":0.08709827666511412,""select_card_service_card"":0.028178854215183978,""select_treasure"":0.024918490917559384,""start_defense"":0.21262226362366093,""use_inventory_item"":0.08989287377736377}"
lrhalf_R1,4,38.28442903359731,,,0.037348463691582345,0.02385089201447114,0.03577666890083088,0.1483857920623506,0.0022492335378451068,0.02233072913562258,0.8472103094552748,2.5912351608276367,False,4,91.70833333333333,0.975329799961697,0.01933115859153784,-0.0019392226305272845,2.062727477671879,"{""build_tower"":0.21308496138119037,""confirm_card_service_selection"":0.027941844616083598,""continue"":0.1444797819173103,""discard_treasure"":0.0,""place_tower"":0.0667878237164925,""purchase_shop_item"":0.11222171740118128,""remove_tower"":0.0,""reroll"":0.07996365288505225,""select_card_service_card"":0.027941844616083598,""select_treasure"":0.024307133121308496,""start_defense"":0.21308496138119037,""use_inventory_item"":0.09018627896410722}"
lrhalf_R1,5,37.39048151175181,36.37137812376022,0.3190992474555969,0.03757136916150332,0.022347927837178216,0.037388547844089126,0.15791487434236837,0.0016287199861889188,0.012821144095676787,0.7399004029986613,1.8769941329956055,False,4,90.14583333333333,0.9773466961061184,0.018945442293496692,-0.0010057100375621196,2.1395786251327804,"{""build_tower"":0.21192512133117633,""confirm_card_service_selection"":0.02888837531777213,""continue"":0.14721516061936676,""discard_treasure"":0.0,""place_tower"":0.06725213773977351,""purchase_shop_item"":0.10954471920499191,""remove_tower"":0.0,""reroll"":0.08111855789230414,""select_card_service_card"":0.02888837531777213,""select_treasure"":0.025190663277097295,""start_defense"":0.21192512133117633,""use_inventory_item"":0.08805176796856945}"
lrhalf_R1,6,36.93695390224457,,,0.03233783746001,0.020326819224940076,0.032898658784474455,0.11187759576368897,0.006918332638580224,0.014431914643329732,1.2088076539666337,10.458277702331543,False,4,85.875,0.9799009986490764,0.017884224858682823,0.0005667986594797933,2.132858098248243,"{""build_tower"":0.2197962154294032,""confirm_card_service_selection"":0.025958272683163513,""continue"":0.1433770014556041,""discard_treasure"":0.0,""place_tower"":0.06841339155749636,""purchase_shop_item"":0.10359049005337215,""remove_tower"":0.0,""reroll"":0.08078602620087336,""select_card_service_card"":0.025958272683163513,""select_treasure"":0.025715672003881612,""start_defense"":0.2197962154294032,""use_inventory_item"":0.08660844250363901}"
lrhalf_R1,7,37.49675210316976,,,0.038316114096612494,0.0231862907843554,0.03722577218842857,0.1309974897032617,0.0012066999509389622,0.014998037505018361,0.9218852370977402,3.6890480518341064,False,4,90.1875,0.9798563434580608,0.0179617790340939,-0.00035800896448028437,2.0682544422074103,"{""build_tower"":0.21205821205821207,""confirm_card_service_selection"":0.02702702702702703,""continue"":0.1422961422961423,""discard_treasure"":0.0,""place_tower"":0.07022407022407022,""purchase_shop_item"":0.1111111111111111,""remove_tower"":0.0,""reroll"":0.08200508200508201,""select_card_service_card"":0.027258027258027256,""select_treasure"":0.025179025179025177,""start_defense"":0.21205821205821207,""use_inventory_item"":0.09078309078309078}"
lrhalf_R1,8,37.53794813156128,,,0.0343627873835024,0.02102269973664327,0.034722496563678276,0.1397884510364106,0.0014053231608026889,0.01157169119345353,0.6626626219162169,2.39992618560791,False,4,89.5,0.9801825669382586,0.017344056108199498,-0.0010867594700197086,2.10408642667422,"{""build_tower"":0.21461824953445066,""confirm_card_service_selection"":0.024674115456238363,""continue"":0.13454376163873372,""discard_treasure"":0.0,""place_tower"":0.07169459962756052,""purchase_shop_item"":0.11219739292364991,""remove_tower"":0.0,""reroll"":0.08379888268156424,""select_card_service_card"":0.024674115456238363,""select_treasure"":0.02537243947858473,""start_defense"":0.21461824953445066,""use_inventory_item"":0.09380819366852887}"
lrhalf_R1,9,38.82728532950083,,,0.039132795060329885,0.02208551564722077,0.03829491536857353,0.13177505513639848,0.0030254762541011993,0.011147978094716867,0.8390013581762711,3.280804395675659,False,4,94.22916666666667,0.9713764963486018,0.020412624567850597,-0.00028652782526074187,2.140138866010458,"{""build_tower"":0.21070086225956225,""confirm_card_service_selection"":0.03183727614415211,""continue"":0.142162281671457,""discard_treasure"":0.00022109219544550078,""place_tower"":0.06500110546097723,""purchase_shop_item"":0.11784214017245191,""remove_tower"":0.0,""reroll"":0.07428697766968825,""select_card_service_card"":0.03227946053504311,""select_treasure"":0.024983418085341588,""start_defense"":0.21070086225956225,""use_inventory_item"":0.08998452354631882}"
lrhalf_R1,10,37.595725099245705,36.537511736154556,0.4852328598499298,0.03620612928570399,0.022724971688330705,0.03556857815505389,0.13706180711908264,0.0010046965686302321,0.012496246175621362,0.7676899656105567,3.011657953262329,False,4,87.4375,0.9746163133122894,0.02172759810791296,0.002012985142167,2.108512347947548,"{""build_tower"":0.21968072432690017,""confirm_card_service_selection"":0.026923993328568024,""continue"":0.14558017631641648,""discard_treasure"":0.0,""place_tower"":0.0636168691922802,""purchase_shop_item"":0.10650464617583988,""remove_tower"":0.0,""reroll"":0.07672146771503455,""select_card_service_card"":0.02740052418394091,""select_treasure"":0.026209197045508698,""start_defense"":0.21968072432690017,""use_inventory_item"":0.0876816773886109}"
lrhalf_R1,11,36.53546460469564,,,0.038813699913256616,0.025777762356231994,0.03819308739594627,0.09121424735988497,0.005040068860292944,0.01499310661764706,0.882950768555187,2.881078004837036,False,4,85.41666666666667,0.9779254666278022,0.018509759622461656,-0.0010036033139947582,2.0902095066029123,"{""build_tower"":0.21829268292682927,""confirm_card_service_selection"":0.025121951219512197,""continue"":0.13609756097560977,""discard_treasure"":0.0,""place_tower"":0.06951219512195123,""purchase_shop_item"":0.10829268292682927,""remove_tower"":0.0,""reroll"":0.08414634146341464,""select_card_service_card"":0.025121951219512197,""select_treasure"":0.025121951219512197,""start_defense"":0.21829268292682927,""use_inventory_item"":0.09}"
lrhalf_R1,12,37.48615205287933,,,0.035016233668006456,0.02129431534188158,0.0341214281917714,0.13604553099551495,0.005167113880819376,0.013641640900031608,0.9449298138565877,5.565708160400391,False,4,87.3125,0.9758708817094491,0.020246380830512327,0.0006809684667078888,2.0639977511885172,"{""build_tower"":0.2192794082557862,""confirm_card_service_selection"":0.028871391076115485,""continue"":0.1429253161536626,""discard_treasure"":0.0,""place_tower"":0.06466237174898593,""purchase_shop_item"":0.10975900739680267,""remove_tower"":0.0,""reroll"":0.0711047482701026,""select_card_service_card"":0.02934860415175376,""select_treasure"":0.02600811262228585,""start_defense"":0.2192794082557862,""use_inventory_item"":0.08876163206871868}"
lrhalf_R1,13,36.99221861362457,,,0.034075443016394306,0.021852090341611227,0.03318531956414089,0.11216646225582723,0.005090843394046875,0.015544012140975717,0.7361948188832578,2.6541333198547363,False,4,89.14583333333333,0.982826589262204,0.014589393456630847,0.0007867377032251919,2.042518126235704,"{""build_tower"":0.21103061462958636,""confirm_card_service_selection"":0.027810236036457117,""continue"":0.14162187426968917,""discard_treasure"":0.00023369946249123628,""place_tower"":0.06824024304744099,""purchase_shop_item"":0.11170834307081094,""remove_tower"":0.0,""reroll"":0.08483290488431877,""select_card_service_card"":0.027810236036457117,""select_treasure"":0.024538443561579807,""start_defense"":0.21103061462958636,""use_inventory_item"":0.09114279037158214}"
lrhalf_R1,14,37.947483579317726,,,0.032796858848924054,0.019147668284080002,0.036653032227251164,0.06838535418182913,0.0994678225023267,0.0546875,1.1979723970871419,4.593270778656006,True,1,91.41666666666667,0.9801363235997514,0.020383568635831278,0.016292835689253278,2.047916564012223,"{""build_tower"":0.2123974475843209,""confirm_card_service_selection"":0.027575205104831357,""continue"":0.1410665451230629,""discard_treasure"":0.0,""place_tower"":0.06927985414767548,""purchase_shop_item"":0.11257976298997266,""remove_tower"":0.0,""reroll"":0.07999088422971741,""select_card_service_card"":0.02780309936189608,""select_treasure"":0.02506836827711942,""start_defense"":0.2123974475843209,""use_inventory_item"":0.09184138559708295}"
lrhalf_R1,15,37.813845793406166,36.56719459593296,0.514915719628334,0.040086162755132965,0.015420432140556353,0.04632059194975429,0.07312018147611342,0.11425032716215355,0.10308159722222222,16.796340723832447,63.9161491394043,True,1,90.83333333333333,0.9816196110648192,0.018533669218110543,0.043506777845323086,2.0703759455211768,"{""build_tower"":0.21192660550458717,""confirm_card_service_selection"":0.02981651376146789,""continue"":0.14220183486238533,""discard_treasure"":0.0,""place_tower"":0.06651376146788991,""purchase_shop_item"":0.11697247706422019,""remove_tower"":0.0,""reroll"":0.07155963302752294,""select_card_service_card"":0.02981651376146789,""select_treasure"":0.02431192660550459,""start_defense"":0.21192660550458717,""use_inventory_item"":0.09495412844036698}"
lrhalf_R1,16,37.92877928415934,,,0.04417638856200713,0.017611992020608022,0.043018708005547523,0.0698701789791658,0.25744881537037956,0.1567028984427452,14.298169202274746,96.68899536132812,True,1,93.54166666666667,0.978029624522351,0.024233951854209106,0.056641074259661965,2.1602620124468426,"{""build_tower"":0.20601336302895323,""confirm_card_service_selection"":0.030734966592427616,""continue"":0.14075723830734965,""discard_treasure"":0.0,""place_tower"":0.06904231625835189,""purchase_shop_item"":0.122271714922049,""remove_tower"":0.0,""reroll"":0.07282850779510022,""select_card_service_card"":0.031180400890868598,""select_treasure"":0.024053452115812918,""start_defense"":0.20601336302895323,""use_inventory_item"":0.09710467706013363}"
lrhalf_R1,17,36.483225186665855,,,0.03495302048387123,0.01622643035880281,0.03392660205581171,0.048428150630822,0.012280487086172798,0.0674211091690642,6.552545226672116,16.96394920349121,False,4,86.83333333333333,0.9800163216544893,0.016874579493613803,0.0075120953021242335,2.1037889303663664,"{""build_tower"":0.2154510556621881,""confirm_card_service_selection"":0.02543186180422265,""continue"":0.13915547024952016,""discard_treasure"":0.0,""place_tower"":0.06885796545105566,""purchase_shop_item"":0.11324376199616124,""remove_tower"":0.0,""reroll"":0.07581573896353166,""select_card_service_card"":0.025671785028790788,""select_treasure"":0.02495201535508637,""start_defense"":0.2154510556621881,""use_inventory_item"":0.09596928982725528}"
lrhalf_R1,18,36.55531899134318,,,0.03020097480129826,0.016041001069256395,0.027990217204205692,0.04618689669517592,0.023883784720965195,0.05492332950234413,4.677671104669571,8.540484428405762,True,1,84.89583333333333,0.980959787983846,0.019867409369908273,0.009506308299023658,2.0828026696596225,"{""build_tower"":0.22012269938650306,""confirm_card_service_selection"":0.025030674846625765,""continue"":0.13987730061349693,""discard_treasure"":0.0,""place_tower"":0.0652760736196319,""purchase_shop_item"":0.11239263803680982,""remove_tower"":0.0,""reroll"":0.07165644171779141,""select_card_service_card"":0.025030674846625765,""select_treasure"":0.025766871165644172,""start_defense"":0.22012269938650306,""use_inventory_item"":0.0947239263803681}"
lrhalf_R1,19,36.951233426729836,,,0.025614380126936558,0.011662679878136165,0.02921034855877652,0.05362657361855185,0.022006737731263618,0.09472572978805094,9.694983692730174,23.797595977783203,True,1,88.20833333333333,0.9794453945312616,0.022832366911803976,0.014559410485055517,2.114488171466332,"{""build_tower"":0.21327350023618327,""confirm_card_service_selection"":0.02834199338686821,""continue"":0.14218233349078885,""discard_treasure"":0.0,""place_tower"":0.0668398677373642,""purchase_shop_item"":0.11880018894662257,""remove_tower"":0.0,""reroll"":0.0675484175720359,""select_card_service_card"":0.02834199338686821,""select_treasure"":0.02432687765706188,""start_defense"":0.21327350023618327,""use_inventory_item"":0.09707132735002362}"
lrhalf_R1,20,37.0153394540151,36.605358600616455,0.5530797243118286,0.031798966830766336,0.016362698670918104,0.03117557752000935,0.05717075851954717,0.017360859737142593,0.07441683579236269,8.91792514744927,33.088829040527344,True,2,88.95833333333333,0.9817509093731964,0.018704024088733336,0.01079471136772019,2.0544938310732155,"{""build_tower"":0.21241217798594847,""confirm_card_service_selection"":0.027166276346604217,""continue"":0.14566744730679157,""discard_treasure"":0.0,""place_tower"":0.06580796252927401,""purchase_shop_item"":0.11569086651053864,""remove_tower"":0.0,""reroll"":0.07423887587822015,""select_card_service_card"":0.027400468384074943,""select_treasure"":0.02576112412177986,""start_defense"":0.21241217798594847,""use_inventory_item"":0.09344262295081968}"
lrhalf_R1,21,38.54083959261576,,,0.02755690240533156,0.012560569874756797,0.029246616729155735,0.04174818720441411,0.022074860323940543,0.07692444365885523,7.37396976462117,33.76325988769531,True,3,91.85416666666667,0.9796629816691469,0.01972800833000629,0.0057403804147960966,2.0936754732305065,"{""build_tower"":0.214107507371286,""confirm_card_service_selection"":0.026536629621229303,""continue"":0.14515763211612612,""discard_treasure"":0.0,""place_tower"":0.06146518484917215,""purchase_shop_item"":0.11726014969380812,""remove_tower"":0.0,""reroll"":0.0723520072578816,""select_card_service_card"":0.027217056021773645,""select_treasure"":0.024268541619414833,""start_defense"":0.214107507371286,""use_inventory_item"":0.09752778407802223}"
lrhalf_R1,22,37.43026030063629,,,0.03784501074703839,0.013698561290589016,0.03661749791353941,0.0462448565631087,0.0300036305514582,0.07737014617990046,7.2833698567222145,18.150148391723633,True,2,90.375,0.9838389880693007,0.015191929305300993,0.01270088616429883,2.057689438901203,"{""build_tower"":0.210696173351775,""confirm_card_service_selection"":0.03065928999538958,""continue"":0.14499769479022592,""discard_treasure"":0.0,""place_tower"":0.06938681420009221,""purchase_shop_item"":0.11756569847856155,""remove_tower"":0.0,""reroll"":0.06800368833563854,""select_card_service_card"":0.030889810972798526,""select_treasure"":0.02466574458275703,""start_defense"":0.210696173351775,""use_inventory_item"":0.09243891194098663}"
lrhalf_R1,23,36.26216244697571,,,0.043227906295568705,0.018343661167593846,0.042350989054231084,0.04452971604318577,0.025720642138313612,0.0753413868301055,6.162087047801299,25.83736228942871,True,1,86.0625,0.9835192724975511,0.017584672471617952,0.01827147348290857,2.050706550406792,"{""build_tower"":0.21568627450980393,""confirm_card_service_selection"":0.024691358024691357,""continue"":0.13870733478576616,""discard_treasure"":0.0,""place_tower"":0.07455821834906802,""purchase_shop_item"":0.11280561607358992,""remove_tower"":0.0,""reroll"":0.07213749697409828,""select_card_service_card"":0.024691358024691357,""select_treasure"":0.02493343016218833,""start_defense"":0.21568627450980393,""use_inventory_item"":0.09610263858629872}"
lrhalf_R1,24,37.863991578420006,,,0.044576541463606206,0.012468704932540573,0.04483594290084309,0.03614969125820686,0.025623169454370834,0.06868284857935375,11.066907167434692,39.9393310546875,True,1,91.77083333333333,0.9758761182751257,0.025023063955207665,0.013353598148872456,2.003824222438824,"{""build_tower"":0.211577752553916,""confirm_card_service_selection"":0.03064699205448354,""continue"":0.1434733257661748,""discard_treasure"":0.0,""place_tower"":0.06401816118047673,""purchase_shop_item"":0.11532349602724178,""remove_tower"":0.0,""reroll"":0.07650397275822929,""select_card_service_card"":0.030874006810442677,""select_treasure"":0.025425652667423384,""start_defense"":0.211577752553916,""use_inventory_item"":0.0905788876276958}"
lrhalf_R1,25,37.226393938064575,36.5377227216959,0.4854438453912735,0.04971660107415297,0.014546770676107674,0.048170039223300085,0.0609814639379229,0.046817378817650024,0.111935763930281,12.004582272635567,43.77833938598633,True,1,91.5,0.9826736422772332,0.019170815642509196,0.031768293068226844,2.0535870568227965,"{""build_tower"":0.20719489981785064,""confirm_card_service_selection"":0.03164845173041894,""continue"":0.14025500910746813,""discard_treasure"":0.0,""place_tower"":0.06671220400728597,""purchase_shop_item"":0.12135701275045538,""remove_tower"":0.0,""reroll"":0.07331511839708561,""select_card_service_card"":0.03210382513661202,""select_treasure"":0.024362477231329692,""start_defense"":0.20719489981785064,""use_inventory_item"":0.09585610200364299}"
lrhalf_R1,26,36.34096463521322,,,0.04947572271161049,0.01801903466379276,0.051435749375206584,0.05777456731463501,0.033344450572793206,0.08315517095958486,13.685298425309798,194.2218780517578,True,2,85.8125,0.979349342878575,0.019336556988384795,0.04031554261660751,2.04835489698335,"{""build_tower"":0.21558630735615442,""confirm_card_service_selection"":0.027433843165816946,""continue"":0.14032532168001943,""discard_treasure"":0.00024277737314882253,""place_tower"":0.071133770332605,""purchase_shop_item"":0.11264870114105366,""remove_tower"":0.0,""reroll"":0.07186210245205146,""select_card_service_card"":0.027676620538965767,""select_treasure"":0.02524884680747754,""start_defense"":0.21558630735615442,""use_inventory_item"":0.09225540179655256}"
lrhalf_R1,27,38.620908419291176,,,0.0503968682123126,0.01741435320606808,0.04835801201665567,0.07417677619871381,0.014012333733666714,0.0750325522902939,6.218974661495951,27.978511810302734,True,4,91.58333333333333,0.9735189848167951,0.020386414809359446,0.0027171868779179123,1.9958740774850556,"{""build_tower"":0.2156505914467698,""confirm_card_service_selection"":0.03002729754322111,""continue"":0.14763421292083712,""discard_treasure"":0.0,""place_tower"":0.06301182893539581,""purchase_shop_item"":0.11419472247497725,""remove_tower"":0.0,""reroll"":0.06824385805277525,""select_card_service_card"":0.03002729754322111,""select_treasure"":0.025477707006369428,""start_defense"":0.2156505914467698,""use_inventory_item"":0.09008189262966333}"
lrhalf_R1,28,37.0678436756134,,,0.04712334188425364,0.01847365688311819,0.04818535201689776,0.059216421122099946,0.0213338462590935,0.0726052988320589,4.564736597678241,11.40894603729248,True,2,87.25,0.9819812123171803,0.017638460596037263,0.0024639109752195723,2.0897867198243607,"{""build_tower"":0.21657115568290353,""confirm_card_service_selection"":0.024355300859598854,""continue"":0.14207258834765998,""discard_treasure"":0.0,""place_tower"":0.06423113658070678,""purchase_shop_item"":0.11294173829990449,""remove_tower"":0.0,""reroll"":0.07736389684813753,""select_card_service_card"":0.024355300859598854,""select_treasure"":0.025310410697230182,""start_defense"":0.21657115568290353,""use_inventory_item"":0.09622731614135625}"
lrhalf_R1,29,38.02846670150757,,,0.05058310184252378,0.017803988494659653,0.04275348150700915,0.08132142449899042,0.014958388983573883,0.0808285477699018,4.675580030562831,20.863529205322266,True,3,90.375,0.9794236587716265,0.017015353429551218,0.00864116896820419,2.0665327537325657,"{""build_tower"":0.21346242508068233,""confirm_card_service_selection"":0.027662517289073305,""continue"":0.1413093591516828,""discard_treasure"":0.0,""place_tower"":0.07100046104195482,""purchase_shop_item"":0.11341632088520055,""remove_tower"":0.0,""reroll"":0.07376671277086215,""select_card_service_card"":0.028354080221300138,""select_treasure"":0.024435223605348087,""start_defense"":0.21346242508068233,""use_inventory_item"":0.09313047487321346}"
lrhalf_R1,30,36.328118761380516,36.60405316948891,0.5517742931842804,0.03519535836473249,0.019045040664158384,0.03580242849420756,0.08105542677069683,0.016466949407003995,0.03592936205677688,2.3958159764297307,8.007131576538086,True,2,85.0,0.9781937234585628,0.01998288431786932,0.00023610261268913746,2.1073225914770006,"{""build_tower"":0.2178921568627451,""confirm_card_service_selection"":0.026715686274509803,""continue"":0.13897058823529412,""discard_treasure"":0.00024509803921568627,""place_tower"":0.07181372549019607,""purchase_shop_item"":0.11078431372549019,""remove_tower"":0.0,""reroll"":0.07009803921568628,""select_card_service_card"":0.027205882352941177,""select_treasure"":0.025,""start_defense"":0.2178921568627451,""use_inventory_item"":0.09338235294117647}"
lrhalf_R1,31,37.02463106314341,,,0.03273481367254758,0.016075484081466054,0.03155448836931849,0.05206406816558033,0.013939150478108786,0.048636196838582266,2.8030445106765804,10.183817863464355,False,4,88.02083333333333,0.9800851974539455,0.01620627545258578,0.003825467353796258,2.0473755764105968,"{""build_tower"":0.2149112426035503,""confirm_card_service_selection"":0.02911242603550296,""continue"":0.14201183431952663,""discard_treasure"":0.0,""place_tower"":0.06887573964497042,""purchase_shop_item"":0.11266272189349112,""remove_tower"":0.0,""reroll"":0.0736094674556213,""select_card_service_card"":0.029349112426035502,""select_treasure"":0.02485207100591716,""start_defense"":0.2149112426035503,""use_inventory_item"":0.08970414201183433}"
lrhalf_R1,32,38.944635113080345,,,0.030744812907131894,0.014682274202682631,0.025587418375329837,0.04126722848112052,0.019274722352242354,0.05344828625244123,3.226618085746412,8.437946319580078,True,3,94.64583333333333,0.9693733170862768,0.02580798079294187,0.006642454480579881,2.0620261522499104,"{""build_tower"":0.20977327756988773,""confirm_card_service_selection"":0.02817521461589258,""continue"":0.14395773717807617,""discard_treasure"":0.0,""place_tower"":0.06603565925599823,""purchase_shop_item"":0.12040501871010345,""remove_tower"":0.0,""reroll"":0.07021791767554479,""select_card_service_card"":0.028615452344265904,""select_treasure"":0.02465331278890601,""start_defense"":0.20977327756988773,""use_inventory_item"":0.09839313229143738}"
lrhalf_R1,33,36.14143137137095,,,0.028074019298143293,0.014313792363695595,0.033885931596159935,0.055349695092665824,0.024259450215140532,0.060465869784820825,4.7473682928830385,18.452117919921875,True,2,84.52083333333333,0.9830746078621193,0.016516524337930605,0.0075963463459629565,2.1222368760775,"{""build_tower"":0.21838797140744393,""confirm_card_service_selection"":0.023169829923588858,""continue"":0.13827951688439732,""discard_treasure"":0.0,""place_tower"":0.0702489524279024,""purchase_shop_item"":0.11215183633226522,""remove_tower"":0.0,""reroll"":0.07271382795168845,""select_card_service_card"":0.023416317475967462,""select_treasure"":0.025388217894996304,""start_defense"":0.21838797140744393,""use_inventory_item"":0.09785555829430614}"
lrhalf_R1,34,36.31511251131693,,,0.028130531260382997,0.01400173345849031,0.028484295689850114,0.07221291757502951,0.015684757813467343,0.039575079616042785,3.1299306638538837,9.038887977600098,False,4,84.39583333333333,0.9821830771041833,0.013992261767270975,0.004545936128124595,2.1317200497081545,"{""build_tower"":0.2199456924216243,""confirm_card_service_selection"":0.02493211552703036,""continue"":0.14070599851888424,""discard_treasure"":0.0,""place_tower"":0.07504319921007159,""purchase_shop_item"":0.1091088620093804,""remove_tower"":0.0,""reroll"":0.06689706245371513,""select_card_service_card"":0.02517896815601086,""select_treasure"":0.025425820784991362,""start_defense"":0.2199456924216243,""use_inventory_item"":0.09281658849666749}"
lrhalf_R1,35,37.05809803803762,36.6196468770504,0.5673680007457733,0.03061583938579238,0.016146908040243123,0.029575287912260082,0.05634337612657729,0.019416627014988187,0.03711703441598836,3.584586242104278,16.19569206237793,True,2,86.89583333333333,0.977159043430208,0.020232383764403707,0.009400379652266993,2.0393276644521867,"{""build_tower"":0.21625509470151044,""confirm_card_service_selection"":0.02685207384320307,""continue"":0.13689762646847278,""discard_treasure"":0.0004795013186286262,""place_tower"":0.06856868856389355,""purchase_shop_item"":0.11124430592184129,""remove_tower"":0.0,""reroll"":0.07935746823303765,""select_card_service_card"":0.02685207384320307,""select_treasure"":0.025173819228002877,""start_defense"":0.21625509470151044,""use_inventory_item"":0.09206425317669624}"
lrhalf_R1,36,36.497087359428406,,,0.02999358674236123,0.016180375803173035,0.030006404390887302,0.05575742647189588,0.023113353793366334,0.039020721910192686,3.904738310505362,21.000917434692383,True,2,87.625,0.982481760582697,0.01563000720103874,0.007412553819663385,2.0043567239890994,"{""build_tower"":0.21302900618164528,""confirm_card_service_selection"":0.028530670470756064,""continue"":0.1445553970518307,""discard_treasure"":0.0,""place_tower"":0.06871136471707086,""purchase_shop_item"":0.11412268188302425,""remove_tower"":0.0,""reroll"":0.07203994293865906,""select_card_service_card"":0.028530670470756064,""select_treasure"":0.024726581074655255,""start_defense"":0.21302900618164528,""use_inventory_item"":0.09272467902995721}"
lrhalf_R1,37,37.505337595939636,,,0.028525133431062836,0.013651649200144606,0.028056872241637287,0.05827857407063115,0.02149789706434639,0.04708168005534247,4.516327428467133,17.345680236816406,True,3,86.64583333333333,0.9777380783339941,0.0163583895008938,0.010142758397348956,2.035675983284816,"{""build_tower"":0.22144746333253185,""confirm_card_service_selection"":0.028853089685020438,""continue"":0.13729261841788892,""discard_treasure"":0.00024044241404183698,""place_tower"":0.06299591247896129,""purchase_shop_item"":0.11012262563116133,""remove_tower"":0.0,""reroll"":0.07381582111084395,""select_card_service_card"":0.028853089685020438,""select_treasure"":0.02524645347439288,""start_defense"":0.22144746333253185,""use_inventory_item"":0.08968502043760519}"
lrhalf_R1,38,38.6838063398997,,,0.03157210163753536,0.017391066432523732,0.03400759705725838,0.08491671670769488,0.026325030226871604,0.05421987877172582,5.36456231509938,15.393585205078125,True,2,90.08333333333333,0.9698207245659358,0.024302666459013435,0.010086707989959157,2.038137963649909,"{""build_tower"":0.21970397779833487,""confirm_card_service_selection"":0.028445883441258094,""continue"":0.13922294172062905,""discard_treasure"":0.00046253469010175765,""place_tower"":0.06244218316373728,""purchase_shop_item"":0.11401480111008326,""remove_tower"":0.0,""reroll"":0.06845513413506013,""select_card_service_card"":0.028677150786308975,""select_treasure"":0.02567067530064755,""start_defense"":0.21970397779833487,""use_inventory_item"":0.09320074005550416}"
lrhalf_R1,39,36.004937728246055,,,0.030162845362214,0.01793894718991009,0.030665721860714257,0.0912807170830167,0.010562817409208947,0.04214499810768757,4.237728426232934,14.279878616333008,True,4,82.85416666666667,0.9778866912031658,0.016269915286102332,0.003245780688303057,2.0121620265714992,"{""build_tower"":0.2225295448830777,""confirm_card_service_selection"":0.023384460648730197,""continue"":0.13930098063867236,""discard_treasure"":0.0,""place_tower"":0.06789036962534574,""purchase_shop_item"":0.10686447070656274,""remove_tower"":0.0,""reroll"":0.07669097309529796,""select_card_service_card"":0.023384460648730197,""select_treasure"":0.02539602715614785,""start_defense"":0.2225295448830777,""use_inventory_item"":0.09202916771435755}"
lrhalf_R1,40,37.37455828984579,36.57721336185932,0.5249344855546951,0.03438143800620695,0.017626948892653697,0.03571624045862871,0.08731789281053438,0.02181560402523739,0.05678240374168929,4.797139667412814,16.33913230895996,True,2,89.25,0.9792641448079068,0.018897653749103054,0.008058969136875342,2.1036743204431985,"{""build_tower"":0.21335200746965452,""confirm_card_service_selection"":0.029178338001867414,""continue"":0.14145658263305322,""discard_treasure"":0.00023342670401493932,""place_tower"":0.06839402427637722,""purchase_shop_item"":0.11507936507936507,""remove_tower"":0.0,""reroll"":0.07259570494864613,""select_card_service_card"":0.029411764705882353,""select_treasure"":0.024976657329598508,""start_defense"":0.21335200746965452,""use_inventory_item"":0.0919701213818861}"
lrhalf_R2,1,37.885716676712036,,,0.010656055492605666,0.00019403201114605054,0.01515237260644105,0.020686773494337913,0.0004870314408077111,0.0036085812265382092,0.14132290781366036,1.4714715480804443,False,4,86.25,0.9616995783812917,0.03504641822484486,-0.0037232586662011113,2.113304359258427,"{""build_tower"":0.2248792270531401,""confirm_card_service_selection"":0.025603864734299518,""continue"":0.14057971014492754,""discard_treasure"":0.0,""place_tower"":0.06980676328502415,""purchase_shop_item"":0.10990338164251208,""remove_tower"":0.0,""reroll"":0.06231884057971015,""select_card_service_card"":0.025603864734299518,""select_treasure"":0.02608695652173913,""start_defense"":0.2248792270531401,""use_inventory_item"":0.09033816425120773}"
lrhalf_R2,2,36.14458974202474,,,0.028650588313543612,0.015841243369438485,0.02933015899907332,0.0619374038470149,0.0020667784575607584,0.007380522496532649,0.4348261925915722,2.27314829826355,False,4,82.6875,0.9780991582736166,0.0189462286507478,-0.0017150769708678126,2.164265358223141,"{""build_tower"":0.22247417485512724,""confirm_card_service_selection"":0.022171831695641218,""continue"":0.1385739480977576,""discard_treasure"":0.0,""place_tower"":0.06374401612496851,""purchase_shop_item"":0.11539430587049634,""remove_tower"":0.0,""reroll"":0.06575963718820861,""select_card_service_card"":0.022171831695641218,""select_treasure"":0.0254472159234064,""start_defense"":0.22247417485512724,""use_inventory_item"":0.1017888636936256}"
lrhalf_R2,3,38.05660009384155,,,0.04116035622832297,0.026071548784895128,0.04050462729194098,0.14753675186998055,0.0013985683770619693,0.006443010850085152,0.8071500199536482,9.515791893005371,False,4,91.35416666666667,0.9766091814568261,0.019247751191465393,-0.004287400751814453,2.1034281506446297,"{""build_tower"":0.21277080957810718,""confirm_card_service_selection"":0.028734321550741165,""continue"":0.14321550741163055,""discard_treasure"":0.0,""place_tower"":0.07274800456100342,""purchase_shop_item"":0.11812998859749145,""remove_tower"":0.0,""reroll"":0.06316989737742304,""select_card_service_card"":0.02919042189281642,""select_treasure"":0.024857468643101482,""start_defense"":0.21277080957810718,""use_inventory_item"":0.0944127708095781}"
lrhalf_R2,4,36.166868686676025,,,0.04924315398967179,0.03648988962321498,0.0486902559932787,0.05898504425013176,0.0022696903545238456,0.022655345790553838,1.6347623695619404,7.075296401977539,False,4,81.125,0.9754692854192212,0.019219049470848404,0.0006485276389867067,2.055546587660744,"{""build_tower"":0.2285567539804828,""confirm_card_service_selection"":0.023112480739599383,""continue"":0.14689265536723164,""discard_treasure"":0.0,""place_tower"":0.0721623009758603,""purchase_shop_item"":0.11119671289162815,""remove_tower"":0.0,""reroll"":0.04314329738058552,""select_card_service_card"":0.02336928608115049,""select_treasure"":0.026964560862865947,""start_defense"":0.2285567539804828,""use_inventory_item"":0.096045197740113}"
lrhalf_R2,5,36.70058520634969,36.41816484928131,0.36588597297668457,0.036040807317397554,0.023626992653633567,0.0353834432316944,0.045343915952254225,0.0023503881380335656,0.011592610710067675,0.8855888282996602,5.1140265464782715,False,4,82.5,0.9671320795080597,0.022780834828154184,-0.000987688938039355,2.0863601086266113,"{""build_tower"":0.22752525252525252,""confirm_card_service_selection"":0.026767676767676767,""continue"":0.14267676767676768,""discard_treasure"":0.0,""place_tower"":0.07095959595959596,""purchase_shop_item"":0.10732323232323232,""remove_tower"":0.0,""reroll"":0.053282828282828286,""select_card_service_card"":0.02727272727272727,""select_treasure"":0.026767676767676767,""start_defense"":0.22752525252525252,""use_inventory_item"":0.0898989898989899}"
lrhalf_R2,6,36.92279382546743,,,0.037586152307601144,0.02190908356175888,0.03266036596323829,0.020288728959909588,0.0035013486941866123,0.011961146781686693,0.5263556861318648,2.233116388320923,False,4,84.375,0.9742599065211075,0.020573566769598983,0.00024450830096611753,2.0939505756172685,"{""build_tower"":0.22444444444444445,""confirm_card_service_selection"":0.023209876543209877,""continue"":0.14864197530864198,""discard_treasure"":0.0,""place_tower"":0.0674074074074074,""purchase_shop_item"":0.11012345679012346,""remove_tower"":0.0,""reroll"":0.05901234567901235,""select_card_service_card"":0.02345679012345679,""select_treasure"":0.0254320987654321,""start_defense"":0.22444444444444445,""use_inventory_item"":0.09382716049382717}"
lrhalf_R2,7,37.383933226267494,,,0.026773250246232474,0.012759027197724331,0.028146874145022593,0.045665103113511504,0.000517885007326413,0.005451311379147228,0.550359874847345,2.557363748550415,False,4,85.10416666666667,0.9710019065665545,0.022412019738112576,-0.0003197187033947557,2.0484127825903484,"{""build_tower"":0.2244798041615667,""confirm_card_service_selection"":0.025703794369645042,""continue"":0.14173806609547124,""discard_treasure"":0.0002447980416156671,""place_tower"":0.06585067319461445,""purchase_shop_item"":0.11015911872705018,""remove_tower"":0.0,""reroll"":0.06340269277845777,""select_card_service_card"":0.025703794369645042,""select_treasure"":0.026438188494492042,""start_defense"":0.2244798041615667,""use_inventory_item"":0.09179926560587515}"
lrhalf_R2,8,36.35944747924805,,,0.034208433142719895,0.018775755402221258,0.03448170225601643,0.02213537751647596,0.0016295037398919021,0.008417217548412737,0.7939001852064393,5.165937900543213,False,4,82.70833333333333,0.971447989707121,0.02053384145256132,0.002128653861291241,2.163890320931559,"{""build_tower"":0.2239294710327456,""confirm_card_service_selection"":0.03224181360201511,""continue"":0.14408060453400504,""discard_treasure"":0.0,""place_tower"":0.06498740554156171,""purchase_shop_item"":0.11083123425692695,""remove_tower"":0.0,""reroll"":0.05642317380352645,""select_card_service_card"":0.03224181360201511,""select_treasure"":0.025692695214105794,""start_defense"":0.2239294710327456,""use_inventory_item"":0.08564231738035265}"
lrhalf_R2,9,37.42418773969015,,,0.02741269590875037,0.007793434078263537,0.03592319611240836,0.040449343458279045,0.0025566359244731485,0.007177975556046209,0.4341473205782035,2.872177839279175,False,4,88.0625,0.9785187374745062,0.017074502278667164,4.4815132723135105e-05,2.139054020545515,"{""build_tower"":0.21670215282706412,""confirm_card_service_selection"":0.02720605630470783,""continue"":0.14123491838183108,""discard_treasure"":0.0,""place_tower"":0.07381121362668559,""purchase_shop_item"":0.11402886207712326,""remove_tower"":0.0,""reroll"":0.063875088715401,""select_card_service_card"":0.02720605630470783,""select_treasure"":0.0255500354861604,""start_defense"":0.21670215282706412,""use_inventory_item"":0.0936834634492548}"
lrhalf_R2,10,38.277893821398415,36.534946992993355,0.48266811668872833,0.03752776902318697,0.015048086334991209,0.041843213580755725,0.038420292705529754,0.0012843305498159276,0.007778742298897769,0.7210849037704369,8.428147315979004,False,4,92.54166666666667,0.9759822836436182,0.021853843005374074,-0.001092258821396778,2.1211432571141726,"{""build_tower"":0.2120666366501576,""confirm_card_service_selection"":0.03241782980639352,""continue"":0.1380009004952724,""discard_treasure"":0.00022512381809995497,""place_tower"":0.07181449797388564,""purchase_shop_item"":0.12224223322827556,""remove_tower"":0.0,""reroll"":0.05965781179648807,""select_card_service_card"":0.03241782980639352,""select_treasure"":0.024313372354795137,""start_defense"":0.2120666366501576,""use_inventory_item"":0.09477712742008104}"
lrhalf_R2,11,37.13041671117147,,,0.030632410093435813,0.01064529771354795,0.029217192801297642,0.021061677574072894,0.006485142633053442,0.008148791748681106,0.46485277509782463,10.230504989624023,False,4,82.125,0.9773145428721238,0.017296405116212554,0.0021156212387722917,2.0576320198316833,"{""build_tower"":0.23033992897006594,""confirm_card_service_selection"":0.0258751902587519,""continue"":0.14231354642313546,""discard_treasure"":0.0,""place_tower"":0.0654490106544901,""purchase_shop_item"":0.10299340436326737,""remove_tower"":0.0,""reroll"":0.0639269406392694,""select_card_service_card"":0.0258751902587519,""select_treasure"":0.026889903602232368,""start_defense"":0.23033992897006594,""use_inventory_item"":0.08599695585996955}"
lrhalf_R2,12,37.31704366207123,,,0.02937347134035067,0.001599505548291819,0.028476352625362137,0.028284847670872387,0.0014176611431617617,0.008023328503922504,0.13431890892303167,0.8509465456008911,False,4,87.35416666666667,0.9821975124309653,0.014795186491135289,-5.9652785934946115e-05,2.1012313071702313,"{""build_tower"":0.21893632244216552,""confirm_card_service_selection"":0.02790364893870737,""continue"":0.1380872883377057,""discard_treasure"":0.0,""place_tower"":0.07011686143572621,""purchase_shop_item"":0.11423801574051991,""remove_tower"":0.0,""reroll"":0.0639160505604579,""select_card_service_card"":0.028142141664679227,""select_treasure"":0.02551872167898879,""start_defense"":0.21893632244216552,""use_inventory_item"":0.09420462675888386}"
lrhalf_R2,13,38.02169760068258,,,0.028764543183151595,0.003918809126251362,0.03119737742578282,0.039891114962277395,0.0004873388164362362,0.004452902631943717,0.19421105987994985,0.5992294549942017,False,4,87.27083333333333,0.9794029728375123,0.017190157435834408,-0.0004618816105101038,2.096509565072573,"{""build_tower"":0.22248746717593698,""confirm_card_service_selection"":0.023872045834328,""continue"":0.1446645977560277,""discard_treasure"":0.0,""place_tower"":0.07018381475292433,""purchase_shop_item"":0.10885652900453568,""remove_tower"":0.0,""reroll"":0.06517068512771544,""select_card_service_card"":0.024110766292671282,""select_treasure"":0.02578180950107424,""start_defense"":0.22248746717593698,""use_inventory_item"":0.09238481737884936}"
lrhalf_R2,14,38.458710511525474,,,0.037574877036934844,0.010995243689845925,0.034997737774734985,0.0781112599096624,0.0011498877108271485,0.005929378655684345,0.38906869809965,4.003057956695557,False,4,90.47916666666667,0.977585629431294,0.01714064914952306,-0.00028913038070587553,2.074345885422368,"{""build_tower"":0.2164402486760304,""confirm_card_service_selection"":0.025558369790467418,""continue"":0.14045590605572186,""discard_treasure"":0.0,""place_tower"":0.06447156343541331,""purchase_shop_item"":0.1181211144370251,""remove_tower"":0.0,""reroll"":0.0690766751093714,""select_card_service_card"":0.025788625374165323,""select_treasure"":0.02509785862307161,""start_defense"":0.2164402486760304,""use_inventory_item"":0.0985493898227032}"
lrhalf_R2,15,37.48577090104421,36.60008679330349,0.5478079169988632,0.047918156124423246,0.023330549264477272,0.0435687473800499,0.08464096381185046,0.0014795750521159334,0.010514897090615705,0.570082702441141,1.676512598991394,False,4,83.39583333333333,0.9739594297151536,0.01731489568192046,-0.002282507950440049,2.0855837208327057,"{""build_tower"":0.2285785660754434,""confirm_card_service_selection"":0.02398201348988259,""continue"":0.13889582812890333,""discard_treasure"":0.0,""place_tower"":0.0632025980514614,""purchase_shop_item"":0.11241568823382463,""remove_tower"":0.0,""reroll"":0.057706719960029976,""select_card_service_card"":0.024231826130402197,""select_treasure"":0.02623032725455908,""start_defense"":0.2285785660754434,""use_inventory_item"":0.09617786660004997}"
lrhalf_R2,16,36.862403988838196,,,0.04235709608500613,0.01998026171404839,0.04688750929199159,0.07578498396801786,0.0026871120991245334,0.015476629952900112,1.048386445036158,4.369425296783447,False,4,85.125,0.9800582501786697,0.01657652240828611,0.00011129528866149485,2.055242256748723,"{""build_tower"":0.22075379344101811,""confirm_card_service_selection"":0.027165932452276064,""continue"":0.14096916299559473,""discard_treasure"":0.0,""place_tower"":0.07440039158100832,""purchase_shop_item"":0.11674008810572688,""remove_tower"":0.0,""reroll"":0.048947626040137054,""select_card_service_card"":0.027900146842878122,""select_treasure"":0.02569750367107195,""start_defense"":0.22075379344101811,""use_inventory_item"":0.09667156142927068}"
lrhalf_R2,17,37.4080585638682,,,0.05107773217367731,0.022572152190053263,0.04630714253289625,0.08898680355099159,0.0016350883471147881,0.012069248899933882,0.5859139087842777,2.654252529144287,False,4,84.20833333333333,0.9766343460286568,0.017246488816454075,-8.713672286830842e-05,2.0785428976113844,"{""build_tower"":0.22662048490846115,""confirm_card_service_selection"":0.02078179119247897,""continue"":0.1392874814448293,""discard_treasure"":0.0,""place_tower"":0.0677882236516576,""purchase_shop_item"":0.11281543790202869,""remove_tower"":0.0,""reroll"":0.06036615536862939,""select_card_service_card"":0.02078179119247897,""select_treasure"":0.026224641266699655,""start_defense"":0.22662048490846115,""use_inventory_item"":0.09871350816427511}"
lrhalf_R2,18,35.77432493368784,,,0.04411834988758931,0.017038545603618536,0.04594424442620948,0.09852737857294916,0.0021111362264321087,0.011267089867033064,0.7112468125415035,4.128446102142334,False,4,83.33333333333333,0.9812420363626951,0.013957426024717279,-0.0009620036798878573,2.062091509340331,"{""build_tower"":0.21825,""confirm_card_service_selection"":0.02625,""continue"":0.13975,""discard_treasure"":0.0,""place_tower"":0.0735,""purchase_shop_item"":0.11775,""remove_tower"":0.0,""reroll"":0.056,""select_card_service_card"":0.02625,""select_treasure"":0.02525,""start_defense"":0.21825,""use_inventory_item"":0.09875}"
lrhalf_R2,19,36.18155189355215,,,0.05803216732108121,0.022102653631557955,0.06272810511291027,0.14667093610761486,0.0043913994758497665,0.019673665417940356,0.6517371323425323,3.326481580734253,False,4,82.0,0.9840399794139232,0.013311746981344186,0.0008168433414539322,2.063128556904754,"{""build_tower"":0.22484756097560976,""confirm_card_service_selection"":0.028709349593495935,""continue"":0.14126016260162602,""discard_treasure"":0.00025406504065040653,""place_tower"":0.06377032520325203,""purchase_shop_item"":0.11229674796747967,""remove_tower"":0.0,""reroll"":0.05945121951219512,""select_card_service_card"":0.028709349593495935,""select_treasure"":0.02540650406504065,""start_defense"":0.22484756097560976,""use_inventory_item"":0.09044715447154472}"
lrhalf_R2,20,37.631937543551125,36.66441331803799,0.6121344417333603,0.06992095401779772,0.02458660316064358,0.06623570012914784,0.13665492616291075,0.002210078964942434,0.013037800186258905,0.5922644255573258,2.6718716621398926,False,4,86.97916666666667,0.9770278184727735,0.01580401337431634,0.004264176220578306,1.9959519627061255,"{""build_tower"":0.22131736526946108,""confirm_card_service_selection"":0.028263473053892214,""continue"":0.14323353293413174,""discard_treasure"":0.0,""place_tower"":0.06347305389221557,""purchase_shop_item"":0.11449101796407185,""remove_tower"":0.0,""reroll"":0.058682634730538925,""select_card_service_card"":0.02874251497005988,""select_treasure"":0.025868263473053894,""start_defense"":0.22131736526946108,""use_inventory_item"":0.09461077844311377}"
lrhalf_R2,21,36.48485847314199,,,0.06306690547023003,0.0196516835464369,0.07448439975269139,0.1957238385362607,0.003203737433011611,0.014105082664173096,0.6106068177614361,3.9614977836608887,False,4,84.47916666666667,0.9804711180871651,0.013996101581142284,-0.0011862767350976355,2.0304999929256784,"{""build_tower"":0.22071516646115907,""confirm_card_service_selection"":0.025893958076448828,""continue"":0.1376078914919852,""discard_treasure"":0.0,""place_tower"":0.07127003699136868,""purchase_shop_item"":0.11565967940813811,""remove_tower"":0.0,""reroll"":0.05770653514180025,""select_card_service_card"":0.026140567200986436,""select_treasure"":0.025893958076448828,""start_defense"":0.22071516646115907,""use_inventory_item"":0.09839704069050555}"
lrhalf_R2,22,37.35178542137146,,,0.0966693924274558,0.014888667533773664,0.09705445417613887,0.23157329397371393,0.0034885160705031737,0.02069655992090702,0.584567196557627,2.001023292541504,False,4,85.91666666666667,0.9820669068300708,0.013933825416161734,-0.002695537240737501,2.0480783232826485,"{""build_tower"":0.22138700290979632,""confirm_card_service_selection"":0.030795344325897187,""continue"":0.14209505334626577,""discard_treasure"":0.0,""place_tower"":0.06328806983511154,""purchase_shop_item"":0.11566440349175558,""remove_tower"":0.0,""reroll"":0.05722599418040737,""select_card_service_card"":0.030795344325897187,""select_treasure"":0.025460717749757517,""start_defense"":0.22138700290979632,""use_inventory_item"":0.09190106692531523}"
lrhalf_R2,23,36.76757287979126,,,0.10018526601358271,0.018260405777725554,0.09356865746667609,0.21514507895148008,0.002001202857172757,0.014446906337980181,0.5858390114735812,2.506523609161377,False,4,84.41666666666667,0.9794261147815645,0.0146948399633402,-0.000941385434998665,2.0802478485805995,"{""build_tower"":0.22186574531095754,""confirm_card_service_selection"":0.02665350444225074,""continue"":0.14363277393879564,""discard_treasure"":0.0,""place_tower"":0.06539980256663376,""purchase_shop_item"":0.11204343534057255,""remove_tower"":0.0,""reroll"":0.06194471865745311,""select_card_service_card"":0.02665350444225074,""select_treasure"":0.025913129318854887,""start_defense"":0.22186574531095754,""use_inventory_item"":0.09402764067127345}"
lrhalf_R2,24,36.93060811360677,,,0.1017669590265785,0.017861168697059553,0.11184167582541704,0.21299565927453104,0.002167543205189304,0.018807547450705897,0.5261479547480121,2.599583148956299,False,4,84.66666666666667,0.98221183954996,0.014186243162839673,-0.0005116004103911109,2.121758062812302,"{""build_tower"":0.22293307086614172,""confirm_card_service_selection"":0.023622047244094488,""continue"":0.14148622047244094,""discard_treasure"":0.0,""place_tower"":0.06988188976377953,""purchase_shop_item"":0.11023622047244094,""remove_tower"":0.0,""reroll"":0.06496062992125984,""select_card_service_card"":0.02386811023622047,""select_treasure"":0.025836614173228346,""start_defense"":0.22293307086614172,""use_inventory_item"":0.09424212598425197}"
lrhalf_R2,25,37.174991488456726,36.81984458863735,0.7675657123327255,0.10269534801014751,0.020451044187566336,0.11993762763107524,0.35326919977948135,0.003739470766263634,0.024333639782579505,0.5380021151812637,1.9367666244506836,False,4,85.95833333333333,0.9779830840398978,0.016156878746936425,-0.0031145725618390474,2.1340377220542677,"{""build_tower"":0.22152205525933108,""confirm_card_service_selection"":0.027872031022782354,""continue"":0.13742123121667474,""discard_treasure"":0.0,""place_tower"":0.0681047018904508,""purchase_shop_item"":0.11318468250121183,""remove_tower"":0.0,""reroll"":0.06253029568589433,""select_card_service_card"":0.027872031022782354,""select_treasure"":0.02593310712554532,""start_defense"":0.22152205525933108,""use_inventory_item"":0.09403780901599612}"
lrhalf_R2,26,36.9019521077474,,,0.1465260445029625,0.02347753139142068,0.1556017231196165,0.41102031979836,0.003958971083835315,0.02454044119290569,0.6648093192454647,3.5465123653411865,False,4,86.16666666666667,0.9846964039509956,0.013594956301590976,-0.003055708835531464,2.102902698322475,"{""build_tower"":0.21881044487427467,""confirm_card_service_selection"":0.027079303675048357,""continue"":0.1370889748549323,""discard_treasure"":0.0,""place_tower"":0.06866537717601548,""purchase_shop_item"":0.11460348162475822,""remove_tower"":0.0,""reroll"":0.0672147001934236,""select_card_service_card"":0.027321083172147,""select_treasure"":0.024903288201160542,""start_defense"":0.21881044487427467,""use_inventory_item"":0.09550290135396518}"
lrhalf_R2,27,37.009535590807594,,,0.1513932354488853,0.029251431260609168,0.15059737280449448,0.4301642731027468,0.003605752514083767,0.029340960633228805,0.6658683033550487,1.713868498802185,False,4,87.125,0.984256792307508,0.01324884153847747,-0.0017269902917392114,2.031605867849372,"{""build_tower"":0.21736011477761835,""confirm_card_service_selection"":0.02702056432329029,""continue"":0.13605930176948827,""discard_treasure"":0.0,""place_tower"":0.07101865136298421,""purchase_shop_item"":0.11645145863223338,""remove_tower"":0.0,""reroll"":0.06360593017694882,""select_card_service_card"":0.027259684361549498,""select_treasure"":0.02654232424677188,""start_defense"":0.21736011477761835,""use_inventory_item"":0.09732185557149689}"
lrhalf_R2,28,38.069860418637596,,,0.15727160977685858,0.0337043836557494,0.1531827544026515,0.4589326025531285,0.0026989784819306806,0.02646393678151071,0.6400683765463969,2.170623302459717,False,4,88.5,0.977224150960456,0.01730475722647765,-0.0013516479692257503,1.9989995072751872,"{""build_tower"":0.2196327683615819,""confirm_card_service_selection"":0.025659133709981168,""continue"":0.13959510357815444,""discard_treasure"":0.00023540489642184556,""place_tower"":0.06473634651600753,""purchase_shop_item"":0.11134651600753295,""remove_tower"":0.0,""reroll"":0.07415254237288135,""select_card_service_card"":0.025894538606403013,""select_treasure"":0.026129943502824857,""start_defense"":0.2196327683615819,""use_inventory_item"":0.092984934086629}"
lrhalf_R2,29,37.13884564240774,,,0.15300251225465133,0.03144561445521055,0.1455092991099638,0.46295916723143504,0.002785448537050637,0.026753048768595737,0.5211923580397578,1.4541326761245728,False,4,89.60416666666667,0.9778240613485228,0.01511956365121638,-0.0019050971262485666,2.0341889017998436,"{""build_tower"":0.21111369448965356,""confirm_card_service_selection"":0.02976052080911416,""continue"":0.1443850267379679,""discard_treasure"":0.0,""place_tower"":0.06626365961404325,""purchase_shop_item"":0.11369448965356893,""remove_tower"":0.0,""reroll"":0.07556382236689142,""select_card_service_card"":0.030225528946756567,""select_treasure"":0.02557544757033248,""start_defense"":0.21111369448965356,""use_inventory_item"":0.09230411532201814}"
lrhalf_R2,30,37.05450431505839,37.84803122282028,1.7957523465156555,0.13731129964134198,0.02494345286320787,0.16424797705429442,0.5403382725844528,0.0041656963116753,0.029363620478440735,0.4299719007137944,1.0101964473724365,False,4,89.70833333333333,0.9850818061103662,0.011811883291503525,-0.0026799297347144388,2.052935181886366,"{""build_tower"":0.21179749187180677,""confirm_card_service_selection"":0.023223409196470042,""continue"":0.14491407338597306,""discard_treasure"":0.0,""place_tower"":0.06967022758941012,""purchase_shop_item"":0.1133302368787738,""remove_tower"":0.0,""reroll"":0.08012076172782165,""select_card_service_card"":0.023687877380399444,""select_treasure"":0.024384579656293544,""start_defense"":0.21179749187180677,""use_inventory_item"":0.09707385044124478}"
lrhalf_R2,31,38.309639732042946,,,0.1761097688810275,0.03127422751538561,0.1691969840062989,0.5896631792173284,0.0021587283878387905,0.025726273138489988,0.4829629057397445,1.5277061462402344,False,4,93.79166666666667,0.9806630572993672,0.014465813072294824,-0.00414558354855722,2.030764293273963,"{""build_tower"":0.2079075966237228,""confirm_card_service_selection"":0.02798756108396268,""continue"":0.14304753442914261,""discard_treasure"":0.0,""place_tower"":0.06197245668591737,""purchase_shop_item"":0.12061306086183918,""remove_tower"":0.0,""reroll"":0.07974233673922701,""select_card_service_card"":0.028209684584629052,""select_treasure"":0.024433585073300755,""start_defense"":0.2079075966237228,""use_inventory_item"":0.09817858729453577}"
lrhalf_R2,32,37.23388560612997,,,0.1838119122620043,0.038611412158582534,0.17326883533421686,0.6165565659157144,0.0019668515997182112,0.023273836355656385,0.5369332974009654,1.3334697484970093,False,4,88.64583333333333,0.9828330020515745,0.012130402932491373,-0.001969963387476609,1.9989598533635484,"{""build_tower"":0.21410105757931844,""confirm_card_service_selection"":0.02608695652173913,""continue"":0.13490011750881317,""discard_treasure"":0.0,""place_tower"":0.0681551116333725,""purchase_shop_item"":0.11445358401880142,""remove_tower"":0.0,""reroll"":0.08155111633372503,""select_card_service_card"":0.02608695652173913,""select_treasure"":0.02444183313748531,""start_defense"":0.21410105757931844,""use_inventory_item"":0.09612220916568742}"
lrhalf_R2,33,38.764895717302956,,,0.17205829866491165,0.0343961478151845,0.17012585471901628,0.5863471397298614,0.001704860816163192,0.01745005120109353,0.46627764258947635,1.7678735256195068,False,4,95.75,0.9761482077906305,0.015615756558771763,-0.0014670959596211712,2.0541640890995647,"{""build_tower"":0.206266318537859,""confirm_card_service_selection"":0.024586597040905135,""continue"":0.14251523063533508,""discard_treasure"":0.0,""place_tower"":0.07136640557006092,""purchase_shop_item"":0.11879895561357702,""remove_tower"":0.0,""reroll"":0.08028720626631854,""select_card_service_card"":0.024586597040905135,""select_treasure"":0.024586597040905135,""start_defense"":0.206266318537859,""use_inventory_item"":0.10073977371627502}"
lrhalf_R2,34,37.737366914749146,,,0.17770038819133366,0.03965853677264242,0.17754742068548998,0.6621897384017025,0.0015387185683519216,0.01992388439571692,0.5703376488139232,2.170180320739746,False,4,93.47916666666667,0.9822910414394403,0.01339708105660975,-0.0009927324216631758,2.0781345313237676,"{""build_tower"":0.20615110318698462,""confirm_card_service_selection"":0.02518386449743704,""continue"":0.14129708045464676,""discard_treasure"":0.0,""place_tower"":0.06931134388232672,""purchase_shop_item"":0.1212391352796969,""remove_tower"":0.0,""reroll"":0.08045464675729887,""select_card_service_card"":0.025629596612435926,""select_treasure"":0.024515266324938712,""start_defense"":0.20615110318698462,""use_inventory_item"":0.10006685981724983}"
lrhalf_R2,35,39.211579163869224,37.970753222703934,1.9184743463993073,0.1823972775229959,0.03910670985561148,0.1976481568482187,0.7682155219967272,0.0020450749108123193,0.021922198279450338,0.48408439941704273,1.0882691144943237,False,4,95.72916666666667,0.9772090792698177,0.0148751901773115,-0.002126949761683742,2.066395346024221,"{""build_tower"":0.2087051142546246,""confirm_card_service_selection"":0.026332970620239392,""continue"":0.14211099020674647,""discard_treasure"":0.0002176278563656148,""place_tower"":0.06659412404787812,""purchase_shop_item"":0.117519042437432,""remove_tower"":0.0,""reroll"":0.08313384113166486,""select_card_service_card"":0.02676822633297062,""select_treasure"":0.024156692056583242,""start_defense"":0.2087051142546246,""use_inventory_item"":0.0957562568008705}"
lrhalf_R2,36,37.40212285518646,,,0.21541264438290633,0.04732371142496345,0.21231679026694858,0.7578862709451799,0.0017719698589644395,0.022455898497034523,0.4885171838104725,0.9395890235900879,False,4,87.70833333333333,0.9801127191001732,0.0159547900342766,-0.002155285917551202,2.051520368608153,"{""build_tower"":0.2173396674584323,""confirm_card_service_selection"":0.022327790973871733,""continue"":0.14465558194774347,""discard_treasure"":0.0,""place_tower"":0.07078384798099763,""purchase_shop_item"":0.11282660332541568,""remove_tower"":0.0,""reroll"":0.06864608076009501,""select_card_service_card"":0.022565320665083134,""select_treasure"":0.02541567695961995,""start_defense"":0.2173396674584323,""use_inventory_item"":0.09809976247030879}"
lrhalf_R2,37,38.9957811832428,,,0.18981763231171261,0.04201756508861303,0.17894991797705492,0.7437589302142316,0.0018824682438207674,0.023309599336547155,0.5129752597875066,1.0685020685195923,False,4,95.27083333333333,0.9771529588134642,0.016186634557218187,-0.0020584089312857636,2.0543752310228554,"{""build_tower"":0.20949048764487208,""confirm_card_service_selection"":0.022960857205335666,""continue"":0.1412639405204461,""discard_treasure"":0.0,""place_tower"":0.06997594576864202,""purchase_shop_item"":0.11852175814563744,""remove_tower"":0.0,""reroll"":0.07850426415919527,""select_card_service_card"":0.022960857205335666,""select_treasure"":0.02449158101902471,""start_defense"":0.20949048764487208,""use_inventory_item"":0.10233982068663897}"
lrhalf_R2,38,37.618881265322365,,,0.1661876964038512,0.03322950721651637,0.1596562596451905,0.7336654894952072,0.0010066853679846746,0.01271081352347715,0.4289963893178437,1.0509676933288574,False,4,92.41666666666667,0.9819024006973502,0.012743285081038872,-0.00341564682053609,2.0577267793408613,"{""build_tower"":0.20807033363390443,""confirm_card_service_selection"":0.024571686203787194,""continue"":0.13954012623985573,""discard_treasure"":0.0,""place_tower"":0.06853020739404869,""purchase_shop_item"":0.11226330027051398,""remove_tower"":0.0,""reroll"":0.09467989179440937,""select_card_service_card"":0.02479711451758341,""select_treasure"":0.025247971145175834,""start_defense"":0.20807033363390443,""use_inventory_item"":0.09422903516681695}"
lrhalf_R2,39,39.05672105153402,,,0.16944912391662661,0.031071008418531533,0.16479185068358979,0.6716133489641173,0.0012490936525056087,0.012235033028345142,0.4585500183618731,1.905585765838623,False,4,92.60416666666667,0.9702452962137041,0.022165299858897924,-0.0004358918069758349,2.084892875907358,"{""build_tower"":0.2155230596175478,""confirm_card_service_selection"":0.023172103487064118,""continue"":0.14420697412823397,""discard_treasure"":0.0002249718785151856,""place_tower"":0.05961754780652419,""purchase_shop_item"":0.10888638920134983,""remove_tower"":0.0,""reroll"":0.09156355455568053,""select_card_service_card"":0.023847019122609673,""select_treasure"":0.024746906636670417,""start_defense"":0.2155230596175478,""use_inventory_item"":0.09268841394825647}"
lrhalf_R2,40,37.448222955067955,37.949373498559,1.8970946222543716,0.15399234430505,0.03254356029161463,0.1431999744518715,0.6566041157963769,0.0016162073968777858,0.013523107572623035,0.43417413620387807,0.9515696167945862,False,4,88.58333333333333,0.9758161594888621,0.020190503023674384,-0.0024141483282779947,2.086296791926566,"{""build_tower"":0.2151928504233302,""confirm_card_service_selection"":0.020931326434619004,""continue"":0.14087488240827845,""discard_treasure"":0.0,""place_tower"":0.0658513640639699,""purchase_shop_item"":0.10818438381937912,""remove_tower"":0.0,""reroll"":0.09266227657572906,""select_card_service_card"":0.020931326434619004,""select_treasure"":0.02539981185324553,""start_defense"":0.2151928504233302,""use_inventory_item"":0.09477892756349952}"
