run,phase,global_iteration,phase_iteration,rollout_clear,rollout_median_clear,decisions_per_game,dev_clear_delta_vs_canonical,dev_ppo_clear,dev_canonical_clear,dev_better,dev_worse,dev_tie,rollout_joint_entropy,rollout_family_entropy,update_entropy,kl_to_init_after,approx_kl_pre_update_mean,target_kl_stop_count,target_kl_stop_minibatch_index,target_kl_stop_post_step_approx_kl,max_post_step_approx_kl,attempted_actor_minibatches,applied_actor_optimizer_steps,critic_optimizer_steps,outer_epochs_completed,clip_fraction,actor_grad_norm_mean,actor_grad_norm_max,critic_explained_variance,critic_value_loss,continue_frequency,reroll_frequency,build_tower_frequency,action_kind_fractions_json,illegal_actions,action_mismatches,nonfinite_values,nonfinite_update_skips,rollout_seconds,update_seconds
guarded_R1,klguard-r1-p1,1,1,36.654237588246666,34.27605056762695,84.125,,,,,,,0.01468966067511483,0.00021439046633008697,0.016838961817484233,0.002298681125876852,0.0015882262737915709,0,,,0.010976391844451427,64,64,64,4,0.008573281651479192,0.10591542815654977,0.4623092710971832,0.9712494624145394,0.025413946437765844,0.1436354631005448,0.06537890044576523,0.2226349678058445,"{""build_tower"":0.2226349678058445,""confirm_card_service_selection"":0.025507677067855377,""continue"":0.1436354631005448,""discard_treasure"":0.0,""place_tower"":0.07478949975235265,""purchase_shop_item"":0.10549777117384844,""remove_tower"":0.0,""reroll"":0.06537890044576523,""select_card_service_card"":0.02575532441802873,""select_treasure"":0.02526002971768202,""start_defense"":0.2226349678058445,""use_inventory_item"":0.08890539871223378}",0,0,0,0,2.40472114,28.948006323
guarded_R1,klguard-r1-p1,2,2,36.56426246960958,36.0,86.0,,,,,,,0.013814962593186111,0.0007081719012455067,0.01967743176775163,0.008338017090985337,0.0013118939267855849,0,,,0.011908438056707382,68,68,68,4,0.007582720588235294,0.16177594343967297,0.5928698182106018,0.975537220823958,0.02134266818928368,0.1383236434108527,0.0692829457364341,0.21729651162790695,"{""build_tower"":0.21729651162790695,""confirm_card_service_selection"":0.02567829457364341,""continue"":0.1383236434108527,""discard_treasure"":0.0,""place_tower"":0.07073643410852713,""purchase_shop_item"":0.11385658914728682,""remove_tower"":0.0,""reroll"":0.0692829457364341,""select_card_service_card"":0.02640503875968992,""select_treasure"":0.0249515503875969,""start_defense"":0.21729651162790695,""use_inventory_item"":0.09617248062015504}",0,0,0,0,2.424406817,28.643017262
guarded_R1,klguard-r1-p1,3,3,36.86703745524088,35.72629928588867,85.77083333333333,,,,,,,0.018209125560673486,0.0027120525941656706,0.022420603316277266,0.05839563144967455,0.0031010530521378143,1,16,0.05023772642016411,0.05023772642016411,16,16,68,4,0.003173828125,0.282247711205855,0.822826087474823,0.9783419112783548,0.018146585234824347,0.14160796696623756,0.0638814670876852,0.21957736215691037,"{""build_tower"":0.21957736215691037,""confirm_card_service_selection"":0.026718484333252367,""continue"":0.14160796696623756,""discard_treasure"":0.0,""place_tower"":0.06776779208161282,""purchase_shop_item"":0.11391790138450328,""remove_tower"":0.0,""reroll"":0.0638814670876852,""select_card_service_card"":0.02720427495749332,""select_treasure"":0.025504007772649988,""start_defense"":0.21957736215691037,""use_inventory_item"":0.09424338110274472}",0,0,0,0,2.585901774,13.748116064
guarded_R1,klguard-r1-p1,4,4,37.999760468800865,36.6109504699707,90.22916666666669,,,,,,,0.031708940559700874,0.018584033609095125,0.031775499294911115,0.1889556448788813,0.0030881062120897695,1,7,0.02331315539777279,0.02331315539777279,7,7,68,4,0.017857142857142856,1.007895520755223,1.8110105991363523,0.9769739548441528,0.019236961626173815,0.14453936735165088,0.06603555760794273,0.2156545832371277,"{""build_tower"":0.2156545832371277,""confirm_card_service_selection"":0.02793812052643731,""continue"":0.14453936735165088,""discard_treasure"":0.0,""place_tower"":0.07065342876933733,""purchase_shop_item"":0.11406141768644656,""remove_tower"":0.0,""reroll"":0.06603555760794273,""select_card_service_card"":0.02793812052643731,""select_treasure"":0.024936504271530824,""start_defense"":0.2156545832371277,""use_inventory_item"":0.09258831678596167}",0,0,0,0,2.704864176,11.021288087
guarded_R1,klguard-r1-p1,5,5,37.415485660235085,36.69440078735352,90.47916666666669,0.02564851939678192,36.25988046824932,36.23423194885254,22,19,87,0.03990051019135544,0.023508178381552027,0.035638725275502485,0.05100425806912313,0.00524552064598538,1,17,0.02079158090054989,0.02079158090054989,17,17,68,4,0.022627225255264956,0.615035734632436,1.354011297225952,0.9792442489615368,0.017559126539922813,0.14897536265254432,0.08197098779645406,0.2111443702509786,"{""build_tower"":0.2111443702509786,""confirm_card_service_selection"":0.029242459129633892,""continue"":0.14897536265254432,""discard_treasure"":0.0,""place_tower"":0.0690766751093714,""purchase_shop_item"":0.1082201243380152,""remove_tower"":0.0,""reroll"":0.08197098779645406,""select_card_service_card"":0.029242459129633892,""select_treasure"":0.02509785862307161,""start_defense"":0.2111443702509786,""use_inventory_item"":0.08588533271931845}",0,0,0,0,2.6773156,14.152687608
guarded_R1,klguard-r1-p1,6,6,36.67137908935547,35.63774871826172,84.29166666666667,,,,,,,0.02722224516286228,0.014605665273852188,0.027437643676593498,0.012223189796293357,0.0034903879933227545,1,37,0.027127880603075027,0.027127880603075027,37,37,64,4,0.014409357782553985,0.5029356251093181,3.3862743377685547,0.9806851298053926,0.015693485824158415,0.14409293129016312,0.07217004448838359,0.222194760257044,"{""build_tower"":0.222194760257044,""confirm_card_service_selection"":0.024962926347009393,""continue"":0.14409293129016312,""discard_treasure"":0.0,""place_tower"":0.06747404844290658,""purchase_shop_item"":0.10578348986653484,""remove_tower"":0.0,""reroll"":0.07217004448838359,""select_card_service_card"":0.024962926347009393,""select_treasure"":0.025951557093425604,""start_defense"":0.222194760257044,""use_inventory_item"":0.09021255561047949}",0,0,0,0,2.462490395,19.466384888
guarded_R1,klguard-r1-p1,7,7,37.10420831044515,35.81305122375488,87.70833333333333,,,,,,,0.021291086681508285,0.00459357033820581,0.02149709911369111,0.00941355273871987,0.002133802606383894,1,23,0.02102784253656864,0.02102784253656864,23,23,68,4,0.0030570652173913045,0.3821087111111569,2.284749984741211,0.9779880544371106,0.020000554881442117,0.14370546318289787,0.06318289786223277,0.2166270783847981,"{""build_tower"":0.2166270783847981,""confirm_card_service_selection"":0.025653206650831355,""continue"":0.14370546318289787,""discard_treasure"":0.0,""place_tower"":0.07410926365795724,""purchase_shop_item"":0.11353919239904987,""remove_tower"":0.0,""reroll"":0.06318289786223277,""select_card_service_card"":0.025890736342042756,""select_treasure"":0.025653206650831355,""start_defense"":0.2166270783847981,""use_inventory_item"":0.09501187648456055}",0,0,0,0,2.613221748,15.461676467
guarded_R1,klguard-r1-p1,8,8,37.52742723623911,36.27960014343262,87.70833333333333,,,,,,,0.020400209087999336,0.0023227554760981927,0.026904251762008405,0.05053955652377057,0.002376925053348052,0,,,0.01610896922647953,68,68,68,4,0.005816039410145844,0.14165567275246277,0.9342186450958252,0.9786683749776248,0.018200711785432172,0.1351543942992874,0.07007125890736342,0.2190023752969121,"{""build_tower"":0.2190023752969121,""confirm_card_service_selection"":0.025890736342042756,""continue"":0.1351543942992874,""discard_treasure"":0.0,""place_tower"":0.07220902612826603,""purchase_shop_item"":0.11306413301662709,""remove_tower"":0.0,""reroll"":0.07007125890736342,""select_card_service_card"":0.025890736342042756,""select_treasure"":0.026128266033254157,""start_defense"":0.2190023752969121,""use_inventory_item"":0.09358669833729216}",0,0,0,0,2.59626249,29.425193545
guarded_R1,klguard-r1-p1,9,9,39.28542300065359,36.22545051574707,92.47916666666669,,,,,,,0.03632365689525293,0.01282256924457776,0.03677893821627666,0.020454102360441408,0.0028071005700987884,1,39,0.026793967932462692,0.026793967932462692,39,39,72,4,0.009314903846153846,0.5894178103369015,7.117225646972656,0.9677022873079324,0.023919959099859823,0.14597882405947285,0.05361567920702861,0.21649020049560713,"{""build_tower"":0.21649020049560713,""confirm_card_service_selection"":0.03063753097544492,""continue"":0.14597882405947285,""discard_treasure"":0.0002252759630547421,""place_tower"":0.0653300292858752,""purchase_shop_item"":0.11984681234512276,""remove_tower"":0.0,""reroll"":0.05361567920702861,""select_card_service_card"":0.03131335886460915,""select_treasure"":0.02613201171435008,""start_defense"":0.21649020049560713,""use_inventory_item"":0.09394007659382744}",0,0,0,0,2.76238771,22.449523623
guarded_R1,klguard-r1-p1,10,10,37.25371460119883,34.97860145568848,85.25,0.22768056392668967,36.46191251277923,36.23423194885254,22,19,87,0.0277515769583216,0.001724338467114687,0.03833619656506926,0.03908394773314764,0.004890309797964676,1,16,0.0237282607704401,0.0237282607704401,16,16,64,4,0.0070839533873368055,1.5236138245090842,20.98024559020996,0.9743138056978108,0.02128423065005336,0.14687194525904204,0.06280547409579668,0.2233626588465298,"{""build_tower"":0.2233626588465298,""confirm_card_service_selection"":0.027126099706744868,""continue"":0.14687194525904204,""discard_treasure"":0.0,""place_tower"":0.06524926686217009,""purchase_shop_item"":0.10777126099706744,""remove_tower"":0.0,""reroll"":0.06280547409579668,""select_card_service_card"":0.02761485826001955,""select_treasure"":0.026637341153470183,""start_defense"":0.2233626588465298,""use_inventory_item"":0.08919843597262953}",0,0,0,0,2.5125115300000003,13.56159135
guarded_R1,klguard-r1-p1,11,11,36.1486918926239,34.35260009765625,81.75,,,,,,,0.03606609603939266,0.007889947505440783,0.03313945348867599,0.04884212031059349,0.006294682627091841,1,17,0.035628754645586014,0.035628754645586014,17,17,64,4,0.0059742647058823525,0.1888287168215303,0.4284519553184509,0.9729745325371362,0.022050663537811488,0.1373598369011213,0.0672782874617737,0.2252803261977574,"{""build_tower"":0.2252803261977574,""confirm_card_service_selection"":0.023190621814475027,""continue"":0.1373598369011213,""discard_treasure"":0.0,""place_tower"":0.07262996941896024,""purchase_shop_item"":0.10728848114169216,""remove_tower"":0.0,""reroll"":0.0672782874617737,""select_card_service_card"":0.023190621814475027,""select_treasure"":0.026503567787971458,""start_defense"":0.2252803261977574,""use_inventory_item"":0.09199796126401633}",0,0,0,0,2.438006904,13.084692112
guarded_R1,klguard-r1-p1,12,12,37.31079991658529,35.6244010925293,85.75,,,,,,,0.03577128204141462,0.005404118460049882,0.05123933852605876,0.1286386847465397,0.004706727216563152,1,42,0.021925214678049088,0.021925214678049088,42,42,68,4,0.020926339285714284,0.36121260552179246,1.5044995546340942,0.9773821583539792,0.017360241604311502,0.14285714285714285,0.061467444120505345,0.22206025267249757,"{""build_tower"":0.22206025267249757,""confirm_card_service_selection"":0.028425655976676383,""continue"":0.14285714285714285,""discard_treasure"":0.0,""place_tower"":0.06705539358600583,""purchase_shop_item"":0.1110301263362488,""remove_tower"":0.0,""reroll"":0.061467444120505345,""select_card_service_card"":0.02866861030126336,""select_treasure"":0.02575315840621963,""start_defense"":0.22206025267249757,""use_inventory_item"":0.09062196307094268}",0,0,0,0,2.530183834,22.047926487
guarded_R1,klguard-r1-p1,13,13,37.36132872104645,35.52439880371094,87.5,,,,,,,0.06722097062897293,0.03046606218787514,0.07237372911450538,0.07179699249047776,0.004488790161882538,1,44,0.029769623652100563,0.029769623652100563,44,44,68,4,0.02533599215728993,0.7594483823261478,4.389984130859375,0.9739096636128032,0.018343962742673123,0.14142857142857143,0.05238095238095238,0.21761904761904763,"{""build_tower"":0.21761904761904763,""confirm_card_service_selection"":0.027142857142857146,""continue"":0.14142857142857143,""discard_treasure"":0.0,""place_tower"":0.0769047619047619,""purchase_shop_item"":0.11738095238095238,""remove_tower"":0.0,""reroll"":0.05238095238095238,""select_card_service_card"":0.027142857142857146,""select_treasure"":0.025238095238095237,""start_defense"":0.21761904761904763,""use_inventory_item"":0.09714285714285714}",0,0,0,0,2.553004291,22.447523863
guarded_R1,klguard-r1-p1,14,14,37.64480209350586,36.94025039672851,89.29166666666667,,,,,,,0.055179464086946496,0.0076517110819656,0.05484913467713024,0.1388971509577809,0.0017601115111572,1,23,0.028472572565078735,0.028472572565078735,23,23,68,4,0.006682637309574563,0.43578379504058673,3.0573551654815674,0.9763328806126532,0.018295231686138055,0.14279048063462435,0.06509566028931404,0.21581894540363977,"{""build_tower"":0.21581894540363977,""confirm_card_service_selection"":0.028464769015398975,""continue"":0.14279048063462435,""discard_treasure"":0.0,""place_tower"":0.07092860475968268,""purchase_shop_item"":0.1143257116192254,""remove_tower"":0.0,""reroll"":0.06509566028931404,""select_card_service_card"":0.02869808679421372,""select_treasure"":0.025664955669622024,""start_defense"":0.21581894540363977,""use_inventory_item"":0.09239384041063928}",0,0,0,0,2.624694786,15.879271018
guarded_R1,klguard-r1-p1,15,15,38.07020219167074,36.03044891357422,90.20833333333331,0.6157187670469284,36.84995071589947,36.23423194885254,29,8,91,0.07191225753500079,0.02965554864918495,0.07190255373716355,0.07068300062755284,0.004604273850933775,1,30,0.02700851857662201,0.02700851857662201,30,30,68,4,0.02693309299647808,0.8934864218036334,3.206617832183838,0.9759872345833672,0.019134207724538797,0.14341801385681294,0.051732101616628175,0.21501154734411085,"{""build_tower"":0.21501154734411085,""confirm_card_service_selection"":0.029099307159353348,""continue"":0.14341801385681294,""discard_treasure"":0.0,""place_tower"":0.07066974595842956,""purchase_shop_item"":0.12147806004618936,""remove_tower"":0.0,""reroll"":0.051732101616628175,""select_card_service_card"":0.029099307159353348,""select_treasure"":0.025173210161662816,""start_defense"":0.21501154734411085,""use_inventory_item"":0.09930715935334872}",0,0,0,0,2.605244453,17.601198043
guarded_R1,klguard-r1-p1,16,16,38.84823111693064,37.9060001373291,93.66666666666669,,,,,,,0.06258735481667953,0.01345636334845924,0.06030796447171355,0.05876061726612033,0.0032198019087033725,1,53,0.02058042958378792,0.02058042958378792,53,53,72,4,0.011006289311104788,0.242566123112755,1.012765645980835,0.9737681844307547,0.02046052332864039,0.14279359430604982,0.059608540925266906,0.21018683274021352,"{""build_tower"":0.21018683274021352,""confirm_card_service_selection"":0.027580071174377226,""continue"":0.14279359430604982,""discard_treasure"":0.0,""place_tower"":0.07161921708185054,""purchase_shop_item"":0.12411032028469753,""remove_tower"":0.0,""reroll"":0.059608540925266906,""select_card_service_card"":0.027802491103202848,""select_treasure"":0.02424377224199288,""start_defense"":0.21018683274021352,""use_inventory_item"":0.10186832740213524}",0,0,0,0,2.748669374,25.534252006
guarded_R1,klguard-r1-p1,17,17,36.68216252326965,35.07645034790039,86.625,,,,,,,0.056214096812617395,0.0031149149939486364,0.06240807298351737,0.07666589890896916,0.0035418108579425974,0,,,0.013932744041085243,68,68,68,4,0.009895339169922995,0.1745095440898748,0.6758352518081665,0.9797128486693548,0.017129708437577766,0.1406926406926407,0.06734006734006734,0.2171717171717172,"{""build_tower"":0.2171717171717172,""confirm_card_service_selection"":0.025012025012025013,""continue"":0.1406926406926407,""discard_treasure"":0.0,""place_tower"":0.06902356902356903,""purchase_shop_item"":0.1151996151996152,""remove_tower"":0.0,""reroll"":0.06734006734006734,""select_card_service_card"":0.025252525252525252,""select_treasure"":0.025252525252525252,""start_defense"":0.2171717171717172,""use_inventory_item"":0.09788359788359788}",0,0,0,0,2.560297028,29.278537036
guarded_R1,klguard-r1-p1,18,18,36.735252022743225,35.90480041503906,85.95833333333333,,,,,,,0.0648596227527342,0.00919915247489611,0.06730022875441087,0.0789423311242272,0.0023495644997416783,1,37,0.030076028779149055,0.030076028779149055,37,37,68,4,0.011247184731670329,0.5085295696516294,5.298372268676758,0.9813124960264212,0.01565140752833994,0.14057198254968492,0.06761997091614154,0.21812893843916625,"{""build_tower"":0.21812893843916625,""confirm_card_service_selection"":0.024721279689772176,""continue"":0.14057198254968492,""discard_treasure"":0.0,""place_tower"":0.0664081434803684,""purchase_shop_item"":0.11609306834706738,""remove_tower"":0.0,""reroll"":0.06761997091614154,""select_card_service_card"":0.024721279689772176,""select_treasure"":0.025448376151236064,""start_defense"":0.21812893843916625,""use_inventory_item"":0.09815802229762484}",0,0,0,0,2.450811252,19.033977155
guarded_R1,klguard-r1-p1,19,19,37.33360036214193,35.53215026855469,88.6875,,,,,,,0.0564578951043856,0.004916511332871408,0.06835124666309532,0.09237209475177544,0.0022020073850078058,0,,,0.009733478538691998,68,68,68,4,0.017869987689396915,0.2381471022963524,0.7620214819908142,0.977374957584109,0.019821845323723903,0.1421188630490956,0.06436457599248296,0.2144702842377261,"{""build_tower"":0.2144702842377261,""confirm_card_service_selection"":0.02959830866807611,""continue"":0.1421188630490956,""discard_treasure"":0.0,""place_tower"":0.06365985435752877,""purchase_shop_item"":0.11980267794221285,""remove_tower"":0.0,""reroll"":0.06436457599248296,""select_card_service_card"":0.02959830866807611,""select_treasure"":0.024900164435048156,""start_defense"":0.2144702842377261,""use_inventory_item"":0.09701667841202724}",0,0,0,0,2.510847387,29.295975778
guarded_R1,klguard-r1-p1,20,20,37.38249178727468,36.233150482177734,89.16666666666667,0.6935343295335699,36.92776627838611,36.23423194885254,43,55,30,0.07044165747501079,0.016448492772750706,0.07827807987729708,0.27835385272057533,0.005721674773485575,1,15,0.04935355857014656,0.04935355857014656,15,15,68,4,0.020052083333333335,0.5822466765840848,1.6009570360183716,0.9801647154335104,0.016143927432815817,0.14275700934579438,0.06518691588785047,0.21355140186915889,"{""build_tower"":0.21355140186915889,""confirm_card_service_selection"":0.02780373831775701,""continue"":0.14275700934579438,""discard_treasure"":0.0,""place_tower"":0.06939252336448598,""purchase_shop_item"":0.11822429906542056,""remove_tower"":0.0,""reroll"":0.06518691588785047,""select_card_service_card"":0.028037383177570093,""select_treasure"":0.02570093457943925,""start_defense"":0.21355140186915889,""use_inventory_item"":0.09579439252336448}",0,0,0,0,2.5808843489999997,13.392745133
guarded_R1,klguard-r1-p1,21,21,38.25357913970947,37.527700424194336,87.70833333333333,,,,,,,0.09615540105715673,0.0448891651527483,0.09997482411563396,0.29710458552715446,0.005976610104826683,1,42,0.040041688829660416,0.040041688829660416,42,42,68,4,0.03950142283879575,1.0893728193782626,2.9450769424438477,0.9774322302004737,0.018328509594806853,0.14560570071258908,0.04513064133016627,0.22185273159144897,"{""build_tower"":0.22185273159144897,""confirm_card_service_selection"":0.02494061757719715,""continue"":0.14560570071258908,""discard_treasure"":0.0,""place_tower"":0.0655581947743468,""purchase_shop_item"":0.12066508313539193,""remove_tower"":0.0,""reroll"":0.04513064133016627,""select_card_service_card"":0.025653206650831355,""select_treasure"":0.02494061757719715,""start_defense"":0.22185273159144897,""use_inventory_item"":0.10380047505938242}",0,0,0,0,2.491536733,21.521272948
guarded_R1,klguard-r1-p1,22,22,37.78492057323456,35.24449920654297,89.10416666666667,,,,,,,0.10405771440644222,0.04484059623479354,0.10548956798655648,0.7853027418520484,0.007355638695766434,1,14,0.09687044471502304,0.09687044471502304,14,14,68,4,0.029296875,1.0690156178815025,2.8018834590911865,0.9773036416461288,0.017718038028653932,0.14823474397942482,0.044189852700491,0.2160392798690671,"{""build_tower"":0.2160392798690671,""confirm_card_service_selection"":0.027823240589198037,""continue"":0.14823474397942482,""discard_treasure"":0.0,""place_tower"":0.06827215337853636,""purchase_shop_item"":0.12368482581248538,""remove_tower"":0.0,""reroll"":0.044189852700491,""select_card_service_card"":0.027823240589198037,""select_treasure"":0.02525134440028057,""start_defense"":0.2160392798690671,""use_inventory_item"":0.10264203881225158}",0,0,0,0,2.559987033,12.453494816
guarded_R1,klguard-r1-p1,23,23,36.25058555603027,34.4731502532959,83.1875,,,,,,,0.14024972339685954,0.08989612924095167,0.1356397079569953,0.6228392880030467,0.007248017716587388,1,7,0.02227029949426651,0.02227029949426651,7,7,64,4,0.06194196428571429,1.496422392981393,3.0747787952423096,0.9778956266440326,0.01811682053084951,0.17480591034310042,0.02203856749311295,0.2221387427998998,"{""build_tower"":0.2221387427998998,""confirm_card_service_selection"":0.02203856749311295,""continue"":0.17480591034310042,""discard_treasure"":0.00025043826696719256,""place_tower"":0.07613323315802654,""purchase_shop_item"":0.11369897320310544,""remove_tower"":0.0,""reroll"":0.02203856749311295,""select_card_service_card"":0.02203856749311295,""select_treasure"":0.026045579764588028,""start_defense"":0.2221387427998998,""use_inventory_item"":0.09867267718507387}",0,0,0,0,2.363317737,9.994722655
guarded_R1,klguard-r1-p1,24,24,37.7670206228892,34.899301528930664,86.89583333333333,,,,,,,0.12161174303512293,0.06945954124710366,0.11720916628837584,0.4787284968224925,0.008979005842411425,1,5,0.02038748934864998,0.02038748934864998,5,5,68,4,0.059375,1.3851645231246947,1.7630431652069092,0.971097378008174,0.020796109319609755,0.16231119635578997,0.025653320546631504,0.22224886118436823,"{""build_tower"":0.22224886118436823,""confirm_card_service_selection"":0.026132821865260128,""continue"":0.16231119635578997,""discard_treasure"":0.0,""place_tower"":0.06832893790457924,""purchase_shop_item"":0.12011508031647088,""remove_tower"":0.0,""reroll"":0.025653320546631504,""select_card_service_card"":0.026612323183888755,""select_treasure"":0.026612323183888755,""start_defense"":0.22224886118436823,""use_inventory_item"":0.09973627427475426}",0,0,0,0,2.573170138,10.070333486
guarded_R1,klguard-r1-p1,25,25,37.04689606030782,35.275251388549805,86.91666666666667,0.14345000684261322,36.37768195569515,36.23423194885254,49,76,3,0.10431940891605691,0.04730118900228314,0.1052391858350846,0.5203418077567025,0.00489519964048668,1,31,0.02901022508740425,0.02901022508740425,31,31,68,4,0.0326825127366089,1.0996880156378592,2.3429908752441406,0.9769683921735164,0.01796898037633475,0.14525407478427613,0.027085330776605944,0.21740172579098752,"{""build_tower"":0.21740172579098752,""confirm_card_service_selection"":0.02900287631831256,""continue"":0.14525407478427613,""discard_treasure"":0.0,""place_tower"":0.0764621284755513,""purchase_shop_item"":0.12847555129434324,""remove_tower"":0.0,""reroll"":0.027085330776605944,""select_card_service_card"":0.029482262703739215,""select_treasure"":0.02564717162032598,""start_defense"":0.21740172579098752,""use_inventory_item"":0.10378715244487056}",0,0,0,0,2.543175759,18.16969054
guarded_R1,klguard-r1-p1,26,26,36.78895835081736,35.43065071105957,82.9375,,,,,,,0.09625966461645712,0.039275815525725774,0.10106493171417352,0.4375137631669246,0.003988428080392072,1,33,0.02384987473487854,0.02384987473487854,33,33,64,4,0.02499479501310623,0.978815681103504,2.773509979248047,0.9776091462327432,0.016300238712574355,0.1456920371765888,0.01858829439839236,0.226827430293896,"{""build_tower"":0.226827430293896,""confirm_card_service_selection"":0.02285857824667169,""continue"":0.1456920371765888,""discard_treasure"":0.0,""place_tower"":0.07761868877166542,""purchase_shop_item"":0.12358703843255464,""remove_tower"":0.0,""reroll"":0.01858829439839236,""select_card_service_card"":0.02285857824667169,""select_treasure"":0.02637528259231349,""start_defense"":0.226827430293896,""use_inventory_item"":0.10876664154734993}",0,0,0,0,2.524128715,18.207594088
guarded_R1,klguard-r1-p1,27,27,37.37989989916483,35.25539970397949,84.16666666666667,,,,,,,0.11177923510631034,0.04357210338291544,0.11022876913193612,0.5258509514700466,0.003721748289834182,0,,,0.01178082823753357,64,64,64,4,0.03377441404154524,0.8252235895488411,2.2616896629333496,0.9740082217098024,0.0189777075429447,0.15198019801980198,0.030445544554455445,0.2267326732673267,"{""build_tower"":0.2267326732673267,""confirm_card_service_selection"":0.02599009900990099,""continue"":0.15198019801980198,""discard_treasure"":0.0,""place_tower"":0.06856435643564357,""purchase_shop_item"":0.11806930693069306,""remove_tower"":0.0,""reroll"":0.030445544554455445,""select_card_service_card"":0.02599009900990099,""select_treasure"":0.026237623762376237,""start_defense"":0.2267326732673267,""use_inventory_item"":0.09925742574257426}",0,0,0,0,2.382253869,27.566676001
guarded_R1,klguard-r1-p1,28,28,37.239556074142456,36.54520034790039,83.10416666666667,,,,,,,0.11356335864352976,0.047371776188549646,0.10919589410393923,0.6198206000334683,0.006598572894120989,1,59,0.034794989973306656,0.034794989973306656,59,59,64,4,0.0391798074657129,0.8334883178694773,2.5531327724456787,0.978774929757808,0.0162880406860495,0.1481574329405866,0.024316871396339933,0.2288794184006017,"{""build_tower"":0.2288794184006017,""confirm_card_service_selection"":0.02005515166708448,""continue"":0.1481574329405866,""discard_treasure"":0.0,""place_tower"":0.07119578841814991,""purchase_shop_item"":0.123088493356731,""remove_tower"":0.0,""reroll"":0.024316871396339933,""select_card_service_card"":0.02005515166708448,""select_treasure"":0.026071697167209827,""start_defense"":0.2288794184006017,""use_inventory_item"":0.10930057658561045}",0,0,0,0,2.428906329,26.495181526
guarded_R1,klguard-r1-p1,29,29,38.13893977801005,37.03874969482422,86.27083333333333,,,,,,,0.11925775707145156,0.03772801359287945,0.12144721009056358,0.7985386953585746,0.00522196188552805,0,,,0.013489359058439732,68,68,68,4,0.04778390528415056,0.7641365227892118,1.796437382698059,0.9768066255790906,0.01670309971086681,0.14972228930210094,0.02052644288819126,0.22458343395315145,"{""build_tower"":0.22458343395315145,""confirm_card_service_selection"":0.020043467761410288,""continue"":0.14972228930210094,""discard_treasure"":0.0,""place_tower"":0.07148031876358367,""purchase_shop_item"":0.1272639459067858,""remove_tower"":0.0,""reroll"":0.02052644288819126,""select_card_service_card"":0.02100941801497223,""select_treasure"":0.026563631972953392,""start_defense"":0.22458343395315145,""use_inventory_item"":0.1142236174836996}",0,0,0,0,2.483603196,28.584285297
guarded_R1,klguard-r1-p1,30,30,37.28782101472219,35.085248947143555,81.64583333333333,0.7672827690839696,37.00151471793651,36.23423194885254,62,62,4,0.12343456976120935,0.032215409747042484,0.13809650065377355,0.7660456646515802,0.0038191881874354294,0,,,0.011985616758465769,64,64,64,4,0.03467337701295037,0.6586930103367195,2.3727078437805176,0.9756791392061924,0.01967518233868759,0.14519009951518244,0.014289359530492473,0.23347792804286807,"{""build_tower"":0.23347792804286807,""confirm_card_service_selection"":0.01811686654758867,""continue"":0.14519009951518244,""discard_treasure"":0.0,""place_tower"":0.07425363613166625,""purchase_shop_item"":0.12324572595049756,""remove_tower"":0.0,""reroll"":0.014289359530492473,""select_card_service_card"":0.018882367951007912,""select_treasure"":0.027047716254146467,""start_defense"":0.23347792804286807,""use_inventory_item"":0.11201837203368206}",0,0,0,0,2.357983471,27.504645755
guarded_R1,klguard-r1-p1,31,31,37.86804163455963,34.97145080566406,84.875,,,,,,,0.15883399707317433,0.04106153756001498,0.16140388557687402,0.9637988554718636,0.003999284156464,0,,,0.016254492104053497,64,64,64,4,0.04129106574691832,0.7726590596139431,2.1018593311309814,0.9638939086251351,0.025041737186256796,0.15095729013254786,0.023564064801178203,0.22729504172803142,"{""build_tower"":0.22729504172803142,""confirm_card_service_selection"":0.024545900834560628,""continue"":0.15095729013254786,""discard_treasure"":0.0002454590083456063,""place_tower"":0.07241040746195386,""purchase_shop_item"":0.12027491408934708,""remove_tower"":0.0,""reroll"":0.023564064801178203,""select_card_service_card"":0.024791359842906233,""select_treasure"":0.026755031909671084,""start_defense"":0.22729504172803142,""use_inventory_item"":0.1018654884634266}",0,0,0,0,2.354658995,27.841566377
guarded_R1,klguard-r1-p1,32,32,38.77612300713857,38.0,88.20833333333333,,,,,,,0.14431044816797856,0.031134213478525522,0.1381727089995847,0.9206747726283118,0.0038275134303710407,0,,,0.010950903408229351,68,68,68,4,0.03476079632802045,0.5443922750213567,1.3888006210327148,0.9615126444194544,0.031229531118536696,0.15139348134152103,0.013226263580538498,0.22437411431270665,"{""build_tower"":0.22437411431270665,""confirm_card_service_selection"":0.019130845536136042,""continue"":0.15139348134152103,""discard_treasure"":0.0,""place_tower"":0.07321681624940954,""purchase_shop_item"":0.13037316957959377,""remove_tower"":0.0,""reroll"":0.013226263580538498,""select_card_service_card"":0.019367028814359942,""select_treasure"":0.026452527161076995,""start_defense"":0.22437411431270665,""use_inventory_item"":0.11809163911195088}",0,0,0,0,2.542153547,28.86223937
guarded_R1,klguard-r1-p1,33,33,36.302989522616066,35.71554946899414,79.20833333333333,,,,,,,0.1415613899770076,0.0364276982096998,0.14889454108973343,1.064464206562807,0.0038679246716128548,0,,,0.009109416976571083,60,60,60,4,0.04122586961214741,0.5453498805562655,1.2428842782974243,0.9715284386067456,0.022057758069907625,0.14387164650184114,0.019200420831141506,0.23382430299842188,"{""build_tower"":0.23382430299842188,""confirm_card_service_selection"":0.01841136244082062,""continue"":0.14387164650184114,""discard_treasure"":0.0,""place_tower"":0.0728563913729616,""purchase_shop_item"":0.12177801157285639,""remove_tower"":0.0,""reroll"":0.019200420831141506,""select_card_service_card"":0.018674381904260916,""select_treasure"":0.026301946344029457,""start_defense"":0.23382430299842188,""use_inventory_item"":0.11125723303524461}",0,0,0,0,2.25930315,26.379490028
guarded_R1,klguard-r1-p1,34,34,37.284143567085266,35.442148208618164,83.35416666666667,,,,,,,0.1819018941362951,0.040140944517464056,0.19136200541136217,1.1975738507588642,0.003609597224567551,1,49,0.020988406613469124,0.020988406613469124,49,49,64,4,0.035579604533862094,0.693686980982216,1.6181846857070923,0.9745421224955598,0.02070443304546643,0.1469632591852037,0.023994001499625092,0.22869282679330166,"{""build_tower"":0.22869282679330166,""confirm_card_service_selection"":0.019245188702824295,""continue"":0.1469632591852037,""discard_treasure"":0.0,""place_tower"":0.0759810047488128,""purchase_shop_item"":0.12121969507623094,""remove_tower"":0.0,""reroll"":0.023994001499625092,""select_card_service_card"":0.019245188702824295,""select_treasure"":0.02699325168707823,""start_defense"":0.22869282679330166,""use_inventory_item"":0.1089727568107973}",0,0,0,0,2.481422155,22.923073821
guarded_R1,klguard-r1-p1,35,35,36.15293971697489,34.13895034790039,79.375,0.7376898378133774,36.971921786665916,36.23423194885254,65,57,6,0.23100849263813863,0.048914281636442125,0.24879339163502057,1.2734730945170298,0.005199619000450184,0,,,0.014505145139992237,60,60,60,4,0.048062430880963805,0.6819314536948998,1.6227378845214844,0.9721278658712967,0.022228135572125513,0.14356955380577427,0.027559055118110236,0.231496062992126,"{""build_tower"":0.231496062992126,""confirm_card_service_selection"":0.01863517060367454,""continue"":0.14356955380577427,""discard_treasure"":0.00026246719160104987,""place_tower"":0.07611548556430446,""purchase_shop_item"":0.11811023622047244,""remove_tower"":0.0,""reroll"":0.027559055118110236,""select_card_service_card"":0.01889763779527559,""select_treasure"":0.027034120734908136,""start_defense"":0.231496062992126,""use_inventory_item"":0.1068241469816273}",0,0,0,0,2.404916982,26.494147105
guarded_R1,klguard-r1-p1,36,36,36.84501047929128,35.1473503112793,83.97916666666667,,,,,,,0.24661619310272104,0.04971161646738318,0.24016039492562413,1.1929368831973348,0.004073858086485416,0,,,0.013404235243797302,64,64,64,4,0.04634102224372327,0.7057964969426394,2.106147289276123,0.9756900188276766,0.019931882910896093,0.15405606549243364,0.0315058298189035,0.22376581493425948,"{""build_tower"":0.22376581493425948,""confirm_card_service_selection"":0.020838501612503103,""continue"":0.15405606549243364,""discard_treasure"":0.00024807740014884643,""place_tower"":0.07467129744480278,""purchase_shop_item"":0.11957330687174399,""remove_tower"":0.0,""reroll"":0.0315058298189035,""select_card_service_card"":0.020838501612503103,""select_treasure"":0.02654428181592657,""start_defense"":0.22376581493425948,""use_inventory_item"":0.10419250806251551}",0,0,0,0,2.480314612,28.384695807
guarded_R1,klguard-r1-p1,37,37,37.34184988339742,35.90694999694824,81.66666666666667,,,,,,,0.2227895467529898,0.048611643453680256,0.2203665430424735,1.321270567983454,0.004310507028549182,0,,,0.010996499098837376,64,64,64,4,0.04156494143535383,0.5949725841637701,1.1288907527923584,0.9746891395460707,0.01936697769269813,0.14591836734693878,0.026530612244897958,0.2336734693877551,"{""build_tower"":0.2336734693877551,""confirm_card_service_selection"":0.019387755102040816,""continue"":0.14591836734693878,""discard_treasure"":0.0,""place_tower"":0.07066326530612245,""purchase_shop_item"":0.11836734693877551,""remove_tower"":0.0,""reroll"":0.026530612244897958,""select_card_service_card"":0.019642857142857142,""select_treasure"":0.026530612244897958,""start_defense"":0.2336734693877551,""use_inventory_item"":0.10561224489795919}",0,0,0,0,2.3874048070000002,27.748316498
guarded_R1,klguard-r1-p1,38,38,37.77591689427694,36.39775085449219,83.9375,,,,,,,0.23323997242315053,0.04662963670051619,0.22709390660747886,1.1391166243839381,0.005335316628361397,0,,,0.01814243569970131,64,64,64,4,0.045090448344126344,0.5512744975276291,1.1833854913711548,0.9737295726530654,0.020309985586209223,0.14619012161826755,0.030032266070985355,0.22933730454207,"{""build_tower"":0.22933730454207,""confirm_card_service_selection"":0.0193596425912137,""continue"":0.14619012161826755,""discard_treasure"":0.0,""place_tower"":0.07148175725986597,""purchase_shop_item"":0.12087366592206503,""remove_tower"":0.0,""reroll"":0.030032266070985355,""select_card_service_card"":0.019856043683296104,""select_treasure"":0.026061057334326135,""start_defense"":0.22933730454207,""use_inventory_item"":0.10747083643584016}",0,0,0,0,2.446297128,28.231696498
guarded_R1,klguard-r1-p1,39,39,35.79680633544922,34.67465019226074,78.33333333333333,,,,,,,0.23395124095100003,0.05314172247431985,0.25449485112639036,1.5563435729061244,0.008000687477867948,1,17,0.021516121923923492,0.021516121923923492,17,17,60,4,0.05704796127974987,0.6383731575573192,0.9378645420074463,0.9780276990037801,0.017499658713738122,0.1452127659574468,0.036170212765957444,0.2327127659574468,"{""build_tower"":0.2327127659574468,""confirm_card_service_selection"":0.018085106382978722,""continue"":0.1452127659574468,""discard_treasure"":0.0,""place_tower"":0.075,""purchase_shop_item"":0.11196808510638298,""remove_tower"":0.0,""reroll"":0.036170212765957444,""select_card_service_card"":0.018085106382978722,""select_treasure"":0.026595744680851064,""start_defense"":0.2327127659574468,""use_inventory_item"":0.10345744680851064}",0,0,0,0,2.28460733,12.599198119
guarded_R1,klguard-r1-p1,40,40,37.446520725886025,36.0,85.79166666666667,0.8785782903432846,37.112810239195824,36.23423194885254,63,58,7,0.2652057421539529,0.050772383708284664,0.2494840237001578,1.4016356403599206,0.004651093656725102,1,36,0.03129114583134651,0.03129114583134651,36,36,68,4,0.035945391489399806,0.7603832773036427,2.2523915767669678,0.981058303101823,0.01821722520296188,0.14570179698882954,0.034968431277319086,0.22219524040796504,"{""build_tower"":0.22219524040796504,""confirm_card_service_selection"":0.018212724623603693,""continue"":0.14570179698882954,""discard_treasure"":0.00024283632831471587,""place_tower"":0.08086449732880038,""purchase_shop_item"":0.1223895094706168,""remove_tower"":0.0,""reroll"":0.034968431277319086,""select_card_service_card"":0.018212724623603693,""select_treasure"":0.0259834871296746,""start_defense"":0.22219524040796504,""use_inventory_item"":0.10903351141330743}",0,0,0,0,2.587097468,19.614813998
guarded_R1,klguard-r1-p1,41,41,37.74902911980947,36.28269958496094,85.60416666666667,,,,,,,0.25252137532533064,0.0627545087661384,0.24975964054465294,1.5553405554300532,0.006207878325954773,0,,,0.0171755813062191,68,68,68,4,0.049327453379245365,0.6737262286684093,2.2151362895965576,0.9763072746291214,0.020050743266063577,0.14894134825991726,0.042102701387198835,0.22487223168654175,"{""build_tower"":0.22487223168654175,""confirm_card_service_selection"":0.017522511559990267,""continue"":0.14894134825991726,""discard_treasure"":0.0,""place_tower"":0.07057678267218301,""purchase_shop_item"":0.11876368946215624,""remove_tower"":0.0,""reroll"":0.042102701387198835,""select_card_service_card"":0.017522511559990267,""select_treasure"":0.02555366269165247,""start_defense"":0.22487223168654175,""use_inventory_item"":0.10927232903382818}",0,0,0,0,2.47311979,28.432454734
guarded_R1,klguard-r1-p1,42,42,38.33470392227173,36.498199462890625,84.95833333333333,,,,,,,0.2609803839619582,0.055116866204738886,0.2604656210169196,1.4807096859897113,0.0027764072372349347,0,,,0.006458190735429525,64,64,64,4,0.03614819957874715,0.6069362610578537,1.4627856016159058,0.9669386447180413,0.023628257389646024,0.14639529180971064,0.03482099068170672,0.23075036782736635,"{""build_tower"":0.23075036782736635,""confirm_card_service_selection"":0.018146150073565473,""continue"":0.14639529180971064,""discard_treasure"":0.0,""place_tower"":0.07209416380578715,""purchase_shop_item"":0.11623344776851398,""remove_tower"":0.0,""reroll"":0.03482099068170672,""select_card_service_card"":0.018391368317802845,""select_treasure"":0.026974006866110838,""start_defense"":0.23075036782736635,""use_inventory_item"":0.10544384502206965}",0,0,0,0,2.537706433,30.326424389
guarded_R1,klguard-r1-p1,43,43,39.8294727007548,37.518798828125,94.02083333333333,,,,,,,0.2693592526712933,0.0617269562622073,0.27031686662563253,1.676372889388952,0.0056526198820198,1,56,0.021652311086654663,0.021652311086654663,56,56,72,4,0.029159532394260168,0.5815675812108176,1.2269704341888428,0.9693031091743738,0.024912220917435154,0.14846000443164192,0.03833370263682694,0.2162641258586306,"{""build_tower"":0.2162641258586306,""confirm_card_service_selection"":0.020607134943496565,""continue"":0.14846000443164192,""discard_treasure"":0.00022158209616662973,""place_tower"":0.06647462884998892,""purchase_shop_item"":0.1327276756038112,""remove_tower"":0.0,""reroll"":0.03833370263682694,""select_card_service_card"":0.020828717039663196,""select_treasure"":0.02526035896299579,""start_defense"":0.2162641258586306,""use_inventory_item"":0.11455794371814758}",0,0,0,0,2.723345361,28.713513563
guarded_R1,klguard-r1-p1,44,44,37.943089644114174,35.43994903564453,90.33333333333333,,,,,,,0.27169532200083485,0.07410750912561134,0.26180668739048213,1.6358624777260304,0.0059287989601757175,1,37,0.024870343506336212,0.024870343506336212,37,37,68,4,0.040716497781308925,0.7410630680419303,1.4256943464279175,0.973426228671854,0.020863825222477317,0.15636531365313652,0.03482472324723247,0.21425276752767528,"{""build_tower"":0.21425276752767528,""confirm_card_service_selection"":0.01845018450184502,""continue"":0.15636531365313652,""discard_treasure"":0.0,""place_tower"":0.07126383763837639,""purchase_shop_item"":0.1305350553505535,""remove_tower"":0.0,""reroll"":0.03482472324723247,""select_card_service_card"":0.01868081180811808,""select_treasure"":0.025830258302583026,""start_defense"":0.21425276752767528,""use_inventory_item"":0.11554428044280443}",0,0,0,0,2.571258249,20.04394105
guarded_R1,klguard-r1-p1,45,45,37.604031244913735,35.53890037536621,84.125,1.0855500251054764,37.319781973958015,36.23423194885254,65,58,5,0.2633337663550942,0.04938687872729921,0.26808282104320824,1.4561360457465207,0.0036575565634109353,0,,,0.010552613064646721,64,64,64,4,0.041157423896947876,0.5522337306756526,1.3762691020965576,0.9719537373082088,0.023326639129663818,0.14635958395245172,0.029470034670629024,0.2283308568598316,"{""build_tower"":0.2283308568598316,""confirm_card_service_selection"":0.021792966815255076,""continue"":0.14635958395245172,""discard_treasure"":0.0,""place_tower"":0.06909361069836553,""purchase_shop_item"":0.1220901436354631,""remove_tower"":0.0,""reroll"":0.029470034670629024,""select_card_service_card"":0.022288261515601784,""select_treasure"":0.027241208519068846,""start_defense"":0.2283308568598316,""use_inventory_item"":0.10500247647350174}",0,0,0,0,2.389060587,28.874976417
guarded_R1,klguard-r1-p1,46,46,38.44799363613129,36.848899841308594,87.58333333333333,,,,,,,0.24673686452136467,0.05105494841692674,0.25667984827476387,1.4689013201039474,0.003514019337190428,0,,,0.00898667611181736,68,68,68,4,0.03422649437561631,0.6013572904116967,1.4802494049072266,0.9752157233635426,0.018927444375174886,0.14795432921027593,0.027354900095147478,0.2243101807802093,"{""build_tower"":0.2243101807802093,""confirm_card_service_selection"":0.01807802093244529,""continue"":0.14795432921027593,""discard_treasure"":0.0,""place_tower"":0.06993339676498572,""purchase_shop_item"":0.12916270218839201,""remove_tower"":0.0,""reroll"":0.027354900095147478,""select_card_service_card"":0.01879162702188392,""select_treasure"":0.026165556612749764,""start_defense"":0.2243101807802093,""use_inventory_item"":0.11393910561370124}",0,0,0,0,2.596782757,31.082391629
guarded_R1,klguard-r1-p1,47,47,35.67744159698486,34.0,75.95833333333333,,,,,,,0.2831360614752189,0.05828166894506585,0.2872247636318207,1.595450007093127,0.0045409901579356905,0,,,0.015046189539134502,60,60,60,4,0.04033518135547638,0.5491499091188113,1.08515465259552,0.9741807619413969,0.018468865007162095,0.13960504662643994,0.033461327482172246,0.24026330224904005,"{""build_tower"":0.24026330224904005,""confirm_card_service_selection"":0.016730663741086123,""continue"":0.13960504662643994,""discard_treasure"":0.0,""place_tower"":0.07405375754251234,""purchase_shop_item"":0.10916072408118487,""remove_tower"":0.0,""reroll"":0.033461327482172246,""select_card_service_card"":0.017004936917169502,""select_treasure"":0.02825013713658804,""start_defense"":0.24026330224904005,""use_inventory_item"":0.10120680197476686}",0,0,0,0,2.24566851,25.236902173
guarded_R1,klguard-r1-p1,48,48,38.859487454096474,37.41130065917969,88.125,,,,,,,0.2719595374787324,0.05390295301161669,0.28333524395437804,1.6119580084264187,0.00392895400241019,0,,,0.00867818109691143,68,68,68,4,0.042647230384104395,0.5259342934278881,1.3397293090820312,0.972882290664661,0.021335713414694455,0.15106382978723404,0.030732860520094562,0.22482269503546098,"{""build_tower"":0.22482269503546098,""confirm_card_service_selection"":0.019621749408983452,""continue"":0.15106382978723404,""discard_treasure"":0.00023640661938534278,""place_tower"":0.07115839243498819,""purchase_shop_item"":0.12364066193853428,""remove_tower"":0.0,""reroll"":0.030732860520094562,""select_card_service_card"":0.019621749408983452,""select_treasure"":0.02624113475177305,""start_defense"":0.22482269503546098,""use_inventory_item"":0.10803782505910166}",0,0,0,0,2.603487458,30.972330246
guarded_R1,klguard-r1-p1,49,49,39.87257500489553,38.67849922180176,93.97916666666667,,,,,,,0.28010114163261796,0.05254724078681383,0.2741160283072127,1.747585939899534,0.0026636299047216503,0,,,0.007442372385412455,72,72,72,4,0.029678355436772108,0.5391345996823576,1.0243415832519531,0.9677624100793998,0.024564441008907225,0.14475726003103526,0.03524717357570384,0.2163600088672135,"{""build_tower"":0.2163600088672135,""confirm_card_service_selection"":0.020837951673686544,""continue"":0.14475726003103526,""discard_treasure"":0.0,""place_tower"":0.07315451119485701,""purchase_shop_item"":0.13234316116160497,""remove_tower"":0.0,""reroll"":0.03524717357570384,""select_card_service_card"":0.02128131234759477,""select_treasure"":0.024828197738860563,""start_defense"":0.2163600088672135,""use_inventory_item"":0.1148304145422301}",0,0,0,0,2.847880312,34.131233478
guarded_R1,klguard-r1-p1,50,50,39.360352079073586,36.946800231933594,94.10416666666667,1.4150978475809097,37.64932979643345,36.23423194885254,69,54,5,0.30383657719901286,0.05696110063456963,0.30140768364071846,1.8931578353116003,0.0027341841836864157,0,,,0.0068560098297894,72,72,72,4,0.032288049761619836,0.5149238436586328,1.004475474357605,0.9740186008355857,0.020916050519897707,0.1489926942661058,0.03874252822669914,0.21341598406021695,"{""build_tower"":0.21341598406021695,""confirm_card_service_selection"":0.028337392074385653,""continue"":0.1489926942661058,""discard_treasure"":0.0,""place_tower"":0.06420190391852999,""purchase_shop_item"":0.13150321009519592,""remove_tower"":0.0,""reroll"":0.03874252822669914,""select_card_service_card"":0.028337392074385653,""select_treasure"":0.025680761567412,""start_defense"":0.21341598406021695,""use_inventory_item"":0.10737214965685189}",0,0,0,0,2.745433959,32.632759372
guarded_R1,klguard-r1-p1,51,51,38.50445028146108,38.0,88.89583333333333,,,,,,,0.31754813235087265,0.058542142066563996,0.31871886880082245,1.9160776787199552,0.004099082642516592,0,,,0.012726182118058205,68,68,68,4,0.04761607221820775,0.5880135589224451,1.5060749053955078,0.9814693558073054,0.016787771094480857,0.15045699554722286,0.04241856104991797,0.22076400281228029,"{""build_tower"":0.22076400281228029,""confirm_card_service_selection"":0.016170611670963207,""continue"":0.15045699554722286,""discard_treasure"":0.0,""place_tower"":0.07218186079212562,""purchase_shop_item"":0.12256854933208343,""remove_tower"":0.0,""reroll"":0.04241856104991797,""select_card_service_card"":0.017108038434497305,""select_treasure"":0.02577923599718772,""start_defense"":0.22076400281228029,""use_inventory_item"":0.11178814155144129}",0,0,0,0,2.7234352189999997,32.24366372
guarded_R1,klguard-r1-p1,52,52,37.86387097835541,37.151601791381836,86.02083333333333,,,,,,,0.32289958776577216,0.056048547570482846,0.31923197626191024,1.964014900280238,0.004778434875226915,0,,,0.013204211369156837,68,68,68,4,0.04164925918859594,0.573170905604082,3.0431714057922363,0.9769023193545303,0.018688363666810533,0.15354807459433276,0.048437878420925166,0.22378299830467427,"{""build_tower"":0.22378299830467427,""confirm_card_service_selection"":0.024461128602567207,""continue"":0.15354807459433276,""discard_treasure"":0.0004843787842092516,""place_tower"":0.06732865100508598,""purchase_shop_item"":0.11310244611286026,""remove_tower"":0.0,""reroll"":0.048437878420925166,""select_card_service_card"":0.024703317994671833,""select_treasure"":0.025914264955194964,""start_defense"":0.22378299830467427,""use_inventory_item"":0.09445386292080407}",0,0,0,0,2.499951786,30.029223549
guarded_R1,klguard-r1-p1,53,53,39.1040875116984,36.45330047607422,89.22916666666667,,,,,,,0.31085277750254503,0.057622774783418394,0.30465495148125815,1.7586344542643317,0.0031491716164215606,0,,,0.008989090099930763,68,68,68,4,0.04012784093399258,0.5220374977763962,1.0929781198501587,0.9752569355452075,0.020640211782472974,0.14475834695307027,0.04739668456689237,0.22437543777725893,"{""build_tower"":0.22437543777725893,""confirm_card_service_selection"":0.01914545879056736,""continue"":0.14475834695307027,""discard_treasure"":0.0,""place_tower"":0.06794303058603783,""purchase_shop_item"":0.11977585804342751,""remove_tower"":0.0,""reroll"":0.04739668456689237,""select_card_service_card"":0.01914545879056736,""select_treasure"":0.02591641372869484,""start_defense"":0.22437543777725893,""use_inventory_item"":0.10716787298622461}",0,0,0,0,2.602041026,30.001416701
guarded_R1,klguard-r1-p1,54,54,37.228764613469444,35.34124946594238,85.27083333333333,,,,,,,0.2952228256611414,0.0548006909983963,0.28845303086563945,1.8528867937536173,0.0044872283789061385,0,,,0.014036907814443111,64,64,64,4,0.04165854473831132,0.5875857775099576,1.1378520727157593,0.9821065879624044,0.015259413034073077,0.14683606156853163,0.05717077937942829,0.2223308086977767,"{""build_tower"":0.2223308086977767,""confirm_card_service_selection"":0.01588077204984119,""continue"":0.14683606156853163,""discard_treasure"":0.0,""place_tower"":0.06694356217933056,""purchase_shop_item"":0.11825067187881749,""remove_tower"":0.0,""reroll"":0.05717077937942829,""select_card_service_card"":0.01588077204984119,""select_treasure"":0.026142193989738577,""start_defense"":0.2223308086977767,""use_inventory_item"":0.10823356950891766}",0,0,0,0,2.51794599,27.94269636
guarded_R1,klguard-r1-p1,55,55,39.599777380625405,37.98895072937012,96.4375,1.7756844758987427,38.00991642475128,36.23423194885254,76,48,4,0.2657099349243381,0.051720048846859205,0.26021206339723185,1.7590265127117766,0.0026856773260150427,0,,,0.00971889216452837,76,76,76,4,0.03145314468757102,0.5411520651296565,2.371197462081909,0.9782663609336024,0.017253895106382276,0.14927630157701446,0.03996543529920069,0.20911643983581768,"{""build_tower"":0.20911643983581768,""confirm_card_service_selection"":0.022899114279542016,""continue"":0.14927630157701446,""discard_treasure"":0.00021602937999567941,""place_tower"":0.07107366601857852,""purchase_shop_item"":0.13545042125729098,""remove_tower"":0.00021602937999567941,""reroll"":0.03996543529920069,""select_card_service_card"":0.023115143659537696,""select_treasure"":0.024411319939511775,""start_defense"":0.20911643983581768,""use_inventory_item"":0.11514365953769713}",0,0,0,0,2.835505172,33.395125833
guarded_R1,klguard-r1-p1,56,56,37.698208491007485,36.549400329589844,87.0625,,,,,,,0.30583363201559993,0.05755581789787459,0.32202809172518115,2.103105396858388,0.0044961158971144706,0,,,0.0146846454590559,68,68,68,4,0.04794361261541352,0.6170124735902337,1.6684929132461548,0.9775491960478254,0.01654959806953283,0.14501076812634603,0.04953338119167265,0.22086623594161284,"{""build_tower"":0.22086623594161284,""confirm_card_service_selection"":0.017946877243359655,""continue"":0.14501076812634603,""discard_treasure"":0.0,""place_tower"":0.07083034218712611,""purchase_shop_item"":0.1198851399856425,""remove_tower"":0.0,""reroll"":0.04953338119167265,""select_card_service_card"":0.018425460636515914,""select_treasure"":0.026082794927016033,""start_defense"":0.22086623594161284,""use_inventory_item"":0.11055276381909548}",0,0,0,0,2.650549527,29.802922701
guarded_R1,klguard-r1-p1,57,57,38.08839762210846,36.6606502532959,87.22916666666667,,,,,,,0.3332074017142944,0.05572107112736937,0.332879818537656,2.097630274890126,0.004333262861430686,0,,,0.011566867120563984,68,68,68,4,0.0506638353690505,0.6137079614050248,1.71169114112854,0.9769771174140642,0.01827810054151889,0.13971817530451397,0.0489610699785049,0.2221160735610222,"{""build_tower"":0.2221160735610222,""confirm_card_service_selection"":0.01910675901600191,""continue"":0.13971817530451397,""discard_treasure"":0.0,""place_tower"":0.06544064962980654,""purchase_shop_item"":0.12467160257941247,""remove_tower"":0.0,""reroll"":0.0489610699785049,""select_card_service_card"":0.01958442799140196,""select_treasure"":0.02579412467160258,""start_defense"":0.2221160735610222,""use_inventory_item"":0.11249104370671124}",0,0,0,0,2.629147411,29.454685284
guarded_R1,klguard-r1-p1,58,58,37.27804982662201,34.0,85.75,,,,,,,0.37492383154914616,0.06024672350532369,0.37504587037598386,2.288754947410866,0.004601687115021324,0,,,0.013377637602388859,68,68,68,4,0.052906709668390894,0.6254860662362155,1.5243881940841675,0.9755265647114337,0.017904124866404077,0.14382896015549076,0.06438289601554907,0.22206025267249757,"{""build_tower"":0.22206025267249757,""confirm_card_service_selection"":0.02089407191448008,""continue"":0.14382896015549076,""discard_treasure"":0.0007288629737609329,""place_tower"":0.07410106899902819,""purchase_shop_item"":0.11030126336248786,""remove_tower"":0.0,""reroll"":0.06438289601554907,""select_card_service_card"":0.021379980563654033,""select_treasure"":0.026482021379980562,""start_defense"":0.22206025267249757,""use_inventory_item"":0.09378036929057337}",0,0,0,0,2.632822055,30.198809961
guarded_R1,klguard-r1-p1,59,59,38.30492500464121,36.39875030517578,88.64583333333333,,,,,,,0.3567030926678657,0.06049728345468316,0.37343660698217507,2.1783828999930983,0.006645503624253359,1,34,0.06433110684156418,0.06433110684156418,34,34,68,4,0.04820670888704412,0.557005293229047,0.9720203280448914,0.9762440801255869,0.019876654177684996,0.14735605170387778,0.05593419506462985,0.22021151586368978,"{""build_tower"":0.22021151586368978,""confirm_card_service_selection"":0.020681551116333723,""continue"":0.14735605170387778,""discard_treasure"":0.0,""place_tower"":0.07121034077555817,""purchase_shop_item"":0.11609870740305522,""remove_tower"":0.0,""reroll"":0.05593419506462985,""select_card_service_card"":0.02138660399529965,""select_treasure"":0.025851938895417155,""start_defense"":0.22021151586368978,""use_inventory_item"":0.10105757931844889}",0,0,0,0,2.627205586,18.806542122
guarded_R1,klguard-r1-p1,60,60,39.85025008519491,39.05794906616211,94.91666666666667,2.209037706255913,38.44326965510845,36.23423194885254,89,35,4,0.3667228790987907,0.056710263245565384,0.3803911403649383,2.4300892890851777,0.003282065593111838,0,,,0.007339175790548325,72,72,72,4,0.041743259851096406,0.5568644102248881,1.0011234283447266,0.9729253184484961,0.018678918920664325,0.14815627743634768,0.061457418788410885,0.21356453028972783,"{""build_tower"":0.21356453028972783,""confirm_card_service_selection"":0.019315188762071993,""continue"":0.14815627743634768,""discard_treasure"":0.00021949078138718174,""place_tower"":0.06716417910447761,""purchase_shop_item"":0.1237928007023705,""remove_tower"":0.0,""reroll"":0.061457418788410885,""select_card_service_card"":0.019315188762071993,""select_treasure"":0.02502194907813872,""start_defense"":0.21356453028972783,""use_inventory_item"":0.10842844600526778}",0,0,0,0,2.771642307,32.83269981
guarded_R1,klguard-r1-p1,61,61,38.74858339627584,37.06970024108887,88.95833333333333,,,,,,,0.4123989996116936,0.05979502856270463,0.40321601182222366,2.6092099961652058,0.004203674560471882,0,,,0.012102261185646057,68,68,68,4,0.051823841133976686,0.5275522921891773,0.8177680373191833,0.9763718402618751,0.017486363704151967,0.14894613583138172,0.07283372365339578,0.22224824355971898,"{""build_tower"":0.22224824355971898,""confirm_card_service_selection"":0.01756440281030445,""continue"":0.14894613583138172,""discard_treasure"":0.0,""place_tower"":0.0648711943793911,""purchase_shop_item"":0.10983606557377049,""remove_tower"":0.0,""reroll"":0.07283372365339578,""select_card_service_card"":0.018032786885245903,""select_treasure"":0.025526932084309135,""start_defense"":0.22224824355971898,""use_inventory_item"":0.09789227166276347}",0,0,0,0,2.664949377,31.193676837
guarded_R1,klguard-r1-p1,62,62,39.48385194937388,37.14360046386719,95.70833333333333,,,,,,,0.3986121760321598,0.0554910843989002,0.38865818952520687,2.3451479901350374,0.0037742051658382378,0,,,0.009962097741663456,72,72,72,4,0.04125281578550736,0.541995925621854,0.8973785638809204,0.9726807064299131,0.021082548062420554,0.14279494993469743,0.07488027862429256,0.21027427078798433,"{""build_tower"":0.21027427078798433,""confirm_card_service_selection"":0.02242054854157597,""continue"":0.14279494993469743,""discard_treasure"":0.00021767522855898998,""place_tower"":0.06791467131040488,""purchase_shop_item"":0.12037440139312146,""remove_tower"":0.0,""reroll"":0.07488027862429256,""select_card_service_card"":0.02285589899869395,""select_treasure"":0.02459730082716587,""start_defense"":0.21027427078798433,""use_inventory_item"":0.10339573356552025}",0,0,0,0,2.833143029,33.398126647
guarded_R1,klguard-r1-p1,63,63,39.15962294737498,37.80389976501465,94.08333333333333,,,,,,,0.3718274740048145,0.05184942129185738,0.3716982292632262,2.1558636340828112,0.0033503059880723007,0,,,0.011441281996667385,72,72,72,4,0.04057895066216588,0.533332631819778,1.0160002708435059,0.9725455253642399,0.02123485804380228,0.14393268379096547,0.07462356067316209,0.21169176262178918,"{""build_tower"":0.21169176262178918,""confirm_card_service_selection"":0.02192205491585474,""continue"":0.14393268379096547,""discard_treasure"":0.0,""place_tower"":0.070859167404783,""purchase_shop_item"":0.11780336581045173,""remove_tower"":0.00022143489813994686,""reroll"":0.07462356067316209,""select_card_service_card"":0.02192205491585474,""select_treasure"":0.025243578387953942,""start_defense"":0.21169176262178918,""use_inventory_item"":0.10008857395925598}",0,0,0,0,2.748102392,32.676344274
guarded_R1,klguard-r1-p1,64,64,38.640070835749306,35.4244499206543,92.70833333333333,,,,,,,0.36154388580946883,0.04808016778625829,0.3663530196580622,2.232935309677143,0.004444366039428537,0,,,0.01507136132568121,72,72,72,4,0.047451858369944,0.49641452315780854,1.0480448007583618,0.9730795700598261,0.021116775369995996,0.14337078651685392,0.0696629213483146,0.21280898876404494,"{""build_tower"":0.21280898876404494,""confirm_card_service_selection"":0.021348314606741574,""continue"":0.14337078651685392,""discard_treasure"":0.0,""place_tower"":0.0651685393258427,""purchase_shop_item"":0.12292134831460674,""remove_tower"":0.0,""reroll"":0.0696629213483146,""select_card_service_card"":0.021797752808988765,""select_treasure"":0.024494382022471912,""start_defense"":0.21280898876404494,""use_inventory_item"":0.10561797752808989}",0,0,0,0,2.679239436,32.520673319
guarded_R1,klguard-r1-p1,65,65,39.74229804674784,38.66545104980469,95.25,2.6269374787807465,38.861169427633286,36.23423194885254,98,29,1,0.3753293949424341,0.057090353608215474,0.38707701086997987,2.0824346825633056,0.0066796755727773416,1,25,0.026491552591323853,0.026491552591323853,25,25,72,4,0.035647727251052856,0.5466270470619201,0.8943219184875488,0.9744483731631016,0.02142802087797059,0.14785651793525809,0.06780402449693788,0.2125984251968504,"{""build_tower"":0.2125984251968504,""confirm_card_service_selection"":0.01859142607174103,""continue"":0.14785651793525809,""discard_treasure"":0.0004374453193350831,""place_tower"":0.0699912510936133,""purchase_shop_item"":0.11701662292213473,""remove_tower"":0.0,""reroll"":0.06780402449693788,""select_card_service_card"":0.018810148731408575,""select_treasure"":0.025153105861767278,""start_defense"":0.2125984251968504,""use_inventory_item"":0.10914260717410323}",0,0,0,0,2.865920258,18.086084806
guarded_R1,klguard-r1-p1,66,66,38.435449838638306,37.24024963378906,92.60416666666667,,,,,,,0.40057000647788965,0.042778148576664114,0.41516344663169646,2.277263940661438,0.004683542843546699,0,,,0.013046376407146454,72,72,72,4,0.04815374858056506,0.5125557840284374,1.1958109140396118,0.9734096401187944,0.019888090745856363,0.1437570303712036,0.0767154105736783,0.21169853768278965,"{""build_tower"":0.21169853768278965,""confirm_card_service_selection"":0.02249718785151856,""continue"":0.1437570303712036,""discard_treasure"":0.0002249718785151856,""place_tower"":0.06794150731158605,""purchase_shop_item"":0.11766029246344208,""remove_tower"":0.0,""reroll"":0.0767154105736783,""select_card_service_card"":0.022722159730033747,""select_treasure"":0.024521934758155232,""start_defense"":0.21169853768278965,""use_inventory_item"":0.10056242969628797}",0,0,0,0,2.795821115,32.184498028
guarded_R1,klguard-r1-p1,67,67,39.90549580256144,37.923749923706055,95.16666666666667,,,,,,,0.405620954615067,0.04441726282654998,0.39567496586177087,2.41921447813228,0.004122981533984987,0,,,0.01174848061054945,72,72,72,4,0.04464257011810938,0.4960648922456635,0.8662381768226624,0.9738020538785841,0.020990635682311323,0.14141856392294222,0.07508756567425569,0.2136602451838879,"{""build_tower"":0.2136602451838879,""confirm_card_service_selection"":0.021453590192644482,""continue"":0.14141856392294222,""discard_treasure"":0.00043782837127845885,""place_tower"":0.0647985989492119,""purchase_shop_item"":0.11930823117338003,""remove_tower"":0.00021891418563922942,""reroll"":0.07508756567425569,""select_card_service_card"":0.021891418563922942,""select_treasure"":0.025175131348511383,""start_defense"":0.2136602451838879,""use_inventory_item"":0.10288966725043783}",0,0,0,0,2.896499279,34.50167906
guarded_R1,klguard-r1-p1,68,68,40.366058230400085,39.05820083618164,98.39583333333333,,,,,,,0.4165420404729354,0.04878594876651188,0.41980497931179245,2.445313642399487,0.0035523467680545046,0,,,0.007971834391355515,76,76,76,4,0.04334373208449075,0.5326243591936011,1.1941865682601929,0.9687372522420047,0.02227191158913468,0.14672877408426846,0.07791657844590302,0.20918907474063095,"{""build_tower"":0.20918907474063095,""confirm_card_service_selection"":0.02074952360787635,""continue"":0.14672877408426846,""discard_treasure"":0.00021172983273343214,""place_tower"":0.06796527630743172,""purchase_shop_item"":0.11962735549438916,""remove_tower"":0.00021172983273343214,""reroll"":0.07791657844590302,""select_card_service_card"":0.021384713106076647,""select_treasure"":0.024560660597078128,""start_defense"":0.20918907474063095,""use_inventory_item"":0.10226550921024773}",0,0,0,0,3.016930658,36.488689755
guarded_R1,klguard-r1-p1,69,69,38.529389341672264,38.18039894104004,93.60416666666667,,,,,,,0.426744818726014,0.04881184900998193,0.4143910196920236,2.582944018530622,0.0057505312729517755,0,,,0.01823391206562519,72,72,72,4,0.042600134258261986,0.5165817625820637,1.0033745765686035,0.98106589845509,0.01784966597592251,0.14377921210772313,0.09058535499666147,0.21010460716670376,"{""build_tower"":0.21010460716670376,""confirm_card_service_selection"":0.018918317382595147,""continue"":0.14377921210772313,""discard_treasure"":0.00022256843979523704,""place_tower"":0.06409971066102826,""purchase_shop_item"":0.1159581571333185,""remove_tower"":0.00022256843979523704,""reroll"":0.09058535499666147,""select_card_service_card"":0.019363454262185623,""select_treasure"":0.025150233696861785,""start_defense"":0.21010460716670376,""use_inventory_item"":0.10149120854662809}",0,0,0,0,2.759598426,33.05259617
guarded_R1,klguard-r1-p1,70,70,39.664466857910156,38.78334999084473,98.0,2.72285632789135,38.95708827674389,36.23423194885254,91,35,2,0.3974564947312218,0.04387587019529501,0.40477982986914485,2.4403114016046503,0.004096706011200456,0,,,0.009274724870920181,76,76,76,4,0.044921875012254246,0.5250090013601278,1.0507746934890747,0.9774412596425052,0.0183240978512913,0.15029761904761904,0.08163265306122448,0.20620748299319727,"{""build_tower"":0.20620748299319727,""confirm_card_service_selection"":0.022534013605442178,""continue"":0.15029761904761904,""discard_treasure"":0.0006377551020408163,""place_tower"":0.07227891156462585,""purchase_shop_item"":0.11564625850340136,""remove_tower"":0.0,""reroll"":0.08163265306122448,""select_card_service_card"":0.02295918367346939,""select_treasure"":0.02423469387755102,""start_defense"":0.20620748299319727,""use_inventory_item"":0.09736394557823129}",0,0,0,0,2.930581819,35.233186211
guarded_R1,klguard-r1-p1,71,71,37.669206062952675,37.52820014953613,88.75,,,,,,,0.38049657519418106,0.044827853559135995,0.36594779964755564,2.5466392430746403,0.004727602425191435,0,,,0.010195668786764145,68,68,68,4,0.055833594818763876,0.511309848550488,0.8134773373603821,0.979904451308851,0.015336906797636081,0.14413145539906103,0.0880281690140845,0.21666666666666667,"{""build_tower"":0.21666666666666667,""confirm_card_service_selection"":0.018779342723004695,""continue"":0.14413145539906103,""discard_treasure"":0.00046948356807511736,""place_tower"":0.05938967136150235,""purchase_shop_item"":0.11173708920187793,""remove_tower"":0.00023474178403755868,""reroll"":0.0880281690140845,""select_card_service_card"":0.019248826291079813,""select_treasure"":0.02535211267605634,""start_defense"":0.21666666666666667,""use_inventory_item"":0.09929577464788733}",0,0,0,0,2.621651371,29.626296058
guarded_R1,klguard-r1-p1,72,72,38.593793749809265,37.34160041809082,91.375,,,,,,,0.3788567304340764,0.03821592442735618,0.39727660495301953,2.476615329074847,0.0038083235495318863,1,23,0.03527740761637688,0.03527740761637688,23,23,72,4,0.031509750644149986,0.5821900432524474,0.9751476049423218,0.9813566396054039,0.01718252815771848,0.1456908344733242,0.0870953032375741,0.21523027815777473,"{""build_tower"":0.21523027815777473,""confirm_card_service_selection"":0.018695850433196534,""continue"":0.1456908344733242,""discard_treasure"":0.00045599635202918376,""place_tower"":0.06041951664386685,""purchase_shop_item"":0.1124031007751938,""remove_tower"":0.0009119927040583675,""reroll"":0.0870953032375741,""select_card_service_card"":0.018923848609211126,""select_treasure"":0.02553579571363429,""start_defense"":0.21523027815777473,""use_inventory_item"":0.09940720474236206}",0,0,0,0,2.720459305,16.057795059
guarded_R1,klguard-r1-p1,73,73,38.71727069218954,37.3476505279541,94.375,,,,,,,0.408260590498909,0.03798563908668099,0.4156145780450768,3.191775916377015,0.003074257075343528,0,,,0.010875054635107517,72,72,72,4,0.036049298702790916,0.44989534757203525,0.7391728162765503,0.979286539258516,0.01638997203877403,0.14724061810154526,0.09426048565121413,0.20927152317880796,"{""build_tower"":0.20927152317880796,""confirm_card_service_selection"":0.02075055187637969,""continue"":0.14724061810154526,""discard_treasure"":0.0,""place_tower"":0.06666666666666667,""purchase_shop_item"":0.11169977924944813,""remove_tower"":0.0,""reroll"":0.09426048565121413,""select_card_service_card"":0.02075055187637969,""select_treasure"":0.024503311258278145,""start_defense"":0.20927152317880796,""use_inventory_item"":0.0955849889624724}",0,0,0,0,2.8336456009999997,33.333815822
guarded_R1,klguard-r1-p1,74,74,38.961785316467285,36.8658504486084,94.875,,,,,,,0.43362491915142787,0.03501119513650312,0.43886042427685523,2.9871874905992475,0.004567855999109977,0,,,0.014166056178510189,72,72,72,4,0.044557678435618676,0.5575511116120551,1.0813506841659546,0.9811435939559472,0.015378653653897345,0.14251207729468598,0.09178743961352658,0.2103645147123408,"{""build_tower"":0.2103645147123408,""confirm_card_service_selection"":0.021958717610891524,""continue"":0.14251207729468598,""discard_treasure"":0.0,""place_tower"":0.06433904259991216,""purchase_shop_item"":0.11418533157663592,""remove_tower"":0.0004391743522178305,""reroll"":0.09178743961352658,""select_card_service_card"":0.022397891963109356,""select_treasure"":0.024374176548089592,""start_defense"":0.2103645147123408,""use_inventory_item"":0.09727711901624946}",0,0,0,0,2.8551880609999998,33.703453268
guarded_R1,klguard-r1-p1,75,75,39.455852031707764,37.71304893493652,98.6875,2.792008653283119,39.02624060213566,36.23423194885254,93,34,1,0.41645825247333007,0.03537841959880851,0.43875534950118317,3.1695696585958353,0.004142607790658746,0,,,0.009588900953531265,76,76,76,4,0.048392237899334806,0.5301478473763717,1.2961972951889038,0.9765717125034324,0.017849530571287398,0.14249525015832806,0.0859193582436141,0.2045598480050665,"{""build_tower"":0.2045598480050665,""confirm_card_service_selection"":0.023010344099641124,""continue"":0.14249525015832806,""discard_treasure"":0.0,""place_tower"":0.069242136373232,""purchase_shop_item"":0.12159594680177327,""remove_tower"":0.0008444162972345366,""reroll"":0.0859193582436141,""select_card_service_card"":0.023643656322567024,""select_treasure"":0.023432552248258392,""start_defense"":0.2045598480050665,""use_inventory_item"":0.10069664344521849}",0,0,0,0,2.925946152,35.555069219
guarded_R1,klguard-r1-p2,76,1,37.64585634072622,35.5255012512207,91.75,,,,,,,0.46044547313649853,0.03977256658139083,0.4576899982415713,3.6560127872901815,0.006896630242968408,1,13,0.028966886922717094,0.028966886922717094,13,13,72,4,0.04657451923076923,0.5653567245373359,0.7444098591804504,0.9802313882663093,0.01882309116060949,0.1441871026339691,0.09673024523160763,0.20958219800181654,"{""build_tower"":0.20958219800181654,""confirm_card_service_selection"":0.017711171662125342,""continue"":0.1441871026339691,""discard_treasure"":0.00022706630336058128,""place_tower"":0.06721162579473206,""purchase_shop_item"":0.11217075386012716,""remove_tower"":0.0011353315168029065,""reroll"":0.09673024523160763,""select_card_service_card"":0.017711171662125342,""select_treasure"":0.0242960944595822,""start_defense"":0.20958219800181654,""use_inventory_item"":0.0994550408719346}",0,0,0,0,2.643073967,13.082400536
guarded_R1,klguard-r1-p2,77,2,37.73024173577627,36.73324966430664,91.125,,,,,,,0.47061984162397374,0.06335144157738938,0.45508599612447953,4.080697825563266,0.004552740678971329,0,,,0.01266302540898323,72,72,72,4,0.053380484589272074,0.7505503023664156,2.6602296829223633,0.9781474072922082,0.018931377368668716,0.1310013717421125,0.09007773205304069,0.21193415637860083,"{""build_tower"":0.21193415637860083,""confirm_card_service_selection"":0.019433013260173753,""continue"":0.1310013717421125,""discard_treasure"":0.00022862368541380886,""place_tower"":0.06584362139917696,""purchase_shop_item"":0.11454046639231824,""remove_tower"":0.011202560585276635,""reroll"":0.09007773205304069,""select_card_service_card"":0.019433013260173753,""select_treasure"":0.02446273433927755,""start_defense"":0.21193415637860083,""use_inventory_item"":0.09990855052583447}",0,0,0,0,2.6301706559999998,30.329970612
guarded_R1,klguard-r1-p2,78,3,38.46944987773895,36.49079895019531,94.375,,,,,,,0.4587063361739939,0.06750891357053199,0.4654775965544913,4.743352225494485,0.005280490267952903,0,,,0.014113551005721092,72,72,72,4,0.05780555069860485,0.7176543962624338,2.2522506713867188,0.9756348732160223,0.021216073526173003,0.1392935982339956,0.0847682119205298,0.20772626931567328,"{""build_tower"":0.20772626931567328,""confirm_card_service_selection"":0.019646799116997793,""continue"":0.1392935982339956,""discard_treasure"":0.0,""place_tower"":0.06799116997792494,""purchase_shop_item"":0.11655629139072848,""remove_tower"":0.010154525386313467,""reroll"":0.0847682119205298,""select_card_service_card"":0.019867549668874173,""select_treasure"":0.02384105960264901,""start_defense"":0.20772626931567328,""use_inventory_item"":0.10242825607064018}",0,0,0,0,2.908472347,32.090097621
guarded_R1,klguard-r1-p2,79,4,35.69116473197937,35.24855041503906,90.39583333333333,,,,,,,0.5265352305409832,0.09277642063587752,0.5234340440343928,4.702831931442923,0.0064576266956498365,1,27,0.027978651225566864,0.027978651225566864,27,27,68,4,0.0546279625484237,0.681389919033757,1.4236308336257935,0.9293150629196046,0.06302302111597623,0.12330029960820466,0.09218713989398479,0.2011984328186218,"{""build_tower"":0.2011984328186218,""confirm_card_service_selection"":0.0163632173311823,""continue"":0.12330029960820466,""discard_treasure"":0.0,""place_tower"":0.0721364369670431,""purchase_shop_item"":0.11246831067066144,""remove_tower"":0.038949066605208575,""reroll"":0.09218713989398479,""select_card_service_card"":0.0163632173311823,""select_treasure"":0.022816317123761237,""start_defense"":0.2011984328186218,""use_inventory_item"":0.103019128831528}",0,0,0,0,2.636339836,16.586260833
guarded_R1,klguard-r1-p2,80,5,38.33056449890137,37.67849922180176,96.60416666666667,2.019161134958267,38.253393083810806,36.23423194885254,81,47,0,0.44490354811259214,0.06367289151156756,0.4458561245548098,3.9775382323982833,0.00481226315868729,0,,,0.013219131156802177,76,76,76,4,0.050281448534836896,0.7028377361987767,2.1464107036590576,0.9783843274276314,0.02011772713280822,0.1375889583782618,0.08475307310761268,0.20185464740133707,"{""build_tower"":0.20185464740133707,""confirm_card_service_selection"":0.020271727409963337,""continue"":0.1375889583782618,""discard_treasure"":0.00021565667457407807,""place_tower"":0.06944144921285314,""purchase_shop_item"":0.12206167780892818,""remove_tower"":0.010782833728703903,""reroll"":0.08475307310761268,""select_card_service_card"":0.020487384084537416,""select_treasure"":0.023290920854000433,""start_defense"":0.20185464740133707,""use_inventory_item"":0.10739702393789088}",0,0,0,0,2.810540537,33.57674287
guarded_R1,klguard-r1-p2,81,6,38.683558344841,36.13574981689453,92.41666666666667,,,,,,,0.47317132741725487,0.07812961986514484,0.4582061771717336,4.5055486134299585,0.003980866629414474,0,,,0.008943180553615093,72,72,72,4,0.04850260427014695,0.6639740069707235,1.5841578245162964,0.9733064179614427,0.022696227986469038,0.12871956717763752,0.09107303877366997,0.2132551848512173,"{""build_tower"":0.2132551848512173,""confirm_card_service_selection"":0.017808836789900813,""continue"":0.12871956717763752,""discard_treasure"":0.0,""place_tower"":0.06424706943192066,""purchase_shop_item"":0.11496844003606853,""remove_tower"":0.009467989179440937,""reroll"":0.09107303877366997,""select_card_service_card"":0.018034265103697024,""select_treasure"":0.02502254283137962,""start_defense"":0.2132551848512173,""use_inventory_item"":0.10414788097385032}",0,0,0,0,2.720127685,30.515944456
guarded_R1,klguard-r1-p2,82,7,40.674962639808655,39.53375053405762,103.60416666666667,,,,,,,0.46645365813593187,0.08678253949504627,0.46259285844862463,4.810330119712885,0.004775271792232161,0,,,0.009083793498575687,80,80,80,4,0.055304795037955046,0.7950337484478951,3.149838447570801,0.9693976202058577,0.027059437497518955,0.13352101347275286,0.08324954755680676,0.19987934848180172,"{""build_tower"":0.19987934848180172,""confirm_card_service_selection"":0.02131510154836115,""continue"":0.13352101347275286,""discard_treasure"":0.0,""place_tower"":0.0645485622360748,""purchase_shop_item"":0.12668409410818418,""remove_tower"":0.015081439774783833,""reroll"":0.08324954755680676,""select_card_service_card"":0.02171727327568872,""select_treasure"":0.023527046048662778,""start_defense"":0.19987934848180172,""use_inventory_item"":0.11059722501508144}",0,0,0,0,3.034858575,35.543557752
guarded_R1,klguard-r1-p2,83,8,37.46455840269724,35.63050079345703,92.54166666666667,,,,,,,0.4852340494084531,0.07880701371432769,0.48119066779812175,4.976563717537131,0.004880051223924258,0,,,0.014463704079389572,72,72,72,4,0.05357108420381943,0.810201438764731,2.376206398010254,0.9705803967873989,0.02582547386797766,0.1330481764970734,0.08779828905898245,0.20666366501575867,"{""build_tower"":0.20666366501575867,""confirm_card_service_selection"":0.018685276902296263,""continue"":0.1330481764970734,""discard_treasure"":0.0,""place_tower"":0.0659612787032868,""purchase_shop_item"":0.11593876632147682,""remove_tower"":0.017334533993696534,""reroll"":0.08779828905898245,""select_card_service_card"":0.019135524538496172,""select_treasure"":0.024538496172895094,""start_defense"":0.20666366501575867,""use_inventory_item"":0.10423232778027916}",0,0,0,0,2.764586774,31.640379269
guarded_R1,klguard-r1-p2,84,9,37.45268746217092,36.74749946594238,91.125,,,,,,,0.4738990103581143,0.07906405838387706,0.4860888541572624,5.085759823328311,0.006208935500050454,0,,,0.013982980512082577,72,72,72,4,0.0645714963061942,0.7442517081896464,2.1304824352264404,0.976927848587604,0.02116924137549682,0.12985825331504344,0.09350708733424783,0.20964791952446274,"{""build_tower"":0.20964791952446274,""confirm_card_service_selection"":0.014631915866483767,""continue"":0.12985825331504344,""discard_treasure"":0.0004572473708276177,""place_tower"":0.06218564243255601,""purchase_shop_item"":0.11636945587562872,""remove_tower"":0.013488797439414724,""reroll"":0.09350708733424783,""select_card_service_card"":0.014631915866483767,""select_treasure"":0.025148605395518976,""start_defense"":0.20964791952446274,""use_inventory_item"":0.11042524005486969}",0,0,0,0,2.616126332,30.810158102
guarded_R1,klguard-r1-p2,85,10,37.021926959355675,35.630550384521484,89.22916666666667,1.7066791653633118,37.94091111421585,36.23423194885254,75,53,0,0.48220701906776975,0.07708736740572186,0.48224399874850016,6.443767863114411,0.005113255867666051,1,41,0.021450143307447433,0.021450143307447433,41,41,68,4,0.0522715044094295,0.723489621790444,1.2451509237289429,0.9786953839675929,0.018040697186199182,0.13752042960541677,0.0859210833527901,0.21176745272005604,"{""build_tower"":0.21176745272005604,""confirm_card_service_selection"":0.014942797104833061,""continue"":0.13752042960541677,""discard_treasure"":0.0,""place_tower"":0.06724258697174877,""purchase_shop_item"":0.11137053467195891,""remove_tower"":0.016577165538174177,""reroll"":0.0859210833527901,""select_card_service_card"":0.015176278309596078,""select_treasure"":0.024982488909642775,""start_defense"":0.21176745272005604,""use_inventory_item"":0.1027317300957273}",0,0,0,0,2.567356477,21.652333868
guarded_R1,klguard-r1-p2,86,11,36.2029980023702,35.187049865722656,90.20833333333333,,,,,,,0.5431570319892343,0.12304224929553358,0.5390783618478214,8.703496136243428,0.006028818236700317,0,,,0.018408000469207764,68,68,68,4,0.05869341940235566,0.9524794014937737,2.24062442779541,0.9390003373366588,0.05292603907668415,0.12240184757505773,0.08175519630484988,0.2048498845265589,"{""build_tower"":0.2048498845265589,""confirm_card_service_selection"":0.012702078521939953,""continue"":0.12240184757505773,""discard_treasure"":0.00023094688221709007,""place_tower"":0.06420323325635104,""purchase_shop_item"":0.11108545034642033,""remove_tower"":0.05658198614318707,""reroll"":0.08175519630484988,""select_card_service_card"":0.012702078521939953,""select_treasure"":0.02378752886836028,""start_defense"":0.2048498845265589,""use_inventory_item"":0.1048498845265589}",0,0,0,0,2.541669596,29.218080964
guarded_R1,klguard-r1-p2,87,12,36.75663733482361,36.85354995727539,94.04166666666667,,,,,,,0.5313101513312436,0.123251028322329,0.5656041247504098,6.861122684304007,0.005483560429248817,1,14,0.020625682547688484,0.020625682547688484,14,14,72,4,0.052734375,0.9241830919470105,1.5844441652297974,0.956523043020854,0.03883138195508056,0.12317235268054941,0.08418254319893664,0.19893664155959237,"{""build_tower"":0.19893664155959237,""confirm_card_service_selection"":0.018165706690296855,""continue"":0.12317235268054941,""discard_treasure"":0.00022153300841825432,""place_tower"":0.07089056269384138,""purchase_shop_item"":0.11497563136907399,""remove_tower"":0.044306601683650866,""reroll"":0.08418254319893664,""select_card_service_card"":0.01905183872396987,""select_treasure"":0.023482498892334957,""start_defense"":0.19893664155959237,""use_inventory_item"":0.10367744793974303}",0,0,0,0,2.808569896,13.766671231
guarded_R1,klguard-r1-p2,88,13,36.88527500629425,34.7140998840332,88.91666666666667,,,,,,,0.5385710975097758,0.1117323422074228,0.5367941028055023,7.155124033588485,0.005319233203301658,0,,,0.01846311427652836,68,68,68,4,0.06129365814301897,0.823697933817611,1.6666944026947021,0.9678905378746884,0.02653586954864509,0.12558575445173384,0.07989690721649484,0.21180880974695407,"{""build_tower"":0.21180880974695407,""confirm_card_service_selection"":0.01569821930646673,""continue"":0.12558575445173384,""discard_treasure"":0.0,""place_tower"":0.07239925023430178,""purchase_shop_item"":0.11223055295220244,""remove_tower"":0.026710402999062792,""reroll"":0.07989690721649484,""select_card_service_card"":0.01569821930646673,""select_treasure"":0.024601686972820995,""start_defense"":0.21180880974695407,""use_inventory_item"":0.10356138706654171}",0,0,0,0,2.661229311,29.255227602
guarded_R1,klguard-r1-p2,89,14,35.9897708495458,33.91110038757324,83.1875,,,,,,,0.5725647657880684,0.12046279929319942,0.560667366720736,7.863262397739869,0.005607696969065046,0,,,0.015704503282904625,64,64,64,4,0.055984796315897256,0.8379436018876731,2.6818859577178955,0.9646172586979873,0.027538846305105835,0.12271475081392437,0.09090909090909091,0.22038567493112948,"{""build_tower"":0.22038567493112948,""confirm_card_service_selection"":0.010267968945654895,""continue"":0.12271475081392437,""discard_treasure"":0.0005008765339343851,""place_tower"":0.07237665915351865,""purchase_shop_item"":0.10142749812171299,""remove_tower"":0.024542950162784873,""reroll"":0.09090909090909091,""select_card_service_card"":0.01076884547958928,""select_treasure"":0.026045579764588028,""start_defense"":0.22038567493112948,""use_inventory_item"":0.09967443025294265}",0,0,0,0,2.4631353799999998,27.73058447
guarded_R1,klguard-r1-p2,90,15,37.14188953240713,33.81694984436035,94.875,2.0848420560359955,38.319074004888535,36.23423194885254,81,46,1,0.5968860736970187,0.14601166402012858,0.6078492403030396,9.542101067571032,0.004480693763222614,0,,,0.010198820382356644,72,72,72,4,0.0562302324300011,0.9811056363913748,2.7744300365448,0.9525230583573828,0.03331266811841892,0.11923583662714098,0.07992973210364515,0.19938515590689504,"{""build_tower"":0.19938515590689504,""confirm_card_service_selection"":0.015810276679841896,""continue"":0.11923583662714098,""discard_treasure"":0.00021958717610891525,""place_tower"":0.06675450153711024,""purchase_shop_item"":0.11308739569609134,""remove_tower"":0.06411945542380325,""reroll"":0.07992973210364515,""select_card_service_card"":0.016029863855950812,""select_treasure"":0.023495827843653932,""start_defense"":0.19938515590689504,""use_inventory_item"":0.10254721124286342}",0,0,0,0,2.809114036,31.879577587
guarded_R1,klguard-r1-p2,91,16,35.1624063650767,34.16984939575195,89.08333333333333,,,,,,,0.5983594342816367,0.12224733320868636,0.6049291395089206,9.217865447502216,0.0047868610035413225,0,,,0.012757891789078712,68,68,68,4,0.05835120511405608,0.8980073118034531,2.539811134338379,0.9508107383195008,0.043807905139949394,0.11435921421889617,0.0961178671655753,0.2018241347053321,"{""build_tower"":0.2018241347053321,""confirm_card_service_selection"":0.011459307764265668,""continue"":0.11435921421889617,""discard_treasure"":0.0009354536950420954,""place_tower"":0.06828811973807297,""purchase_shop_item"":0.10453695042095416,""remove_tower"":0.063844714686623,""reroll"":0.0961178671655753,""select_card_service_card"":0.011459307764265668,""select_treasure"":0.02432179607109448,""start_defense"":0.2018241347053321,""use_inventory_item"":0.10102899906454631}",0,0,0,0,2.594721894,29.1502175
guarded_R1,klguard-r1-p2,92,17,37.03793144226074,35.806650161743164,91.79166666666667,,,,,,,0.5463367412960078,0.10777408825341771,0.5466467572583092,7.68027408727377,0.004322980633989775,0,,,0.009292328730225563,72,72,72,4,0.04894466951696409,0.9192312190102206,3.3082942962646484,0.9636532344824177,0.027948601287789643,0.12709940989559693,0.0926009986382206,0.20517476168860643,"{""build_tower"":0.20517476168860643,""confirm_card_service_selection"":0.01407172038129823,""continue"":0.12709940989559693,""discard_treasure"":0.0013617793917385383,""place_tower"":0.06536541080344985,""purchase_shop_item"":0.11189287335451657,""remove_tower"":0.03313663186563777,""reroll"":0.0926009986382206,""select_card_service_card"":0.01407172038129823,""select_treasure"":0.023604176123467997,""start_defense"":0.20517476168860643,""use_inventory_item"":0.10644575578756242}",0,0,0,0,2.769506859,30.683558526
guarded_R1,klguard-r1-p2,93,18,35.04826052983602,33.90545082092285,87.6875,,,,,,,0.5922941890423814,0.1270934594349441,0.5607032679459628,8.597271533128328,0.005866013487962739,0,,,0.01538054645061493,68,68,68,4,0.06503265712629347,0.9673988350174006,2.9411163330078125,0.954197332008642,0.03704497746794539,0.11000237586124971,0.08980755523877405,0.20384889522451888,"{""build_tower"":0.20384889522451888,""confirm_card_service_selection"":0.01235447849845569,""continue"":0.11000237586124971,""discard_treasure"":0.0014255167498218105,""place_tower"":0.07032549299120931,""purchase_shop_item"":0.10430030886196247,""remove_tower"":0.07008790686623902,""reroll"":0.08980755523877405,""select_card_service_card"":0.01235447849845569,""select_treasure"":0.023758612497030172,""start_defense"":0.20384889522451888,""use_inventory_item"":0.09788548348776431}",0,0,0,0,2.559574981,28.694613453
guarded_R1,klguard-r1-p2,94,19,37.021225015322365,34.98050117492676,94.64583333333333,,,,,,,0.5604092910958642,0.13020747831583757,0.5490534114303873,7.042869685730263,0.005397757622957405,1,67,0.020895633846521378,0.020895633846521378,67,67,72,4,0.06018134139811815,0.9511990315878569,2.360966444015503,0.9526184723628621,0.03824186948541966,0.12458727712965001,0.08694695135373101,0.20030816640986132,"{""build_tower"":0.20030816640986132,""confirm_card_service_selection"":0.0162887959498129,""continue"":0.12458727712965001,""discard_treasure"":0.0008804754567466431,""place_tower"":0.06801672903367818,""purchase_shop_item"":0.11138014527845036,""remove_tower"":0.049086506713625355,""reroll"":0.08694695135373101,""select_card_service_card"":0.01672903367818622,""select_treasure"":0.023332599603786044,""start_defense"":0.20030816640986132,""use_inventory_item"":0.10213515298261061}",0,0,0,0,2.797670817,31.482030759
guarded_R1,klguard-r1-p2,95,20,37.59426458676656,35.430349349975586,91.27083333333333,2.1822686791419983,38.41650062799454,36.23423194885254,80,47,1,0.504237494783841,0.09024533054075269,0.5020639097525014,5.81599131600831,0.0054635515761244985,0,,,0.013886887580156326,72,72,72,4,0.05179148710643252,0.7806662118269337,4.588804721832275,0.9564306379764969,0.029311994866778452,0.12599863044966902,0.09678155672220955,0.21022597580461083,"{""build_tower"":0.21022597580461083,""confirm_card_service_selection"":0.016206345583200183,""continue"":0.12599863044966902,""discard_treasure"":0.002054325496461995,""place_tower"":0.06961880849121205,""purchase_shop_item"":0.10979228486646884,""remove_tower"":0.01643460397169596,""reroll"":0.09678155672220955,""select_card_service_card"":0.01643460397169596,""select_treasure"":0.024423647569048162,""start_defense"":0.21022597580461083,""use_inventory_item"":0.10180324126911663}",0,0,0,0,2.729222364,30.903657773
guarded_R1,klguard-r1-p2,96,21,38.060118675231934,35.910200119018555,95.64583333333333,,,,,,,0.49667552201975523,0.09236739436465437,0.4893846847116947,5.666656125519181,0.004185622183121672,0,,,0.009641751646995544,72,72,72,4,0.046618487815269165,0.6588291819724772,1.8999226093292236,0.969076158021979,0.02324164916192078,0.1265519494663472,0.0919189719015465,0.20257024613373992,"{""build_tower"":0.20257024613373992,""confirm_card_service_selection"":0.01916793726856894,""continue"":0.1265519494663472,""discard_treasure"":0.0008712698758440427,""place_tower"":0.07231539969505554,""purchase_shop_item"":0.11675016336310172,""remove_tower"":0.021128294489218036,""reroll"":0.0919189719015465,""select_card_service_card"":0.01938575473752995,""select_treasure"":0.023959921585711173,""start_defense"":0.20257024613373992,""use_inventory_item"":0.10280984534959704}",0,0,0,0,2.812269863,32.224857845
guarded_R1,klguard-r1-p2,97,22,38.54894959926605,36.12879943847656,96.1875,,,,,,,0.47960138569947525,0.07469482665701332,0.48286443125260503,6.204850374502991,0.006055000411020285,0,,,0.018407244235277176,76,76,76,4,0.047440378289473686,0.7223432860092113,2.71429181098938,0.9719549123830116,0.025131171544719683,0.1297379250595625,0.09465020576131687,0.20424518085336799,"{""build_tower"":0.20424518085336799,""confirm_card_service_selection"":0.017543859649122806,""continue"":0.1297379250595625,""discard_treasure"":0.001299545159194282,""place_tower"":0.07039202945635695,""purchase_shop_item"":0.11804201862681395,""remove_tower"":0.012345679012345678,""reroll"":0.09465020576131687,""select_card_service_card"":0.017977041368854235,""select_treasure"":0.023824994585228503,""start_defense"":0.20424518085336799,""use_inventory_item"":0.10569633961446827}",0,0,0,0,2.904059228,34.566544619
guarded_R1,klguard-r1-p2,98,23,38.49583125114441,35.61845016479492,97.47916666666667,,,,,,,0.505808731482165,0.09818377651916926,0.5012590575375055,6.3547814600522,0.004140681362658047,0,,,0.012820547446608543,76,76,76,4,0.04311498097683254,1.0212529740835492,3.2406294345855713,0.9694280604409468,0.026042681420221925,0.12524043599059628,0.0869843983757213,0.20132506945928616,"{""build_tower"":0.20132506945928616,""confirm_card_service_selection"":0.01645650780081214,""continue"":0.12524043599059628,""discard_treasure"":0.0008548835221201111,""place_tower"":0.06582603120324856,""purchase_shop_item"":0.12096601837999572,""remove_tower"":0.033126736482154306,""reroll"":0.0869843983757213,""select_card_service_card"":0.016670228681342165,""select_treasure"":0.023509296858303056,""start_defense"":0.20132506945928616,""use_inventory_item"":0.107715323787134}",0,0,0,0,2.8951387090000003,33.470161552
guarded_R1,klguard-r1-p2,99,24,38.7354146639506,36.286800384521484,95.64583333333333,,,,,,,0.4861318163331696,0.08121026215016391,0.4902254073984093,6.174986921988262,0.0035511286497214517,0,,,0.00952441431581974,72,72,72,4,0.04062745166528556,0.7548060057063898,1.352325439453125,0.9691343296212512,0.025724477445085842,0.13003702896972338,0.09082988455674144,0.20714441298192116,"{""build_tower"":0.20714441298192116,""confirm_card_service_selection"":0.01590067523415378,""continue"":0.13003702896972338,""discard_treasure"":0.000653452406883032,""place_tower"":0.061206708778043996,""purchase_shop_item"":0.11762143323894576,""remove_tower"":0.021128294489218036,""reroll"":0.09082988455674144,""select_card_service_card"":0.01611849270311479,""select_treasure"":0.024831191461555217,""start_defense"":0.20714441298192116,""use_inventory_item"":0.10738401219777827}",0,0,0,0,2.802318513,33.298114328
guarded_R1,klguard-r1-p2,100,25,37.7024564743042,36.67230033874512,91.95833333333333,2.078826665878296,38.313058614730835,36.23423194885254,82,46,0,0.5275542976943197,0.0976502707313872,0.5325818426079221,6.889598130588471,0.0067063073587279275,0,,,0.01922043226659298,72,72,72,4,0.054655997910433345,1.0558944820529885,2.9979984760284424,0.9737619664064014,0.024622156478775043,0.12505663797009514,0.09560489352061623,0.20933393747168103,"{""build_tower"":0.20933393747168103,""confirm_card_service_selection"":0.01835070231082918,""continue"":0.12505663797009514,""discard_treasure"":0.0009062075215224287,""place_tower"":0.06434073402809243,""purchase_shop_item"":0.10829179882193023,""remove_tower"":0.028545536927956503,""reroll"":0.09560489352061623,""select_card_service_card"":0.018803806071590393,""select_treasure"":0.02492070684186679,""start_defense"":0.20933393747168103,""use_inventory_item"":0.09651110104213866}",0,0,0,0,2.715427207,31.292597966
guarded_R1,klguard-r1-p2,101,26,36.88145820299784,35.536699295043945,92.29166666666667,,,,,,,0.5311164581572028,0.10922477938503701,0.5244786346124278,7.183650629274401,0.006396337389484567,0,,,0.019597601145505905,72,72,72,4,0.06454911209746367,0.839577948467599,1.5197856426239014,0.9708304732221354,0.02384250276049392,0.1216704288939052,0.09209932279909706,0.2036117381489842,"{""build_tower"":0.2036117381489842,""confirm_card_service_selection"":0.017381489841986456,""continue"":0.1216704288939052,""discard_treasure"":0.0006772009029345372,""place_tower"":0.07246049661399548,""purchase_shop_item"":0.11534988713318284,""remove_tower"":0.027313769751693,""reroll"":0.09209932279909706,""select_card_service_card"":0.01783295711060948,""select_treasure"":0.02415349887133183,""start_defense"":0.2036117381489842,""use_inventory_item"":0.1038374717832957}",0,0,0,0,2.792721047,31.200969439
guarded_R1,klguard-r1-p2,102,27,36.979414542516075,35.096500396728516,94.6875,,,,,,,0.5229160889893826,0.12524114317510215,0.5392020468910536,7.591571753563003,0.005780789306173675,0,,,0.017880067229270935,72,72,72,4,0.05803547344273991,0.7693421608871884,1.9451524019241333,0.9613574892210683,0.036650225804704756,0.1254125412541254,0.08646864686468647,0.1988998899889989,"{""build_tower"":0.1988998899889989,""confirm_card_service_selection"":0.02024202420242024,""continue"":0.1254125412541254,""discard_treasure"":0.00044004400440044003,""place_tower"":0.06798679867986798,""purchase_shop_item"":0.11507150715071507,""remove_tower"":0.042024202420242025,""reroll"":0.08646864686468647,""select_card_service_card"":0.020682068206820683,""select_treasure"":0.023762376237623763,""start_defense"":0.1988998899889989,""use_inventory_item"":0.1001100110011001}",0,0,0,0,2.787660646,32.692862704
guarded_R1,klguard-r1-p2,103,28,38.05667702356974,36.28635025024414,95.39583333333333,,,,,,,0.5681695299887373,0.13507561600017998,0.569272561205758,8.410247228256917,0.005545942364708228,0,,,0.019656550139188766,72,72,72,4,0.05317796285574635,0.921372106919686,1.930802822113037,0.9654402858674589,0.03201885937920047,0.11661934920288272,0.0954356846473029,0.2033195020746888,"{""build_tower"":0.2033195020746888,""confirm_card_service_selection"":0.01594234549028172,""continue"":0.11661934920288272,""discard_treasure"":0.0010919414719371041,""place_tower"":0.07184974885346146,""purchase_shop_item"":0.11181480672635946,""remove_tower"":0.03952828128412317,""reroll"":0.0954356846473029,""select_card_service_card"":0.016379122079056563,""select_treasure"":0.02402271238261629,""start_defense"":0.2033195020746888,""use_inventory_item"":0.10067700371260101}",0,0,0,0,2.877828406,33.718819562
guarded_R1,klguard-r1-p2,104,29,36.9513441324234,35.35470008850098,94.0625,,,,,,,0.6026397425355576,0.16857427830499871,0.5900665811366506,8.678229425262133,0.00412439204064362,0,,,0.013347535394132137,72,72,72,4,0.04681209260080424,0.9368953754504522,3.018406391143799,0.9667639061072286,0.029011521488428116,0.10874861572535992,0.09235880398671097,0.2,"{""build_tower"":0.2,""confirm_card_service_selection"":0.013953488372093023,""continue"":0.10874861572535992,""discard_treasure"":0.0017718715393133999,""place_tower"":0.06467331118493909,""purchase_shop_item"":0.11605758582502769,""remove_tower"":0.055592469545957916,""reroll"":0.09235880398671097,""select_card_service_card"":0.013953488372093023,""select_treasure"":0.023920265780730896,""start_defense"":0.2,""use_inventory_item"":0.10897009966777409}",0,0,0,0,2.773313575,31.17286456
guarded_R1,klguard-r1-p2,105,30,37.591273029645286,36.71940040588379,96.0,2.094207242131233,38.32843919098377,36.23423194885254,82,45,1,0.5812277512671056,0.14971186540049322,0.5722392288347086,7.557945105835156,0.005367595901841721,0,,,0.013485671952366829,72,72,72,4,0.057074652777777776,0.8169061864415804,1.7942287921905518,0.94993937885795,0.045018677341027394,0.11870659722222222,0.09483506944444445,0.1990017361111111,"{""build_tower"":0.1990017361111111,""confirm_card_service_selection"":0.015407986111111112,""continue"":0.11870659722222222,""discard_treasure"":0.0,""place_tower"":0.06163194444444445,""purchase_shop_item"":0.11566840277777778,""remove_tower"":0.052083333333333336,""reroll"":0.09483506944444445,""select_card_service_card"":0.015407986111111112,""select_treasure"":0.023003472222222224,""start_defense"":0.1990017361111111,""use_inventory_item"":0.1052517361111111}",0,0,0,0,2.772438969,31.997239803
guarded_R1,klguard-r1-p2,106,31,38.11084163188934,35.9143009185791,95.02083333333333,,,,,,,0.5292089706276739,0.13805325787594988,0.5146887302398682,7.023684656492134,0.0051052691172420355,0,,,0.01086231879889965,72,72,72,4,0.05539383340833916,0.7878548502922058,1.5951347351074219,0.9616814806044087,0.031075679024474487,0.12475334356500767,0.09537382153036615,0.20456040342030257,"{""build_tower"":0.20456040342030257,""confirm_card_service_selection"":0.01447051085288314,""continue"":0.12475334356500767,""discard_treasure"":0.0015347511510633632,""place_tower"":0.0648980486735365,""purchase_shop_item"":0.1155448366586275,""remove_tower"":0.03025652269239202,""reroll"":0.09537382153036615,""select_card_service_card"":0.014689761017320764,""select_treasure"":0.02433676825257619,""start_defense"":0.20456040342030257,""use_inventory_item"":0.10502082876562158}",0,0,0,0,2.815903089,33.909112395
guarded_R1,klguard-r1-p2,107,32,37.08852708339691,35.62540054321289,91.02083333333333,,,,,,,0.5200525967399906,0.12161700699536586,0.5110175622006258,6.478707496351029,0.005650466196938295,0,,,0.017084361985325813,72,72,72,4,0.04894301471196943,0.8054041547907723,6.611618518829346,0.9764766876440558,0.018662217875114746,0.11902037079423208,0.09956511787594415,0.20828564888990617,"{""build_tower"":0.20828564888990617,""confirm_card_service_selection"":0.014648661020828565,""continue"":0.11902037079423208,""discard_treasure"":0.0009155413138017853,""place_tower"":0.07255664911879149,""purchase_shop_item"":0.11032272831311513,""remove_tower"":0.022659647516594186,""reroll"":0.09956511787594415,""select_card_service_card"":0.01487754634927901,""select_treasure"":0.02426184481574731,""start_defense"":0.20828564888990617,""use_inventory_item"":0.10460059510185397}",0,0,0,0,2.803166392,31.086501167
guarded_R1,klguard-r1-p2,108,33,40.38097703456879,39.18649864196777,100.75,,,,,,,0.46067687392665285,0.10864693294352491,0.43894196929116,5.7038881821860645,0.00457804353142197,0,,,0.013305534608662128,76,76,76,4,0.04845210782399303,0.6338242315932324,0.9375293850898743,0.968852330590536,0.02520280092415449,0.12779156327543426,0.10090984284532671,0.20388751033912325,"{""build_tower"":0.20388751033912325,""confirm_card_service_selection"":0.01902398676592225,""continue"":0.12779156327543426,""discard_treasure"":0.0012406947890818859,""place_tower"":0.062034739454094295,""purchase_shop_item"":0.11952026468155501,""remove_tower"":0.01488833746898263,""reroll"":0.10090984284532671,""select_card_service_card"":0.01943755169561621,""select_treasure"":0.02357320099255583,""start_defense"":0.20388751033912325,""use_inventory_item"":0.10380479735318444}",0,0,0,0,3.081714767,36.498424175
guarded_R1,klguard-r1-p2,109,34,39.642891804377236,37.34305000305176,97.52083333333333,,,,,,,0.42968631325432294,0.10094007657964105,0.41268860980084066,5.304850146704029,0.0050369449991792764,1,38,0.03655611351132393,0.03655611351132393,38,38,76,4,0.03716992606457911,0.684129282047874,1.7772016525268555,0.9706503391589404,0.024006206799592627,0.13202307199316385,0.09848323007904294,0.20700704977568896,"{""build_tower"":0.20700704977568896,""confirm_card_service_selection"":0.019867549668874173,""continue"":0.13202307199316385,""discard_treasure"":0.000640888698995941,""place_tower"":0.06665242469557787,""purchase_shop_item"":0.11642811365092928,""remove_tower"":0.006622516556291391,""reroll"":0.09848323007904294,""select_card_service_card"":0.019867549668874173,""select_treasure"":0.02414014099551378,""start_defense"":0.20700704977568896,""use_inventory_item"":0.10126041444135868}",0,0,0,0,2.936291425,22.743486286
guarded_R1,klguard-r1-p2,110,35,38.83198142051697,36.93965148925781,95.0,2.739576578140259,38.9738085269928,36.23423194885254,87,40,1,0.4250375251219319,0.09066696911999339,0.4242454510596063,5.644716213467718,0.004105596122144561,0,,,0.0133881950750947,72,72,72,4,0.03630391964947598,0.6092522115343146,1.158436894416809,0.9779210441653501,0.0185085994631259,0.13289473684210526,0.10153508771929824,0.20833333333333334,"{""build_tower"":0.20833333333333334,""confirm_card_service_selection"":0.020394736842105264,""continue"":0.13289473684210526,""discard_treasure"":0.0008771929824561404,""place_tower"":0.06578947368421052,""purchase_shop_item"":0.11228070175438597,""remove_tower"":0.006578947368421052,""reroll"":0.10153508771929824,""select_card_service_card"":0.020833333333333332,""select_treasure"":0.024342105263157894,""start_defense"":0.20833333333333334,""use_inventory_item"":0.09780701754385965}",0,0,0,0,2.9161319949999998,34.130847224
guarded_R1,klguard-r1-p2,111,36,37.872889717419945,35.90825080871582,91.39583333333333,,,,,,,0.42884874122354805,0.08948600429170606,0.4311369061470032,5.912127088772638,0.00330285893307047,1,54,0.023768851533532143,0.023768851533532143,54,54,72,4,0.03647693457012927,0.6198102704904698,1.0501534938812256,0.9772729754063001,0.019279715333444376,0.12605425119671756,0.1030316845224527,0.21107818554821062,"{""build_tower"":0.21107818554821062,""confirm_card_service_selection"":0.019147481194438112,""continue"":0.12605425119671756,""discard_treasure"":0.0009117848187827673,""place_tower"":0.06519261454296786,""purchase_shop_item"":0.11283337132436745,""remove_tower"":0.0063824937314793705,""reroll"":0.1030316845224527,""select_card_service_card"":0.019375427399133803,""select_treasure"":0.02530202872122179,""start_defense"":0.21107818554821062,""use_inventory_item"":0.09961249145201732}",0,0,0,0,2.717270748,25.284742629
guarded_R1,klguard-r1-p2,112,37,38.47190201282501,36.426998138427734,91.39583333333333,,,,,,,0.43498303884980277,0.08960334339643729,0.4288926132214375,5.496087139569835,0.005695846907772834,1,39,0.023378735408186913,0.023378735408186913,39,39,72,4,0.045398351712486684,0.7091885323707874,1.386403203010559,0.9718056472376622,0.022141730981982417,0.12673808981080464,0.09870070663323456,0.21540916343742877,"{""build_tower"":0.21540916343742877,""confirm_card_service_selection"":0.014816503305219967,""continue"":0.12673808981080464,""discard_treasure"":0.0029633006610439937,""place_tower"":0.06838386140870754,""purchase_shop_item"":0.10964212445862777,""remove_tower"":0.006838386140870754,""reroll"":0.09870070663323456,""select_card_service_card"":0.014816503305219967,""select_treasure"":0.024390243902439025,""start_defense"":0.21540916343742877,""use_inventory_item"":0.10189195349897424}",0,0,0,0,2.723504841,20.481849691
guarded_R1,klguard-r1-p2,113,38,39.43425424893697,38.435800552368164,95.9375,,,,,,,0.42995873854210276,0.09601825198993254,0.41651980289154583,5.002044716413488,0.004900904723393119,0,,,0.010773289017379284,72,72,72,4,0.04967409325763583,0.616980510039462,1.081540822982788,0.9726264175830794,0.02077435921981103,0.12964169381107493,0.098371335504886,0.20933767643865364,"{""build_tower"":0.20933767643865364,""confirm_card_service_selection"":0.01976112920738328,""continue"":0.12964169381107493,""discard_treasure"":0.0028230184581976114,""place_tower"":0.06340933767643865,""purchase_shop_item"":0.11726384364820847,""remove_tower"":0.0026058631921824105,""reroll"":0.098371335504886,""select_card_service_card"":0.01997828447339848,""select_treasure"":0.024755700325732898,""start_defense"":0.20933767643865364,""use_inventory_item"":0.10271444082519002}",0,0,0,0,2.8720422709999998,31.879214562
guarded_R1,klguard-r1-p2,114,39,39.303787549336754,37.419700622558594,93.25,,,,,,,0.4090969762917074,0.08926313679743171,0.4138861749735143,5.561536144696856,0.0044317664089008856,0,,,0.012100529856979847,72,72,72,4,0.04493587577922477,0.6285604867670271,1.3689947128295898,0.971441269750345,0.02121517732222047,0.13360142984807863,0.10098302055406613,0.21380697050938338,"{""build_tower"":0.21380697050938338,""confirm_card_service_selection"":0.014075067024128687,""continue"":0.13360142984807863,""discard_treasure"":0.0024575513851653264,""place_tower"":0.06702412868632708,""purchase_shop_item"":0.10924932975871314,""remove_tower"":0.0035746201966041107,""reroll"":0.10098302055406613,""select_card_service_card"":0.014298480786416443,""select_treasure"":0.025022341376228777,""start_defense"":0.21380697050938338,""use_inventory_item"":0.10210008936550491}",0,0,0,0,2.852996111,31.63185742
guarded_R1,klguard-r1-p2,115,40,37.86741018295288,35.285099029541016,92.04166666666667,3.1720750480890274,39.40630699694157,36.23423194885254,97,30,1,0.41726546643944706,0.0977280295996793,0.4107997380197048,5.307898689332083,0.005094032904657474,0,,,0.015414025634527206,72,72,72,4,0.048512468528416425,0.6207330069608159,1.6473666429519653,0.9783883368410987,0.017844574603562553,0.13196016296966953,0.09348121321865098,0.2098234495246718,"{""build_tower"":0.2098234495246718,""confirm_card_service_selection"":0.020597555454956996,""continue"":0.13196016296966953,""discard_treasure"":0.002716161158895428,""place_tower"":0.06880941602535083,""purchase_shop_item"":0.11498415572657311,""remove_tower"":0.0015844273426889996,""reroll"":0.09348121321865098,""select_card_service_card"":0.020597555454956996,""select_treasure"":0.02444545043005885,""start_defense"":0.2098234495246718,""use_inventory_item"":0.10117700316885468}",0,0,0,0,2.7809345309999998,30.222130109
guarded_R1,klguard-r1-p2,116,41,39.81710863113403,37.810550689697266,99.4375,,,,,,,0.4144124812851822,0.10100602562644616,0.4028014952414914,5.211809204914291,0.005413739321667029,0,,,0.017230957746505737,76,76,76,4,0.041635516393733654,0.6075274473742435,1.3254449367523193,0.9798869634734458,0.01759091974236071,0.13262099308610936,0.09553739786297925,0.2042740414833438,"{""build_tower"":0.2042740414833438,""confirm_card_service_selection"":0.01864655353027446,""continue"":0.13262099308610936,""discard_treasure"":0.0023046302116069557,""place_tower"":0.06976744186046512,""purchase_shop_item"":0.11963125916614288,""remove_tower"":0.0043997485857950975,""reroll"":0.09553739786297925,""select_card_service_card"":0.018856065367693273,""select_treasure"":0.023674837628326,""start_defense"":0.2042740414833438,""use_inventory_item"":0.10601298973391997}",0,0,0,0,3.016533599,35.486947765
guarded_R1,klguard-r1-p2,117,42,40.39042075475057,39.52014923095703,100.1875,,,,,,,0.4012894906217653,0.09095695564160304,0.3873093132125704,5.095706068103432,0.006369803608705345,0,,,0.017942288890480995,76,76,76,4,0.05502120351516887,0.6063344282539267,1.2426568269729614,0.9740089204091055,0.019017394337999195,0.13765855687253067,0.10002079434393844,0.20461634435433562,"{""build_tower"":0.20461634435433562,""confirm_card_service_selection"":0.01767519234768143,""continue"":0.13765855687253067,""discard_treasure"":0.0008317737575379496,""place_tower"":0.06508629652734456,""purchase_shop_item"":0.11998336452484924,""remove_tower"":0.0016635475150758993,""reroll"":0.10002079434393844,""select_card_service_card"":0.01767519234768143,""select_treasure"":0.023913495529216053,""start_defense"":0.20461634435433562,""use_inventory_item"":0.10625909752547306}",0,0,0,0,2.998311787,34.579645874
guarded_R1,klguard-r1-p2,118,43,37.79109994570414,35.820350646972656,93.27083333333333,,,,,,,0.38214021950585453,0.08585435402549205,0.37357114420996773,4.956714356693655,0.004355514443785877,0,,,0.012855863198637962,72,72,72,4,0.042157986097865634,0.6302584616674317,1.3875144720077515,0.9763516216394535,0.018379263967896502,0.1375921375921376,0.09515300424391333,0.2061648425284789,"{""build_tower"":0.2061648425284789,""confirm_card_service_selection"":0.020326111235202143,""continue"":0.1375921375921376,""discard_treasure"":0.0013401831583649765,""place_tower"":0.0741568014295287,""purchase_shop_item"":0.1136922046012955,""remove_tower"":0.002233638597274961,""reroll"":0.09515300424391333,""select_card_service_card"":0.020772838954657136,""select_treasure"":0.024346660710297074,""start_defense"":0.2061648425284789,""use_inventory_item"":0.09805673442037079}",0,0,0,0,2.788208093,32.585438136
guarded_R1,klguard-r1-p2,119,44,38.769591649373375,36.8758487701416,95.79166666666667,,,,,,,0.38137390271107974,0.0800382654431446,0.3888611555099487,4.885643688655045,0.0050857544537263625,1,35,0.03444211184978485,0.03444211184978485,35,35,72,4,0.03588033531393323,0.7199782788753509,1.2286592721939087,0.9783366323240856,0.017546425508852635,0.13658112222705523,0.09634623749456285,0.20704654197477165,"{""build_tower"":0.20704654197477165,""confirm_card_service_selection"":0.021313614615050023,""continue"":0.13658112222705523,""discard_treasure"":0.0008699434536755111,""place_tower"":0.0626359286646368,""purchase_shop_item"":0.11831230969986951,""remove_tower"":0.0032622879512831664,""reroll"":0.09634623749456285,""select_card_service_card"":0.0215311004784689,""select_treasure"":0.024793388429752067,""start_defense"":0.20704654197477165,""use_inventory_item"":0.10026098303610265}",0,0,0,0,2.781148322,21.170070347
guarded_R1,klguard-r1-p2,120,45,39.52451467514038,38.16814994812012,96.89583333333333,3.06398443877697,39.29821638762951,36.23423194885254,92,35,1,0.4067448219061813,0.0894486885857639,0.4038996368646622,5.319217224055989,0.0044317082141181645,1,30,0.02258147858083248,0.02258147858083248,30,30,76,4,0.03307291666666667,0.7324451714754104,1.7085870504379272,0.9782281019093164,0.018562417795979662,0.1431950118254139,0.09567834874220597,0.20791227692969255,"{""build_tower"":0.20791227692969255,""confirm_card_service_selection"":0.02300580520318211,""continue"":0.1431950118254139,""discard_treasure"":0.00043001505052676843,""place_tower"":0.06299720490217157,""purchase_shop_item"":0.1130939582885401,""remove_tower"":0.0025800903031606105,""reroll"":0.09567834874220597,""select_card_service_card"":0.023220812728445495,""select_treasure"":0.024080842829499034,""start_defense"":0.20791227692969255,""use_inventory_item"":0.09589335626746937}",0,0,0,0,2.890137078,19.405034425
guarded_R1,klguard-r1-p2,121,46,37.433477441469826,34.775848388671875,89.85416666666667,,,,,,,0.439903491048956,0.10588293391760722,0.45188814567195046,5.9768992215870504,0.0054339385951186195,1,54,0.023425966501235962,0.023425966501235962,54,54,68,4,0.05101193142709909,0.6825533023586979,1.0795434713363647,0.9763439435948222,0.018244079040253863,0.12543473220496174,0.10410387201483885,0.21330860190122886,"{""build_tower"":0.21330860190122886,""confirm_card_service_selection"":0.01553443079063297,""continue"":0.12543473220496174,""discard_treasure"":0.00023185717597959656,""place_tower"":0.07257129608161372,""purchase_shop_item"":0.1075817296545328,""remove_tower"":0.00811500115928588,""reroll"":0.10410387201483885,""select_card_service_card"":0.01553443079063297,""select_treasure"":0.025272432181776026,""start_defense"":0.21330860190122886,""use_inventory_item"":0.09900301414328773}",0,0,0,0,2.675453816,25.888920637
guarded_R1,klguard-r1-p2,122,47,37.817160288492836,36.949148178100586,92.8125,,,,,,,0.45165588376211885,0.1227185884069294,0.4506833263569408,5.795862194393605,0.004580472222471599,0,,,0.014046043157577515,72,72,72,4,0.04279176777021752,0.7454961621099048,4.128364086151123,0.9739433071376049,0.021330615402095847,0.13602693602693602,0.10190796857463524,0.20785634118967453,"{""build_tower"":0.20785634118967453,""confirm_card_service_selection"":0.0186307519640853,""continue"":0.13602693602693602,""discard_treasure"":0.0004489337822671156,""place_tower"":0.06464646464646465,""purchase_shop_item"":0.11268237934904601,""remove_tower"":0.007856341189674524,""reroll"":0.10190796857463524,""select_card_service_card"":0.018855218855218854,""select_treasure"":0.0244668911335578,""start_defense"":0.20785634118967453,""use_inventory_item"":0.09876543209876543}",0,0,0,0,2.794895506,32.96534997
guarded_R1,klguard-r1-p2,123,48,39.00614774227142,38.08009910583496,99.04166666666667,,,,,,,0.4550045847294522,0.11905536266113416,0.4685817019719827,6.133086656520446,0.006426031995081422,0,,,0.014750219881534576,76,76,76,4,0.055976675137093194,0.637786160174169,1.0324647426605225,0.9791712417123231,0.018924691824634608,0.1438788388725284,0.09844341607067733,0.20109381573411864,"{""build_tower"":0.20109381573411864,""confirm_card_service_selection"":0.020614219604543543,""continue"":0.1438788388725284,""discard_treasure"":0.00042069835927639884,""place_tower"":0.070677324358435,""purchase_shop_item"":0.11085401766933109,""remove_tower"":0.013462347496844763,""reroll"":0.09844341607067733,""select_card_service_card"":0.020824568784181742,""select_treasure"":0.023559108119478336,""start_defense"":0.20109381573411864,""use_inventory_item"":0.09507782919646614}",0,0,0,0,2.982230506,34.391374298
guarded_R1,klguard-r1-p2,124,49,38.530795772870384,37.423349380493164,93.4375,,,,,,,0.4601455901255842,0.12482082504123782,0.47456760207811993,5.933201855099923,0.0042849188700099855,0,,,0.008261360228061676,72,72,72,4,0.049118156700084604,0.7195047491954433,1.3449071645736694,0.982231008165943,0.015578516422667436,0.1331103678929766,0.10880713489409141,0.21003344481605352,"{""build_tower"":0.21003344481605352,""confirm_card_service_selection"":0.017837235228539576,""continue"":0.1331103678929766,""discard_treasure"":0.0008918617614269788,""place_tower"":0.06688963210702341,""purchase_shop_item"":0.10479375696767002,""remove_tower"":0.012709030100334449,""reroll"":0.10880713489409141,""select_card_service_card"":0.018060200668896322,""select_treasure"":0.024526198439241916,""start_defense"":0.21003344481605352,""use_inventory_item"":0.09230769230769231}",0,0,0,0,2.82291288,33.772913329
guarded_R1,klguard-r1-p2,125,50,38.28183321158091,37.81265068054199,93.25,3.0032094717025757,39.237441420555115,36.23423194885254,95,33,0,0.46983694265570886,0.11371318985140938,0.45061001452532684,5.186168791322721,0.0052429791681292545,1,22,0.04270634055137634,0.04270634055137634,22,22,72,4,0.04890831187367439,0.8473423475568945,1.5870357751846313,0.9792228474557032,0.018378374115046527,0.13784629133154602,0.1083556747095621,0.20933869526362825,"{""build_tower"":0.20933869526362825,""confirm_card_service_selection"":0.016979445933869526,""continue"":0.13784629133154602,""discard_treasure"":0.0008936550491510277,""place_tower"":0.06166219839142091,""purchase_shop_item"":0.10545129579982127,""remove_tower"":0.011840929401251117,""reroll"":0.1083556747095621,""select_card_service_card"":0.016979445933869526,""select_treasure"":0.025245755138516533,""start_defense"":0.20933869526362825,""use_inventory_item"":0.09606791778373548}",0,0,0,0,2.648851768,15.983476284
guarded_R1,klguard-r1-p2,126,51,40.1129523118337,39.28809928894043,99.58333333333333,,,,,,,0.45377405129655035,0.08999575594669308,0.4525041601114106,5.787979750108299,0.004482172472993976,1,57,0.020033273845911026,0.020033273845911026,57,57,76,4,0.038903126264350454,0.6701776787900088,1.3269747495651245,0.9747548410859777,0.019060547243019466,0.13619246861924686,0.10251046025104603,0.20585774058577405,"{""build_tower"":0.20585774058577405,""confirm_card_service_selection"":0.023640167364016737,""continue"":0.13619246861924686,""discard_treasure"":0.0006276150627615063,""place_tower"":0.06192468619246862,""purchase_shop_item"":0.11359832635983264,""remove_tower"":0.006485355648535565,""reroll"":0.10251046025104603,""select_card_service_card"":0.024476987447698745,""select_treasure"":0.024686192468619247,""start_defense"":0.20585774058577405,""use_inventory_item"":0.09414225941422594}",0,0,0,0,3.023664316,30.20703157
guarded_R1,klguard-r1-p2,127,52,40.28457498550415,39.17329978942871,103.72916666666667,,,,,,,0.4518777763828657,0.11048809509496527,0.4373779807239771,5.625073930776895,0.006085417738950128,0,,,0.016860827803611755,80,80,80,4,0.06050781245576218,0.8052691768854856,2.167383909225464,0.9748252427240336,0.021312703809235244,0.1399879493874272,0.09560152641092588,0.19803173327977505,"{""build_tower"":0.19803173327977505,""confirm_card_service_selection"":0.021490259088170316,""continue"":0.1399879493874272,""discard_treasure"":0.0,""place_tower"":0.06607752560755172,""purchase_shop_item"":0.1176943161277365,""remove_tower"":0.018276762402088774,""reroll"":0.09560152641092588,""select_card_service_card"":0.02169110263105041,""select_treasure"":0.023297850974091185,""start_defense"":0.19803173327977505,""use_inventory_item"":0.09981924081140792}",0,0,0,0,3.10718268,37.267670795
guarded_R1,klguard-r1-p2,128,53,38.970983266830444,37.44649887084961,96.14583333333333,,,,,,,0.451128827688246,0.10532123465867711,0.4433980962555659,5.973547706478445,0.0050896177795517646,0,,,0.011935834772884846,76,76,76,4,0.053556743421052634,0.671690401278044,1.22359299659729,0.976527771248617,0.019178840135665315,0.13022751895991333,0.1076923076923077,0.20585048754062837,"{""build_tower"":0.20585048754062837,""confirm_card_service_selection"":0.014734561213434453,""continue"":0.13022751895991333,""discard_treasure"":0.00021668472372697725,""place_tower"":0.06153846153846154,""purchase_shop_item"":0.11592632719393282,""remove_tower"":0.01256771397616468,""reroll"":0.1076923076923077,""select_card_service_card"":0.015167930660888408,""select_treasure"":0.02361863488624052,""start_defense"":0.20585048754062837,""use_inventory_item"":0.1066088840736728}",0,0,0,0,2.818815298,34.840774594
guarded_R1,klguard-r1-p2,129,54,39.29900197188059,38.229400634765625,100.875,,,,,,,0.4588830871187606,0.11530022193168929,0.44403099739237833,5.824788781658125,0.0068844377676309946,0,,,0.01707625389099121,76,76,76,4,0.04489024547173789,0.662989642667143,1.4199918508529663,0.9740306788673754,0.0220970829801732,0.1416769929781082,0.10945890128046262,0.19867823213548122,"{""build_tower"":0.19867823213548122,""confirm_card_service_selection"":0.022304832713754646,""continue"":0.1416769929781082,""discard_treasure"":0.0008261049153242462,""place_tower"":0.06133828996282528,""purchase_shop_item"":0.1127633209417596,""remove_tower"":0.013424204874019,""reroll"":0.10945890128046262,""select_card_service_card"":0.02251135894258571,""select_treasure"":0.023337463857909954,""start_defense"":0.19867823213548122,""use_inventory_item"":0.09500206526228831}",0,0,0,0,2.931595797,35.022412113
guarded_R1,klguard-r1-p2,130,55,38.782320976257324,38.35104942321777,98.91666666666667,2.797174349427223,39.03140629827976,36.23423194885254,89,36,3,0.4620812658151107,0.0994599568786372,0.4600004463603622,5.866854467305391,0.005411830335824082,0,,,0.015609484165906906,76,76,76,4,0.05346422706191477,0.7233692297810003,1.2350188493728638,0.9801083072867794,0.017792174764173597,0.12742207245155854,0.12068239258635215,0.1998736310025274,"{""build_tower"":0.1998736310025274,""confirm_card_service_selection"":0.018112889637742206,""continue"":0.12742207245155854,""discard_treasure"":0.00021061499578770007,""place_tower"":0.06571187868576242,""purchase_shop_item"":0.11373209772535804,""remove_tower"":0.012426284751474306,""reroll"":0.12068239258635215,""select_card_service_card"":0.018112889637742206,""select_treasure"":0.02379949452401011,""start_defense"":0.1998736310025274,""use_inventory_item"":0.10004212299915755}",0,0,0,0,2.962377171,35.60403512
guarded_R1,klguard-r1-p2,131,56,37.54682099819183,35.95790100097656,93.375,,,,,,,0.4612502937170037,0.0994991835774335,0.46028071600529885,5.967979934967546,0.006701433445906939,0,,,0.017382873222231865,72,72,72,4,0.06472021910465425,0.6989403549167845,1.3951071500778198,0.9803020617328849,0.016901694238185883,0.1318607764390897,0.12382864792503347,0.20504239178937975,"{""build_tower"":0.20504239178937975,""confirm_card_service_selection"":0.01963409192324855,""continue"":0.1318607764390897,""discard_treasure"":0.000892458723784025,""place_tower"":0.05934850513163766,""purchase_shop_item"":0.10620258813029898,""remove_tower"":0.01249442213297635,""reroll"":0.12382864792503347,""select_card_service_card"":0.019857206604194554,""select_treasure"":0.023650156180276664,""start_defense"":0.20504239178937975,""use_inventory_item"":0.09214636323070058}",0,0,0,0,2.762046822,31.984487901
guarded_R1,klguard-r1-p2,132,57,40.56547689437866,39.231300354003906,103.85416666666667,,,,,,,0.44466955182237355,0.09287583469113679,0.4368909653276205,5.664691851187177,0.005671216202790675,0,,,0.01458687987178564,80,80,80,4,0.05912198149599135,0.7158497396856547,1.5509167909622192,0.9768660945532461,0.01742735141888261,0.13981945837512538,0.11073219658976931,0.19919759277833501,"{""build_tower"":0.19919759277833501,""confirm_card_service_selection"":0.022066198595787363,""continue"":0.13981945837512538,""discard_treasure"":0.0012036108324974925,""place_tower"":0.061985957873620864,""purchase_shop_item"":0.11594784353059177,""remove_tower"":0.007622868605817452,""reroll"":0.11073219658976931,""select_card_service_card"":0.02246740220661986,""select_treasure"":0.023671013039117353,""start_defense"":0.19919759277833501,""use_inventory_item"":0.09608826479438315}",0,0,0,0,3.116432395,39.31015118
guarded_R1,klguard-r1-p2,133,58,39.37330424785614,38.16219902038574,102.02083333333333,,,,,,,0.43336343553951123,0.0872751288590187,0.41779159381985664,5.725309313859108,0.006077376568600812,0,,,0.01581619121134281,80,80,80,4,0.05841175429522991,0.8244538974016905,2.7744946479797363,0.9802955477775905,0.017356429365463555,0.1376352869103533,0.11149683479681438,0.19685521748008986,"{""build_tower"":0.19685521748008986,""confirm_card_service_selection"":0.027772105370635083,""continue"":0.1376352869103533,""discard_treasure"":0.00020420665713702266,""place_tower"":0.06289565039820298,""purchase_shop_item"":0.11639779456810292,""remove_tower"":0.006738819685521748,""reroll"":0.11149683479681438,""select_card_service_card"":0.028180518684909128,""select_treasure"":0.023279558913620584,""start_defense"":0.19685521748008986,""use_inventory_item"":0.09168878905452318}",0,0,0,0,3.069108878,37.737789704
guarded_R1,klguard-r1-p2,134,59,40.40093731880188,39.277099609375,103.25,,,,,,,0.4453131114889376,0.08952773134981369,0.4564159907400608,6.202185262595161,0.007231458226692666,0,,,0.015648484230041504,80,80,80,4,0.0660177479032427,0.8251980360597372,3.044339895248413,0.9745601448446971,0.0226559093920514,0.13821630347054076,0.11702986279257466,0.200363196125908,"{""build_tower"":0.200363196125908,""confirm_card_service_selection"":0.022397094430992737,""continue"":0.13821630347054076,""discard_treasure"":0.0010088781275221952,""place_tower"":0.057304277643260695,""purchase_shop_item"":0.11581920903954802,""remove_tower"":0.005649717514124294,""reroll"":0.11702986279257466,""select_card_service_card"":0.022598870056497175,""select_treasure"":0.02360774818401937,""start_defense"":0.200363196125908,""use_inventory_item"":0.09564164648910412}",0,0,0,0,3.077266335,36.645350381
guarded_R1,klguard-r1-p2,135,60,39.01227915287018,36.99889945983887,100.875,3.648007243871689,39.88223919272423,36.23423194885254,89,38,1,0.501671630805051,0.10243076548080736,0.5055630908984887,7.158265433670665,0.004263339496028014,0,,,0.010593252256512642,76,76,76,4,0.04602759159905346,0.7492179835313245,1.3456897735595703,0.97998904879621,0.015219695841599452,0.13548120611317638,0.13073110285006195,0.1970260223048327,"{""build_tower"":0.1970260223048327,""confirm_card_service_selection"":0.021891780256092525,""continue"":0.13548120611317638,""discard_treasure"":0.0004130524576621231,""place_tower"":0.061957868649318466,""purchase_shop_item"":0.10801321767864519,""remove_tower"":0.011771995043370507,""reroll"":0.13073110285006195,""select_card_service_card"":0.021891780256092525,""select_treasure"":0.02271788517141677,""start_defense"":0.1970260223048327,""use_inventory_item"":0.09107806691449814}",0,0,0,0,3.014268426,35.485757652
guarded_R1,klguard-r1-p2,136,61,38.8741207520167,37.32449913024902,100.375,,,,,,,0.5136253107938822,0.11695240584781733,0.5213081330845231,7.197346506460801,0.0057434299992325435,0,,,0.013819802552461624,76,76,76,4,0.06594611537691794,0.7633088768312806,1.5755980014801025,0.9768980034413856,0.01904179916815146,0.14840182648401826,0.12391033623910336,0.19738480697384808,"{""build_tower"":0.19738480697384808,""confirm_card_service_selection"":0.020755500207555,""continue"":0.14840182648401826,""discard_treasure"":0.0006226650062266501,""place_tower"":0.061436280614362807,""purchase_shop_item"":0.10564549605645496,""remove_tower"":0.010585305105853052,""reroll"":0.12391033623910336,""select_card_service_card"":0.020755500207555,""select_treasure"":0.023453715234537154,""start_defense"":0.19738480697384808,""use_inventory_item"":0.0896637608966376}",0,0,0,0,2.988544701,35.839693986
guarded_R1,klguard-r1-p2,137,62,39.34634164969126,38.08545112609863,106.27083333333333,,,,,,,0.5590387597648331,0.14122166245974965,0.574648778885603,7.413985060599817,0.007327252653749383,0,,,0.016958650201559067,80,80,80,4,0.07152784653007985,0.8761825952678919,1.6568063497543335,0.9784004501382298,0.01686482031363994,0.16173299353068027,0.1242893550284258,0.1883944324642227,"{""build_tower"":0.1883944324642227,""confirm_card_service_selection"":0.01940795922368163,""continue"":0.16173299353068027,""discard_treasure"":0.000588119976475201,""place_tower"":0.0590080376396785,""purchase_shop_item"":0.11095863556165458,""remove_tower"":0.01195843952166242,""reroll"":0.1242893550284258,""select_card_service_card"":0.01960399921584003,""select_treasure"":0.022152519113899236,""start_defense"":0.1883944324642227,""use_inventory_item"":0.09351107625955694}",0,0,0,0,3.059471592,37.671751456
guarded_R1,klguard-r1-p2,138,63,37.90104782581329,36.80990028381348,102.3125,,,,,,,0.5649564256479503,0.12775867484570771,0.5803461339324713,7.352202988760302,0.006316939180339887,0,,,0.015203680843114853,80,80,80,4,0.07303752487059682,0.9039484068751336,3.869293451309204,0.9828236404530544,0.015647581918165086,0.15475463245774793,0.12970881694155975,0.1887599266951741,"{""build_tower"":0.1887599266951741,""confirm_card_service_selection"":0.029321930360415395,""continue"":0.15475463245774793,""discard_treasure"":0.0010181225819588678,""place_tower"":0.06027285685196498,""purchase_shop_item"":0.10588474852372226,""remove_tower"":0.007737731622887396,""reroll"":0.12970881694155975,""select_card_service_card"":0.029525554876807168,""select_treasure"":0.022805945835878638,""start_defense"":0.1887599266951741,""use_inventory_item"":0.08144980655670943}",0,0,0,0,2.954663245,35.755092534
guarded_R1,klguard-r1-p2,139,64,38.878104289372764,38.0,102.3125,,,,,,,0.5709432066427652,0.1271393271913072,0.5669962011277676,7.536268800903429,0.006838939418082645,0,,,0.013752748258411884,80,80,80,4,0.07511012293398381,0.8218929935246706,2.071805238723755,0.980559481634918,0.015995111200027168,0.1647322337609448,0.1286906943596009,0.19385053960496842,"{""build_tower"":0.19385053960496842,""confirm_card_service_selection"":0.021787823253919772,""continue"":0.1647322337609448,""discard_treasure"":0.00040724903278354713,""place_tower"":0.05945835878639788,""purchase_shop_item"":0.10120138464671147,""remove_tower"":0.007534107106495622,""reroll"":0.1286906943596009,""select_card_service_card"":0.021991447770311544,""select_treasure"":0.022805945835878638,""start_defense"":0.19385053960496842,""use_inventory_item"":0.08368967623701894}",0,0,0,0,2.988947067,35.658616977
guarded_R1,klguard-r1-p2,140,65,40.19870011011759,38.790300369262695,109.52083333333333,2.3624531775712967,38.596685126423836,36.23423194885254,85,43,0,0.5688728079589066,0.12684111561427155,0.5739042220844163,7.718954631645874,0.00768128364246776,1,72,0.021785425022244453,0.021785425022244453,72,72,84,4,0.07400213218190604,0.913766487605042,1.553098440170288,0.9822389551292957,0.014280139413174419,0.16701540802739204,0.13144378923340308,0.18717899942933233,"{""build_tower"":0.18717899942933233,""confirm_card_service_selection"":0.02149514932470991,""continue"":0.16701540802739204,""discard_treasure"":0.0,""place_tower"":0.05706676811869888,""purchase_shop_item"":0.10861708198592353,""remove_tower"":0.00456534144949591,""reroll"":0.13144378923340308,""select_card_service_card"":0.021875594445501235,""select_treasure"":0.021875594445501235,""start_defense"":0.18717899942933233,""use_inventory_item"":0.09168727411070952}",0,0,0,0,3.152369418,35.737618813
guarded_R1,klguard-r1-p2,141,66,41.81040223439535,41.64615058898926,115.29166666666667,,,,,,,0.5673132263846256,0.13685574155147306,0.5583719790659167,7.9391921791021725,0.006091493822581965,0,,,0.016333213075995445,88,88,88,4,0.06993378700942478,0.8124717778780244,1.539829969406128,0.9757810990515503,0.018929129614579408,0.1805204192265992,0.13064691001084205,0.18467654499457897,"{""build_tower"":0.18467654499457897,""confirm_card_service_selection"":0.021864835561980486,""continue"":0.1805204192265992,""discard_treasure"":0.00018070112034694616,""place_tower"":0.05565594506685941,""purchase_shop_item"":0.10498735092157571,""remove_tower"":0.006324539212143115,""reroll"":0.13064691001084205,""select_card_service_card"":0.022226237802674378,""select_treasure"":0.022226237802674378,""start_defense"":0.18467654499457897,""use_inventory_item"":0.08601373328514637}",0,0,0,0,3.355711603,41.220749257
guarded_R1,klguard-r1-p2,142,67,42.27957081794739,39.118099212646484,119.22916666666667,,,,,,,0.5221714055707452,0.12805486954504933,0.520521012544632,7.7647181565089065,0.006892786490334401,1,50,0.020198894664645195,0.020198894664645195,50,50,92,4,0.06094780221581459,0.7961476528644562,2.29461669921875,0.9739886476266595,0.016831660116820232,0.186265944434737,0.13052594792940767,0.1803250043683383,"{""build_tower"":0.1803250043683383,""confirm_card_service_selection"":0.026384763236065,""continue"":0.186265944434737,""discard_treasure"":0.00034946706272933774,""place_tower"":0.05224532587803599,""purchase_shop_item"":0.10920845710291804,""remove_tower"":0.002970470033199371,""reroll"":0.13052594792940767,""select_card_service_card"":0.027083697361523676,""select_treasure"":0.02026908963830159,""start_defense"":0.1803250043683383,""use_inventory_item"":0.08404682858640573}",0,0,0,0,3.418767757,30.60179731
guarded_R1,klguard-r1-p2,143,68,40.52965625127157,38.8302001953125,109.9375,,,,,,,0.5370662481182398,0.1418953871230479,0.5465648820002874,7.573342174999453,0.007285537467742827,0,,,0.015502949245274067,84,84,84,4,0.07979644143155643,0.7901717580500103,1.5761620998382568,0.9764319052184821,0.01896322966508922,0.16107636914913775,0.13340913397763882,0.18817509948834565,"{""build_tower"":0.18817509948834565,""confirm_card_service_selection"":0.019897669130187607,""continue"":0.16107636914913775,""discard_treasure"":0.0011370096645821489,""place_tower"":0.056092476786052684,""purchase_shop_item"":0.106878908470722,""remove_tower"":0.012317604699639948,""reroll"":0.13340913397763882,""select_card_service_card"":0.019897669130187607,""select_treasure"":0.021792685237824523,""start_defense"":0.18817509948834565,""use_inventory_item"":0.0911502747773356}",0,0,0,0,3.265672231,38.856692194
guarded_R1,klguard-r1-p2,144,69,40.369733254114784,38.19439888000488,107.58333333333333,,,,,,,0.5601069255515615,0.13264920996750354,0.5732723091329847,8.0262348869106,0.007051075015234736,0,,,0.015806514769792557,84,84,84,4,0.07252350529389721,0.8814117745274589,2.2969534397125244,0.9785863872056844,0.016522580314250218,0.15646785437645236,0.13206816421378775,0.19190549961270334,"{""build_tower"":0.19190549961270334,""confirm_card_service_selection"":0.019752130131680867,""continue"":0.15646785437645236,""discard_treasure"":0.0003872966692486445,""place_tower"":0.0627420604182804,""purchase_shop_item"":0.10437645236250968,""remove_tower"":0.009682416731216111,""reroll"":0.13206816421378775,""select_card_service_card"":0.01994577846630519,""select_treasure"":0.022463206816421378,""start_defense"":0.19190549961270334,""use_inventory_item"":0.08830364058869093}",0,0,0,0,3.236233285,39.831715657
guarded_R1,klguard-r1-p2,145,70,39.51737916469574,39.82419967651367,105.20833333333333,3.7539976835250854,39.988229632377625,36.23423194885254,96,32,0,0.5792007674657392,0.14624779226566917,0.5741678435226967,8.631304678329695,0.006404318410612428,1,29,0.03205231949687004,0.03205231949687004,29,29,80,4,0.05985962419674314,0.8669576706557438,1.758890151977539,0.9773241388224946,0.019290051702409983,0.159009900990099,0.13326732673267327,0.1910891089108911,"{""build_tower"":0.1910891089108911,""confirm_card_service_selection"":0.02,""continue"":0.159009900990099,""discard_treasure"":0.001188118811881188,""place_tower"":0.06415841584158416,""purchase_shop_item"":0.1001980198019802,""remove_tower"":0.013069306930693069,""reroll"":0.13326732673267327,""select_card_service_card"":0.020792079207920793,""select_treasure"":0.023168316831683168,""start_defense"":0.1910891089108911,""use_inventory_item"":0.08297029702970297}",0,0,0,0,3.157998434,20.506835339
guarded_R1,klguard-r1-p2,146,71,38.32575841744741,37.72050094604492,105.0,,,,,,,0.6005668383575892,0.16304529280311625,0.595721086487174,9.590330404523273,0.007281185112515231,0,,,0.016281021758913994,80,80,80,4,0.07767666899599135,0.8139021269977093,1.2640379667282104,0.9806595246982004,0.016579638479743152,0.15198412698412697,0.1375,0.18531746031746033,"{""build_tower"":0.18531746031746033,""confirm_card_service_selection"":0.02638888888888889,""continue"":0.15198412698412697,""discard_treasure"":0.0017857142857142857,""place_tower"":0.05575396825396826,""purchase_shop_item"":0.10496031746031746,""remove_tower"":0.01904761904761905,""reroll"":0.1375,""select_card_service_card"":0.026785714285714284,""select_treasure"":0.022023809523809525,""start_defense"":0.18531746031746033,""use_inventory_item"":0.08313492063492063}",0,0,0,0,2.9978068,36.316398063
guarded_R1,klguard-r1-p2,147,72,38.172778964042664,36.68510055541992,105.22916666666667,,,,,,,0.6376778696986257,0.1882453018479649,0.6383372999727726,11.377073590634167,0.006272011730902705,0,,,0.01607585698366165,80,80,80,4,0.06614330923184752,0.8793923370540142,2.4418094158172607,0.9803969248545402,0.016831051802728324,0.15957236190853297,0.14036824391209662,0.18471589784201148,"{""build_tower"":0.18471589784201148,""confirm_card_service_selection"":0.019798059790140567,""continue"":0.15957236190853297,""discard_treasure"":0.001187883587408434,""place_tower"":0.054642645020787965,""purchase_shop_item"":0.09918827954860424,""remove_tower"":0.029103147891506632,""reroll"":0.14036824391209662,""select_card_service_card"":0.019996040388041973,""select_treasure"":0.021579885171253217,""start_defense"":0.18471589784201148,""use_inventory_item"":0.08513165709760444}",0,0,0,0,3.030896823,36.633342548
guarded_R1,klguard-r1-p2,148,73,37.735512693723045,38.28635025024414,107.60416666666667,,,,,,,0.6880081187468957,0.21483324503251883,0.6961533860081718,11.150089110421021,0.007263787266527375,0,,,0.017051581293344498,84,84,84,4,0.07354807385820009,1.0186351097765423,4.781090259552002,0.9760619788574868,0.02196528436616063,0.15411423039690222,0.13765730880929333,0.18005808325266215,"{""build_tower"":0.18005808325266215,""confirm_card_service_selection"":0.017037754114230398,""continue"":0.15411423039690222,""discard_treasure"":0.0007744433688286545,""place_tower"":0.058857696030977735,""purchase_shop_item"":0.1004840271055179,""remove_tower"":0.04511132623426912,""reroll"":0.13765730880929333,""select_card_service_card"":0.01723136495643756,""select_treasure"":0.021878025169409485,""start_defense"":0.18005808325266215,""use_inventory_item"":0.0867376573088093}",0,0,0,0,3.089841912,36.884243929
guarded_R1,klguard-r1-p2,149,74,39.65736265977224,38.68000030517578,108.89583333333333,,,,,,,0.6525434698643302,0.18894758927961366,0.6598291509393333,11.629503111839485,0.00703738386188058,1,69,0.034513071179389954,0.034513071179389954,69,69,84,4,0.07282513450237288,0.8917384709137074,1.5069068670272827,0.9749836145920037,0.01910885136264066,0.14444231872967286,0.14214654677635355,0.18538358523053378,"{""build_tower"":0.18538358523053378,""confirm_card_service_selection"":0.01798354696766788,""continue"":0.14444231872967286,""discard_treasure"":0.001913143294432753,""place_tower"":0.059690070786301896,""purchase_shop_item"":0.09910082265161661,""remove_tower"":0.03788023722976851,""reroll"":0.14214654677635355,""select_card_service_card"":0.018174861297111152,""select_treasure"":0.022192462215419935,""start_defense"":0.18538358523053378,""use_inventory_item"":0.08570881959058733}",0,0,0,0,3.123907646,34.631793712
guarded_R1,klguard-r1-p2,150,75,39.85248148441315,36.93959999084473,112.64583333333333,4.124202996492386,40.358434945344925,36.23423194885254,92,36,0,0.6764671898580249,0.21752670259621812,0.6528359031677247,11.070692636043539,0.006435471562745079,1,25,0.022579142823815346,0.022579142823815346,25,25,88,4,0.05050907254219055,1.0839539384841919,1.9889614582061768,0.9691482560866138,0.025552483804693275,0.1731089328648049,0.1311263177362678,0.18069169594969484,"{""build_tower"":0.18069169594969484,""confirm_card_service_selection"":0.013316071758831144,""continue"":0.1731089328648049,""discard_treasure"":0.001109672646569262,""place_tower"":0.058627704827076015,""purchase_shop_item"":0.09358239319400777,""remove_tower"":0.04808581468466802,""reroll"":0.1311263177362678,""select_card_service_card"":0.013316071758831144,""select_treasure"":0.021268725725910858,""start_defense"":0.18069169594969484,""use_inventory_item"":0.08507490290364343}",0,0,0,0,3.261502181,19.800132931
guarded_R1,klguard-r1-p2,151,76,40.28974827130636,37.41674995422363,111.16666666666667,,,,,,,0.6175861051209036,0.17694211313819705,0.6054386052034669,10.51853555846606,0.005824292396968211,1,59,0.024077720940113068,0.024077720940113068,59,59,84,4,0.0529121546927145,0.8933495444766546,1.6469086408615112,0.9728286986665043,0.021135609641316392,0.14636431784107945,0.13193403298350825,0.1845952023988006,"{""build_tower"":0.1845952023988006,""confirm_card_service_selection"":0.021551724137931036,""continue"":0.14636431784107945,""discard_treasure"":0.0013118440779610195,""place_tower"":0.05847076461769116,""purchase_shop_item"":0.10326086956521739,""remove_tower"":0.03785607196401799,""reroll"":0.13193403298350825,""select_card_service_card"":0.021739130434782608,""select_treasure"":0.02136431784107946,""start_defense"":0.1845952023988006,""use_inventory_item"":0.08695652173913043}",0,0,0,0,3.3100278100000002,31.488147953
guarded_R1,klguard-r1-p2,152,77,40.83966040611267,39.352548599243164,114.97916666666667,,,,,,,0.6110744727998814,0.1819784768264097,0.6209115101532503,11.635872370102964,0.0076706146502374395,0,,,0.019132111221551895,88,88,88,4,0.07980433978479017,0.8775859427723017,1.7924602031707764,0.9705742226653888,0.02365207301706753,0.15655009965573474,0.12683457148034064,0.1810110527269433,"{""build_tower"":0.1810110527269433,""confirm_card_service_selection"":0.024823337561152382,""continue"":0.15655009965573474,""discard_treasure"":0.0014495379597753216,""place_tower"":0.0559884036963218,""purchase_shop_item"":0.10436673310382316,""remove_tower"":0.03786917919913028,""reroll"":0.12683457148034064,""select_card_service_card"":0.025004529806124297,""select_treasure"":0.02119949266171408,""start_defense"":0.1810110527269433,""use_inventory_item"":0.08389200942199673}",0,0,0,0,3.336899046,41.523409592
guarded_R1,klguard-r1-p2,153,78,36.627924958864845,34.52029991149902,101.89583333333333,,,,,,,0.6841026828759749,0.20634272568721437,0.6670772761106492,10.43774946873052,0.0074442616486294355,1,40,0.028916306793689728,0.028916306793689728,40,40,80,4,0.08392650466412306,1.0587395541369915,3.173712730407715,0.9728669994701136,0.021874837635550648,0.1506849315068493,0.12921692905336332,0.18401144960130852,"{""build_tower"":0.18401144960130852,""confirm_card_service_selection"":0.014516458801881005,""continue"":0.1506849315068493,""discard_treasure"":0.00265794316090779,""place_tower"":0.06379063586178696,""purchase_shop_item"":0.0985483541198119,""remove_tower"":0.04722960539766919,""reroll"":0.12921692905336332,""select_card_service_card"":0.014925373134328358,""select_treasure"":0.021876916785933346,""start_defense"":0.18401144960130852,""use_inventory_item"":0.08852995297485176}",0,0,0,0,3.017209305,22.274693133
guarded_R1,klguard-r1-p2,154,79,39.93764805793762,39.618499755859375,115.89583333333333,,,,,,,0.6335273845116035,0.1818007158361122,0.5995078980922699,11.013811435886542,0.009361686671847261,1,24,0.02629457786679268,0.02629457786679268,24,24,88,4,0.06916534372915824,1.02367086460193,1.6711424589157104,0.9775770672168862,0.016173760004510932,0.20258853136796692,0.1294265683983462,0.17544490382886932,"{""build_tower"":0.17544490382886932,""confirm_card_service_selection"":0.01671759841811972,""continue"":0.20258853136796692,""discard_treasure"":0.002336868596081251,""place_tower"":0.053927736832644256,""purchase_shop_item"":0.09653064893043321,""remove_tower"":0.025885313679669245,""reroll"":0.1294265683983462,""select_card_service_card"":0.01671759841811972,""select_treasure"":0.0206722991191803,""start_defense"":0.17544490382886932,""use_inventory_item"":0.08430702858170053}",0,0,0,0,3.294049892,18.633543619
guarded_R1,klguard-r1-p2,155,80,42.18169597784678,41.0,115.89583333333333,3.7783501744270325,40.01258212327957,36.23423194885254,92,36,0,0.6224477071973189,0.1666953913563165,0.597248914566907,9.746232431245307,0.006677817197348965,0,,,0.01554853655397892,88,88,88,4,0.0751851052892479,0.7982649464498867,1.4724773168563843,0.970022329269702,0.019765496476214717,0.16591767032176882,0.14200970699262988,0.18587093294984722,"{""build_tower"":0.18587093294984722,""confirm_card_service_selection"":0.018694948768650008,""continue"":0.16591767032176882,""discard_treasure"":0.0017975912277548086,""place_tower"":0.0553658098148481,""purchase_shop_item"":0.09689016717598418,""remove_tower"":0.024267481574689914,""reroll"":0.14200970699262988,""select_card_service_card"":0.01887470789142549,""select_treasure"":0.021930612978608665,""start_defense"":0.18587093294984722,""use_inventory_item"":0.08250943735394571}",0,0,0,0,3.359746769,41.961942792
guarded_R1,klguard-r1-p2,156,81,41.65380609035492,40.27980041503906,118.04166666666667,,,,,,,0.5648359151257463,0.14992956665030943,0.584768034517765,9.122432450396216,0.0070073257410631805,0,,,0.013688209466636181,92,92,92,4,0.07877687421505866,0.8270267539698145,2.2344393730163574,0.9738138945547873,0.016858009611377896,0.16290151782562654,0.1276032474408754,0.17931521355453583,"{""build_tower"":0.17931521355453583,""confirm_card_service_selection"":0.023649841157783267,""continue"":0.16290151782562654,""discard_treasure"":0.0008824567596187787,""place_tower"":0.058065654782915636,""purchase_shop_item"":0.11101306036004235,""remove_tower"":0.020825979527003175,""reroll"":0.1276032474408754,""select_card_service_card"":0.023826332509707025,""select_treasure"":0.02117896223085069,""start_defense"":0.17931521355453583,""use_inventory_item"":0.09142252029650547}",0,0,0,0,3.391495677,43.163860712
guarded_R1,klguard-r1-p2,157,82,39.48487285772959,38.37765121459961,104.35416666666667,,,,,,,0.617432092502053,0.15254584564648502,0.622841403633356,9.570076076041158,0.005750571209341615,0,,,0.014481025747954845,80,80,80,4,0.06064890902489424,0.8143514897674322,1.9283514022827148,0.9789302359252726,0.016836744698230176,0.15152725094829309,0.13875024955080856,0.1926532241964464,"{""build_tower"":0.1926532241964464,""confirm_card_service_selection"":0.015372329806348572,""continue"":0.15152725094829309,""discard_treasure"":0.0013974845278498702,""place_tower"":0.05929327211020164,""purchase_shop_item"":0.10041924535835496,""remove_tower"":0.020962267917748054,""reroll"":0.13875024955080856,""select_card_service_card"":0.015571970453184269,""select_treasure"":0.023158315032940708,""start_defense"":0.1926532241964464,""use_inventory_item"":0.08824116590137752}",0,0,0,0,3.074038212,37.235168453
guarded_R1,klguard-r1-p2,158,83,41.24871850013733,40.0,110.89583333333333,,,,,,,0.6069948818782236,0.13913316720633778,0.6254713393393017,9.315231813022772,0.005753084645564719,0,,,0.014622777700424194,84,84,84,4,0.05912796150715578,0.8068025945907548,2.4706714153289795,0.9823707087964453,0.013065638663690714,0.15630283674619574,0.13300770242344542,0.18917903437910952,"{""build_tower"":0.18917903437910952,""confirm_card_service_selection"":0.0214164944580124,""continue"":0.15630283674619574,""discard_treasure"":0.00037572797294758596,""place_tower"":0.05410482810445238,""purchase_shop_item"":0.10764606424948338,""remove_tower"":0.014089798985534472,""reroll"":0.13300770242344542,""select_card_service_card"":0.021792222430959986,""select_treasure"":0.022355814390381364,""start_defense"":0.18917903437910952,""use_inventory_item"":0.09055044148036821}",0,0,0,0,3.345564055,39.338250118
guarded_R1,klguard-r1-p2,159,84,40.59286860624949,39.12389945983887,109.70833333333333,,,,,,,0.6430165053524249,0.14909024917983135,0.6322903785677183,9.914682306728576,0.006348800479264312,0,,,0.013558132573962212,84,84,84,4,0.0700500448278728,0.7250379561668351,1.0652586221694946,0.9758513023993833,0.019165202642657926,0.1614128370679833,0.1405241169768325,0.1885681731864793,"{""build_tower"":0.1885681731864793,""confirm_card_service_selection"":0.01974933535890619,""continue"":0.1614128370679833,""discard_treasure"":0.00037979491074819596,""place_tower"":0.060007595898214965,""purchase_shop_item"":0.09988606152677554,""remove_tower"":0.014812001519179644,""reroll"":0.1405241169768325,""select_card_service_card"":0.020129130269654388,""select_treasure"":0.022218002278769463,""start_defense"":0.1885681731864793,""use_inventory_item"":0.08374477781997722}",0,0,0,0,3.2663511610000002,40.933816843
guarded_R1,klguard-r1-p2,160,85,41.94223336378733,40.0,116.60416666666667,4.99397885799408,41.22821080684662,36.23423194885254,100,27,1,0.6373126875593081,0.1482092483223785,0.6543806678843949,10.181676143510698,0.007050042034434056,1,53,0.02279881201684475,0.02279881201684475,53,53,88,4,0.05940147967271085,0.7761525005664466,1.339111089706421,0.9710651219002897,0.02409687815022401,0.15186707164552438,0.14668572449526532,0.18313382169019118,"{""build_tower"":0.18313382169019118,""confirm_card_service_selection"":0.023405395747721994,""continue"":0.15186707164552438,""discard_treasure"":0.0005360014293371449,""place_tower"":0.05360014293371449,""purchase_shop_item"":0.1059496158656423,""remove_tower"":0.018760050026800073,""reroll"":0.14668572449526532,""select_card_service_card"":0.02412006432017152,""select_treasure"":0.021440057173485797,""start_defense"":0.18313382169019118,""use_inventory_item"":0.08736823298195462}",0,0,0,0,3.357018395,31.755185349
guarded_R1,klguard-r1-p2,161,86,38.505881110827126,37.066049575805664,101.72916666666667,,,,,,,0.6646313902840827,0.15519875429878213,0.6614833604544401,9.964200410815286,0.007730303483162971,0,,,0.01602359488606453,80,80,80,4,0.0910850123502314,0.9402270995080471,5.146967887878418,0.9759802006989231,0.019626960181631146,0.14274011877943887,0.14990784353880812,0.19209502355109564,"{""build_tower"":0.19209502355109564,""confirm_card_service_selection"":0.017612123694450133,""continue"":0.14274011877943887,""discard_treasure"":0.0006143764079459349,""place_tower"":0.057341798074953924,""purchase_shop_item"":0.094409174687692,""remove_tower"":0.028670899037476962,""reroll"":0.14990784353880812,""select_card_service_card"":0.01781691583043211,""select_treasure"":0.023141511365963548,""start_defense"":0.19209502355109564,""use_inventory_item"":0.08355519148064715}",0,0,0,0,3.122210278,34.760507825
guarded_R1,klguard-r1-p2,162,87,39.9386248588562,36.456600189208984,108.64583333333333,,,,,,,0.6472167246179523,0.15520880844586735,0.639067388006619,10.409344257018663,0.006974215344057268,0,,,0.01233413815498352,84,84,84,4,0.07358239351638726,0.8629034480878285,1.729627251625061,0.9788384328490497,0.018098937802105433,0.15474592521572386,0.15129434324065197,0.186960690316395,"{""build_tower"":0.186960690316395,""confirm_card_service_selection"":0.019175455417066157,""continue"":0.15474592521572386,""discard_treasure"":0.0013422818791946308,""place_tower"":0.05349952061361457,""purchase_shop_item"":0.0987535953978907,""remove_tower"":0.0224352828379674,""reroll"":0.15129434324065197,""select_card_service_card"":0.01955896452540748,""select_treasure"":0.021860019175455415,""start_defense"":0.186960690316395,""use_inventory_item"":0.08341323106423777}",0,0,0,0,3.176154733,38.630196323
guarded_R1,klguard-r1-p2,163,88,41.75737106800079,40.0,118.41666666666667,,,,,,,0.6306008570802364,0.1380491616929078,0.6275926076847574,10.627705081945466,0.006836633485205391,0,,,0.01640540547668934,92,92,92,4,0.07675650614597228,0.7987427572193353,1.8495891094207764,0.9770947818030298,0.0191982736831288,0.1620337790288529,0.14356087262491204,0.1805066854327938,"{""build_tower"":0.1805066854327938,""confirm_card_service_selection"":0.021815622800844477,""continue"":0.1620337790288529,""discard_treasure"":0.0003518648838845883,""place_tower"":0.05788177339901478,""purchase_shop_item"":0.10503166783954962,""remove_tower"":0.019000703729767768,""reroll"":0.14356087262491204,""select_card_service_card"":0.022343420126671357,""select_treasure"":0.020935960591133004,""start_defense"":0.1805066854327938,""use_inventory_item"":0.08603096410978184}",0,0,0,0,3.517784651,43.874872916
guarded_R1,klguard-r1-p2,164,89,39.97973966598511,39.812049865722656,110.3125,,,,,,,0.6613995310724557,0.14283304539851138,0.690543833706114,11.180530584283852,0.005930614935298056,1,36,0.02117401547729969,0.02117401547729969,36,36,84,4,0.05351996525294251,0.8605389760600196,1.6569139957427979,0.9773323923807319,0.01676637416572443,0.16128423040604345,0.14749763928234183,0.18470254957507082,"{""build_tower"":0.18470254957507082,""confirm_card_service_selection"":0.01964117091595845,""continue"":0.16128423040604345,""discard_treasure"":0.00037771482530689327,""place_tower"":0.06043437204910293,""purchase_shop_item"":0.09801699716713881,""remove_tower"":0.01794145420207743,""reroll"":0.14749763928234183,""select_card_service_card"":0.02020774315391879,""select_treasure"":0.022474032105760152,""start_defense"":0.18470254957507082,""use_inventory_item"":0.08271954674220963}",0,0,0,0,3.251716358,23.549643383
guarded_R1,klguard-r1-p2,165,90,40.39358536402384,38.19960021972656,113.33333333333333,4.4427874982357025,40.67701944708824,36.23423194885254,96,31,1,0.6870130535376805,0.16565411417293707,0.6814534159029945,11.096642325290812,0.005667469284809944,1,59,0.022423572838306427,0.022423572838306427,59,59,88,4,0.05899099576271186,0.7964049587815495,2.018333911895752,0.9782780482952814,0.017183246239173142,0.17683823529411766,0.1431985294117647,0.18088235294117647,"{""build_tower"":0.18088235294117647,""confirm_card_service_selection"":0.01875,""continue"":0.17683823529411766,""discard_treasure"":0.0009191176470588235,""place_tower"":0.05625,""purchase_shop_item"":0.09779411764705882,""remove_tower"":0.022426470588235294,""reroll"":0.1431985294117647,""select_card_service_card"":0.018933823529411763,""select_treasure"":0.021323529411764706,""start_defense"":0.18088235294117647,""use_inventory_item"":0.0818014705882353}",0,0,0,0,3.264710908,30.98701979
guarded_R1,klguard-r1-p2,166,91,42.82756249109904,40.104949951171875,127.77083333333333,,,,,,,0.6898078627450618,0.18613826548260298,0.6925276157756647,11.586756986945828,0.005476710652660681,0,,,0.010517464019358158,96,96,96,4,0.06656519051951666,0.7847453042243918,1.3060187101364136,0.9782314094885669,0.01563484772729377,0.1961519647806946,0.14854068155878036,0.1708788521115278,"{""build_tower"":0.1708788521115278,""confirm_card_service_selection"":0.020055437795532365,""continue"":0.1961519647806946,""discard_treasure"":0.0006522093592043046,""place_tower"":0.049567911299527145,""purchase_shop_item"":0.10288602641447905,""remove_tower"":0.015489972281102235,""reroll"":0.14854068155878036,""select_card_service_card"":0.020381542475134518,""select_treasure"":0.019729333115930215,""start_defense"":0.1708788521115278,""use_inventory_item"":0.0847872166965596}",0,0,0,0,3.617139238,46.781925686
guarded_R1,klguard-r1-p2,167,92,41.36397703488668,38.42865180969238,121.77083333333333,,,,,,,0.7022102910628111,0.1814219279344649,0.694982666036357,11.033451977986077,0.006349407879240417,0,,,0.014774654991924763,92,92,92,4,0.07694531094444834,0.8111762663592463,1.3569691181182861,0.9792810166269313,0.015161321468084403,0.17758768177929854,0.15124037639007698,0.1727972626176219,"{""build_tower"":0.1727972626176219,""confirm_card_service_selection"":0.022070145423438835,""continue"":0.17758768177929854,""discard_treasure"":0.0011976047904191617,""place_tower"":0.054234388366124896,""purchase_shop_item"":0.1067579127459367,""remove_tower"":0.013686911890504704,""reroll"":0.15124037639007698,""select_card_service_card"":0.022241231822070145,""select_treasure"":0.02001710863986313,""start_defense"":0.1727972626176219,""use_inventory_item"":0.0853721129170231}",0,0,0,0,3.484753983,44.843762397
guarded_R1,klguard-r1-p2,168,93,40.91822910308838,38.068450927734375,126.5,,,,,,,0.7164996086040732,0.18306142489694296,0.7041445364212168,12.058070365680257,0.007597593276559251,1,58,0.02214754931628704,0.02214754931628704,58,58,96,4,0.07312066621821502,0.8971075395057941,1.996602177619934,0.9779622756494601,0.01629960714490153,0.2257905138339921,0.15612648221343872,0.16485507246376813,"{""build_tower"":0.16485507246376813,""confirm_card_service_selection"":0.018774703557312252,""continue"":0.2257905138339921,""discard_treasure"":0.001152832674571805,""place_tower"":0.04693675889328063,""purchase_shop_item"":0.09354413702239789,""remove_tower"":0.01202239789196311,""reroll"":0.15612648221343872,""select_card_service_card"":0.01893939393939394,""select_treasure"":0.019762845849802372,""start_defense"":0.16485507246376813,""use_inventory_item"":0.07723978919631093}",0,0,0,0,3.5516066,32.848503462
guarded_R1,klguard-r1-p2,169,94,42.34627914428711,41.39015007019043,125.64583333333333,,,,,,,0.7119439003160539,0.16401595265934793,0.708043567215403,11.633777222107451,0.006905146214734259,0,,,0.015271748416125774,96,96,96,4,0.08225348064055045,0.9101959333444635,2.4091665744781494,0.9786775687820324,0.017734114294095587,0.19499253855082077,0.157353672691096,0.17161333112253357,"{""build_tower"":0.17161333112253357,""confirm_card_service_selection"":0.024374067318852596,""continue"":0.19499253855082077,""discard_treasure"":0.001160669872326314,""place_tower"":0.04808489471066158,""purchase_shop_item"":0.0994859890565412,""remove_tower"":0.008622119051566905,""reroll"":0.157353672691096,""select_card_service_card"":0.0248714972641353,""select_treasure"":0.02056043773835185,""start_defense"":0.17161333112253357,""use_inventory_item"":0.07726745150058033}",0,0,0,0,3.593469958,45.020440674
guarded_R1,klguard-r1-p2,170,95,41.881553967793785,40.01715087890625,130.1875,5.48492905497551,41.71916100382805,36.23423194885254,107,21,0,0.7188911948162445,0.17624063136084053,0.7110566003822986,12.169653396166494,0.008061572945555298,1,81,0.02403569221496582,0.02403569221496582,81,81,100,4,0.08466618903625159,0.8889252543449402,2.1953916549682617,0.9846687903531766,0.012619567504152655,0.21651464234277484,0.1552248359737558,0.16370619299087855,"{""build_tower"":0.16370619299087855,""confirm_card_service_selection"":0.022723635781725076,""continue"":0.21651464234277484,""discard_treasure"":0.0009601536245799327,""place_tower"":0.05376860297647624,""purchase_shop_item"":0.09713554168666987,""remove_tower"":0.00880140822531605,""reroll"":0.1552248359737558,""select_card_service_card"":0.023523763802208355,""select_treasure"":0.019203072491598656,""start_defense"":0.16370619299087855,""use_inventory_item"":0.0747319571131381}",0,0,0,0,3.698203449,42.084875485
guarded_R1,klguard-r1-p2,171,96,41.6001646121343,40.0,120.02083333333333,,,,,,,0.7240362491145472,0.1692116908354403,0.7230501679273752,10.84368407542253,0.006072937522521198,1,52,0.04235030338168144,0.04235030338168144,52,52,92,4,0.06285463732022506,0.9249553428246424,1.6160109043121338,0.9812461884161349,0.016882974806282182,0.16455476479777817,0.16698489845512932,0.17653185210900885,"{""build_tower"":0.17653185210900885,""confirm_card_service_selection"":0.0197882312098594,""continue"":0.16455476479777817,""discard_treasure"":0.0003471619510501649,""place_tower"":0.05485158826592605,""purchase_shop_item"":0.1038014233639993,""remove_tower"":0.00919979170282937,""reroll"":0.16698489845512932,""select_card_service_card"":0.020656136087484813,""select_treasure"":0.020656136087484813,""start_defense"":0.17653185210900885,""use_inventory_item"":0.0860961638604409}",0,0,0,0,3.593857572,30.92658539
guarded_R1,klguard-r1-p2,172,97,41.13836054007212,39.52915000915527,115.79166666666667,,,,,,,0.7313977538141299,0.15663533719872422,0.7264220132069155,11.447158786532633,0.005622445719397588,0,,,0.01228365208953619,88,88,88,4,0.06691599421372468,0.8391743183813312,1.795746922492981,0.9783526659240388,0.01841786277311092,0.15113350125944586,0.18028067650233898,0.180820439006837,"{""build_tower"":0.180820439006837,""confirm_card_service_selection"":0.01853184598776538,""continue"":0.15113350125944586,""discard_treasure"":0.0007196833393306944,""place_tower"":0.05973371716444764,""purchase_shop_item"":0.0982367758186398,""remove_tower"":0.006297229219143577,""reroll"":0.18028067650233898,""select_card_service_card"":0.018891687657430732,""select_treasure"":0.021230658510255487,""start_defense"":0.180820439006837,""use_inventory_item"":0.08330334652752788}",0,0,0,0,3.694702157,43.565806389
guarded_R1,klguard-r1-p2,173,98,41.66682291030884,38.9817008972168,121.35416666666667,,,,,,,0.7337233931057547,0.16246924947142286,0.7343380043040151,11.64038499779661,0.005934675736012729,0,,,0.012774694710969925,92,92,92,4,0.06951677426695824,0.8606620081093,1.6845124959945679,0.9828219048213722,0.015004692406839003,0.15622317596566523,0.18025751072961374,0.17493562231759657,"{""build_tower"":0.17493562231759657,""confirm_card_service_selection"":0.017854077253218883,""continue"":0.15622317596566523,""discard_treasure"":0.0013733905579399143,""place_tower"":0.059742489270386265,""purchase_shop_item"":0.1009442060085837,""remove_tower"":0.009613733905579399,""reroll"":0.18025751072961374,""select_card_service_card"":0.018197424892703862,""select_treasure"":0.020085836909871244,""start_defense"":0.17493562231759657,""use_inventory_item"":0.08583690987124463}",0,0,0,0,3.709399799,45.22064432
guarded_R1,klguard-r1-p2,174,99,42.57153113683065,39.6299991607666,123.83333333333333,,,,,,,0.7256549119319377,0.17277630385752377,0.7259914999206861,12.353409753168275,0.006707212658734345,0,,,0.012882344424724579,96,96,96,4,0.07731701084412634,0.933920044451952,1.5560426712036133,0.9779093008567916,0.01813072694737154,0.17984522207267833,0.17446164199192463,0.17496635262449528,"{""build_tower"":0.17496635262449528,""confirm_card_service_selection"":0.018337819650067293,""continue"":0.17984522207267833,""discard_treasure"":0.002187079407806191,""place_tower"":0.05030282637954239,""purchase_shop_item"":0.09572678331090174,""remove_tower"":0.009421265141318977,""reroll"":0.17446164199192463,""select_card_service_card"":0.019010767160161507,""select_treasure"":0.020188425302826378,""start_defense"":0.17496635262449528,""use_inventory_item"":0.08058546433378197}",0,0,0,0,3.7419065590000002,47.376163683
guarded_R1,klguard-r1-p2,175,100,42.27767904599508,39.63990020751953,127.0,6.483261913061142,42.71749386191368,36.23423194885254,107,20,1,0.7425189766527418,0.17136004031928131,0.7270781707763672,12.113133891268475,0.006408671317840345,1,50,0.021240904927253723,0.021240904927253723,50,50,96,4,0.06952524036169053,0.9237974739074707,1.6717677116394043,0.9793299008282562,0.01695621966306741,0.16256561679790027,0.18241469816272965,0.16994750656167978,"{""build_tower"":0.16994750656167978,""confirm_card_service_selection"":0.01968503937007874,""continue"":0.16256561679790027,""discard_treasure"":0.0013123359580052493,""place_tower"":0.05380577427821522,""purchase_shop_item"":0.10301837270341208,""remove_tower"":0.012467191601049869,""reroll"":0.18241469816272965,""select_card_service_card"":0.020177165354330708,""select_treasure"":0.01968503937007874,""start_defense"":0.16994750656167978,""use_inventory_item"":0.08497375328083989}",0,0,0,0,3.7998794350000002,31.630665057
guarded_R1,klguard-r1-p2,176,101,41.243547995885216,40.42210006713867,124.54166666666667,,,,,,,0.73204513339325,0.16977322470084852,0.7430126137203641,13.612030802403803,0.003780587804208658,1,18,0.020721957087516785,0.020721957087516785,18,18,96,4,0.042317708333333336,1.0166474315855238,1.6502580642700195,0.9810995078876714,0.016492718452354893,0.15791234526597525,0.1952157912345266,0.16895282703245232,"{""build_tower"":0.16895282703245232,""confirm_card_service_selection"":0.02024088323854132,""continue"":0.15791234526597525,""discard_treasure"":0.0015055202408832385,""place_tower"":0.05804616928738709,""purchase_shop_item"":0.09902977584476413,""remove_tower"":0.008029441284710606,""reroll"":0.1952157912345266,""select_card_service_card"":0.02074272331883573,""select_treasure"":0.02024088323854132,""start_defense"":0.16895282703245232,""use_inventory_item"":0.08113081298093008}",0,0,0,0,3.80842323,19.189095732
guarded_R1,klguard-r1-p2,177,102,43.13849981625875,42.699100494384766,132.41666666666666,,,,,,,0.760556095915848,0.18689080018264884,0.7627449153467666,14.77899540386558,0.007535541931818358,1,86,0.02021290361881256,0.02021290361881256,86,86,100,4,0.08314621950997862,0.9197563736937767,1.6522125005722046,0.9825496726007411,0.016124657085165382,0.19273127753303965,0.20201384518565135,0.16551290119572057,"{""build_tower"":0.16551290119572057,""confirm_card_service_selection"":0.016362492133417242,""continue"":0.19273127753303965,""discard_treasure"":0.0014159848961611077,""place_tower"":0.043108873505349275,""purchase_shop_item"":0.09251101321585903,""remove_tower"":0.006607929515418502,""reroll"":0.20201384518565135,""select_card_service_card"":0.016991818753933293,""select_treasure"":0.019666456891126494,""start_defense"":0.16551290119572057,""use_inventory_item"":0.0775645059786029}",0,0,0,0,3.781940366,44.027575968
guarded_R1,klguard-r1-p2,178,103,43.69298950831095,41.9109001159668,138.14583333333334,,,,,,,0.797958744023532,0.1928635651004812,0.7892187610268593,14.726117517939754,0.006824226239587006,0,,,0.017694879323244095,104,104,104,4,0.07684226574089664,0.9551506632795701,1.5571857690811157,0.9799019511065433,0.01635286021225441,0.17372945257125622,0.21309003166943147,0.16076006635499926,"{""build_tower"":0.16076006635499926,""confirm_card_service_selection"":0.017493590710300107,""continue"":0.17372945257125622,""discard_treasure"":0.0010556477152767305,""place_tower"":0.05248077213090031,""purchase_shop_item"":0.09651636253958679,""remove_tower"":0.006333886291660383,""reroll"":0.21309003166943147,""select_card_service_card"":0.017795204343236313,""select_treasure"":0.019303272507917357,""start_defense"":0.16076006635499926,""use_inventory_item"":0.08068164681043583}",0,0,0,0,4.230365153,52.112222713
guarded_R1,klguard-r1-p2,179,104,43.56110803286234,43.058799743652344,132.29166666666666,,,,,,,0.7758243095575006,0.18710797589770287,0.7619885110855102,14.393538653681784,0.007285216185127865,0,,,0.016203131526708603,100,100,100,4,0.08263084039092064,0.9677456969022751,1.7170647382736206,0.9842579569678735,0.01473350021056831,0.16141732283464566,0.20881889763779526,0.1683464566929134,"{""build_tower"":0.1683464566929134,""confirm_card_service_selection"":0.02031496062992126,""continue"":0.16141732283464566,""discard_treasure"":0.0009448818897637795,""place_tower"":0.04992125984251968,""purchase_shop_item"":0.09685039370078741,""remove_tower"":0.006771653543307087,""reroll"":0.20881889763779526,""select_card_service_card"":0.02047244094488189,""select_treasure"":0.02,""start_defense"":0.1683464566929134,""use_inventory_item"":0.07779527559055117}",0,0,0,0,3.950146344,49.396861004
guarded_R1,klguard-r1-p2,180,105,42.075912634531655,41.874650955200195,131.02083333333334,2.9641852378845215,39.19841718673706,36.23423194885254,86,42,0,0.7601339321790818,0.19621657043193222,0.7724012182309077,14.871703700137939,0.0062410295521868435,1,13,0.02009567804634571,0.02009567804634571,13,13,100,4,0.07752403846153846,0.9986774829717783,1.2939623594284058,0.9845105919733597,0.013805426163598896,0.1718874224837017,0.20925425345841947,0.1634600095404675,"{""build_tower"":0.1634600095404675,""confirm_card_service_selection"":0.01590077913817777,""continue"":0.1718874224837017,""discard_treasure"":0.001113054539672444,""place_tower"":0.053744633487040866,""purchase_shop_item"":0.09429162028939418,""remove_tower"":0.012720623310542217,""reroll"":0.20925425345841947,""select_card_service_card"":0.016059786929559547,""select_treasure"":0.01939895054857688,""start_defense"":0.1634600095404675,""use_inventory_item"":0.07870885673397997}",0,0,0,0,3.862042639,17.874622141
guarded_R1,klguard-r1-p2,181,106,44.619635264078774,43.91485023498535,142.47916666666666,,,,,,,0.734825557105092,0.2107035164136995,0.7303792547296595,16.046509143288517,0.009383851268231174,0,,,0.019368266686797142,108,108,108,4,0.09156286371526895,1.0417437972845855,2.4927785396575928,0.9836579588991194,0.013892242421947972,0.22035385290247111,0.18906272846907443,0.1592338061120047,"{""build_tower"":0.1592338061120047,""confirm_card_service_selection"":0.013744699517473315,""continue"":0.22035385290247111,""discard_treasure"":0.00029244041526538966,""place_tower"":0.04927620997221816,""purchase_shop_item"":0.08670858312618804,""remove_tower"":0.013159818686942536,""reroll"":0.18906272846907443,""select_card_service_card"":0.01389091972510601,""select_treasure"":0.019008626992250328,""start_defense"":0.1592338061120047,""use_inventory_item"":0.07603450796900131}",0,0,0,0,4.132959803,52.154028243
guarded_R1,klguard-r1-p2,182,107,44.05519382158915,43.734201431274414,151.39583333333334,,,,,,,0.7121605314747264,0.21838319562496739,0.7043513017041343,16.705665117935283,0.007122577047082602,1,28,0.024047844111919403,0.024047844111919403,28,28,116,4,0.07198660714285714,1.1010410913399287,1.5369672775268555,0.9830030775268238,0.014495373081319547,0.25402504472271914,0.17902848493188386,0.1473785606164855,"{""build_tower"":0.1473785606164855,""confirm_card_service_selection"":0.015412137057933123,""continue"":0.25402504472271914,""discard_treasure"":0.00041282509976606576,""place_tower"":0.04362185220861428,""purchase_shop_item"":0.08793174625017201,""remove_tower"":0.01857712948947296,""reroll"":0.17902848493188386,""select_card_service_card"":0.01554974542452181,""select_treasure"":0.017338654190174763,""start_defense"":0.1473785606164855,""use_inventory_item"":0.07334525939177101}",0,0,0,0,4.081468506,26.038745827
guarded_R1,klguard-r1-p2,183,108,42.879074931144714,42.331600189208984,137.20833333333334,,,,,,,0.7365351175623702,0.2076219924912925,0.7546010739528216,16.007076105640632,0.007422280916024157,0,,,0.01731710322201252,104,104,104,4,0.07976754747617704,0.9726035732489365,1.8425437211990356,0.9806810456375397,0.01746682662409372,0.21743091406012754,0.19526267840874584,0.15927725478287277,"{""build_tower"":0.15927725478287277,""confirm_card_service_selection"":0.010628606134224112,""continue"":0.21743091406012754,""discard_treasure"":0.0001518372304889159,""place_tower"":0.054661402976009715,""purchase_shop_item"":0.08624354691770422,""remove_tower"":0.010021257212268448,""reroll"":0.19526267840874584,""select_card_service_card"":0.010628606134224112,""select_treasure"":0.018524142119647737,""start_defense"":0.15927725478287277,""use_inventory_item"":0.07789249924081385}",0,0,0,0,4.024848521,48.977931767
guarded_R1,klguard-r1-p2,184,109,42.321579138437905,41.647499084472656,135.875,,,,,,,0.759681042594318,0.20351599000253676,0.7597791191477042,16.281026527587922,0.006670896840100445,0,,,0.01612553745508194,104,104,104,4,0.07643602709644116,1.0205446493167143,1.75403892993927,0.9826967235292984,0.016227912802535754,0.2099049371358479,0.2002453235203925,0.15854032505366453,"{""build_tower"":0.15854032505366453,""confirm_card_service_selection"":0.011806194418889911,""continue"":0.2099049371358479,""discard_treasure"":0.0016865992026985587,""place_tower"":0.04998466727997547,""purchase_shop_item"":0.08846979454155167,""remove_tower"":0.011499540018399264,""reroll"":0.2002453235203925,""select_card_service_card"":0.012112848819380559,""select_treasure"":0.01916590003066544,""start_defense"":0.15854032505366453,""use_inventory_item"":0.07804354492486967}",0,0,0,0,3.9508341319999998,49.69737827
guarded_R1,klguard-r1-p2,185,110,43.265579064687095,39.64680099487305,139.875,3.138810306787491,39.37304225564003,36.23423194885254,86,42,0,0.7614084864697411,0.21554459149659433,0.7603143078309519,16.617616638450897,0.007919317335580234,0,,,0.01474208477884531,108,108,108,4,0.09721972789891341,1.1231952977401238,2.888841390609741,0.9765516187102761,0.017273989471572417,0.2162645218945487,0.18379505510872804,0.15758117366696456,"{""build_tower"":0.15758117366696456,""confirm_card_service_selection"":0.009830205540661306,""continue"":0.2162645218945487,""discard_treasure"":0.00044682752457551384,""place_tower"":0.05361930294906166,""purchase_shop_item"":0.08802502234137623,""remove_tower"":0.02546916890080429,""reroll"":0.18379505510872804,""select_card_service_card"":0.009979148048853142,""select_treasure"":0.017724158474828715,""start_defense"":0.15758117366696456,""use_inventory_item"":0.0796842418826333}",0,0,0,0,4.064912805,52.322980398
guarded_R1,klguard-r1-p2,186,111,44.71712716420492,43.5948486328125,144.125,,,,,,,0.7441989352391207,0.2220244854210995,0.745336894595295,17.15422790874536,0.007946039578576205,1,109,0.024898139759898186,0.024898139759898186,109,109,112,4,0.08206708715596331,1.0999527677483516,5.914679050445557,0.9805403389406094,0.01927639340283349,0.22333044232437121,0.17013587742122,0.15770453888407054,"{""build_tower"":0.15770453888407054,""confirm_card_service_selection"":0.012431338537149466,""continue"":0.22333044232437121,""discard_treasure"":0.0011564035848511131,""place_tower"":0.05290546400693842,""purchase_shop_item"":0.0904885805145996,""remove_tower"":0.023995374385660597,""reroll"":0.17013587742122,""select_card_service_card"":0.012864989881468633,""select_treasure"":0.018936108701936977,""start_defense"":0.15770453888407054,""use_inventory_item"":0.0783463428736629}",0,0,0,0,4.265188049,52.669702898
guarded_R1,klguard-r1-p2,187,112,42.45703121026357,41.106000900268555,140.1875,,,,,,,0.7857014361249025,0.22746816298759842,0.7975102050436867,17.995939722740385,0.006720687999126717,0,,,0.018335692584514618,108,108,108,4,0.08155064843595028,1.091177510994452,1.9165008068084717,0.976252973719205,0.02045794585029836,0.22306434834299302,0.19215336602764155,0.15425769059295585,"{""build_tower"":0.15425769059295585,""confirm_card_service_selection"":0.009362460989745877,""continue"":0.22306434834299302,""discard_treasure"":0.001486104919007282,""place_tower"":0.05037895675434686,""purchase_shop_item"":0.08559964333481944,""remove_tower"":0.023480457720315054,""reroll"":0.19215336602764155,""select_card_service_card"":0.009362460989745877,""select_treasure"":0.018130480011888838,""start_defense"":0.15425769059295585,""use_inventory_item"":0.07846633972358448}",0,0,0,0,3.93420015,49.486361583
guarded_R1,klguard-r1-p2,188,113,42.6222041050593,41.63955116271973,138.77083333333334,,,,,,,0.8217807434601928,0.2167102483257837,0.8306410842471652,16.59457841414933,0.008683648855653533,0,,,0.017650006338953972,108,108,108,4,0.10059317132389103,1.231677978678986,10.923162460327148,0.9789623466358409,0.020545747010382236,0.17985287494370214,0.20102086773757694,0.1562828404143522,"{""build_tower"":0.1562828404143522,""confirm_card_service_selection"":0.011860081068908573,""continue"":0.17985287494370214,""discard_treasure"":0.0007506380423359856,""place_tower"":0.05464644948205975,""purchase_shop_item"":0.09473052094280138,""remove_tower"":0.029274883651103437,""reroll"":0.20102086773757694,""select_card_service_card"":0.01201020867737577,""select_treasure"":0.018465695841465245,""start_defense"":0.1562828404143522,""use_inventory_item"":0.08482209878396638}",0,0,0,0,4.034757327,50.615576595
guarded_R1,klguard-r1-p2,189,114,42.63960830370585,41.822349548339844,135.1875,,,,,,,0.8125916599889719,0.20975011473548436,0.8253124207258224,17.481935978026893,0.0077742743896639975,0,,,0.0166772473603487,104,104,104,4,0.09196273033292247,1.108921738771292,2.3141820430755615,0.9813552879025323,0.02131959801324858,0.16612729234088458,0.20419170904607797,0.16042533518261673,"{""build_tower"":0.16042533518261673,""confirm_card_service_selection"":0.01032516566497149,""continue"":0.16612729234088458,""discard_treasure"":0.0015410695022345508,""place_tower"":0.051471721374633995,""purchase_shop_item"":0.09693327169055324,""remove_tower"":0.030204962243797196,""reroll"":0.20419170904607797,""select_card_service_card"":0.01032516566497149,""select_treasure"":0.01910926182770843,""start_defense"":0.16042533518261673,""use_inventory_item"":0.08891971027893358}",0,0,0,0,3.987764497,48.942526766
guarded_R1,klguard-r1-p2,190,115,43.12109820048014,42.25815010070801,134.58333333333334,7.961796313524246,44.196028262376785,36.23423194885254,110,18,0,0.8301342442778519,0.2174936705796698,0.8486104011535645,17.080730468444784,0.007755215294655325,1,52,0.0705287829041481,0.0705287829041481,52,52,104,4,0.0809995994831507,1.1255692025789847,1.8738845586776733,0.9767612452424325,0.023107278411491558,0.1673374613003096,0.20588235294117646,0.16362229102167183,"{""build_tower"":0.16362229102167183,""confirm_card_service_selection"":0.009752321981424148,""continue"":0.1673374613003096,""discard_treasure"":0.0006191950464396285,""place_tower"":0.04860681114551084,""purchase_shop_item"":0.09024767801857585,""remove_tower"":0.039938080495356035,""reroll"":0.20588235294117646,""select_card_service_card"":0.009907120743034056,""select_treasure"":0.01888544891640867,""start_defense"":0.16362229102167183,""use_inventory_item"":0.08157894736842106}",0,0,0,0,4.012785575,30.863691889000002
guarded_R1,klguard-r1-p2,191,116,40.67671422163645,39.53834915161133,123.89583333333333,,,,,,,0.8603478290633687,0.21159635346560848,0.867386617594295,16.75932627703965,0.007693765979335391,1,72,0.03675282374024391,0.03675282374024391,72,72,96,4,0.08230895414534542,1.3294182187981076,4.594102382659912,0.9762985821650076,0.01968310501736899,0.15100050445602825,0.21052631578947367,0.16731124936942995,"{""build_tower"":0.16731124936942995,""confirm_card_service_selection"":0.00992096855557424,""continue"":0.15100050445602825,""discard_treasure"":0.0010089120564990752,""place_tower"":0.05414494703211704,""purchase_shop_item"":0.08659828484950395,""remove_tower"":0.042374306372961155,""reroll"":0.21052631578947367,""select_card_service_card"":0.010089120564990752,""select_treasure"":0.020178241129981504,""start_defense"":0.16731124936942995,""use_inventory_item"":0.07953590045401042}",0,0,0,0,3.945353045,36.947027372
guarded_R1,klguard-r1-p2,192,117,42.36467468738556,42.25659942626953,128.60416666666666,,,,,,,0.8302587253745262,0.2087554072523496,0.811682657927883,15.717356049588846,0.00897318276653021,1,98,0.023265816271305084,0.023265816271305084,98,98,100,4,0.09843145234852421,1.1479295601650161,2.5069334506988525,0.9761344618081512,0.024532960010692478,0.14822614612020088,0.20071278146768184,0.16831362384578,"{""build_tower"":0.16831362384578,""confirm_card_service_selection"":0.011177709379556132,""continue"":0.14822614612020088,""discard_treasure"":0.0004859873643285275,""place_tower"":0.05264863113559048,""purchase_shop_item"":0.09266159079863924,""remove_tower"":0.04373886278956747,""reroll"":0.20071278146768184,""select_card_service_card"":0.01133970516766564,""select_treasure"":0.020249473513688644,""start_defense"":0.16831362384578,""use_inventory_item"":0.08213186457152113}",0,0,0,0,3.72369691,46.488257574
guarded_R1,klguard-r1-p2,193,118,43.34227498372396,43.2193489074707,136.02083333333334,,,,,,,0.7725312690890761,0.19288395313684734,0.7587172027145114,14.858665634483364,0.007709697552335066,1,28,0.03366781398653984,0.03366781398653984,28,28,104,4,0.0739181028412921,1.159251304609435,2.160414695739746,0.9817812313235932,0.017042044926291473,0.1785878388727217,0.1929851432072293,0.1615867667330372,"{""build_tower"":0.1615867667330372,""confirm_card_service_selection"":0.010568234032776841,""continue"":0.1785878388727217,""discard_treasure"":0.0012253024965538366,""place_tower"":0.05284117016388421,""purchase_shop_item"":0.09388880379843774,""remove_tower"":0.031704702098330526,""reroll"":0.1929851432072293,""select_card_service_card"":0.010721396844846071,""select_treasure"":0.0191453515086537,""start_defense"":0.1615867667330372,""use_inventory_item"":0.08515852351049165}",0,0,0,0,4.076616713,24.744072587
guarded_R1,klguard-r1-p2,194,119,43.03254795074463,42.0546989440918,135.875,,,,,,,0.7292634624520736,0.1736766231419673,0.7383854245837731,18.268718102502355,0.008837305287877687,1,79,0.028019636869430542,0.028019636869430542,79,79,104,4,0.08890021903605401,1.0847145088865786,2.216407060623169,0.9848631326748205,0.015284369216085626,0.21404477154247165,0.19395890831033424,0.161146887457835,"{""build_tower"":0.161146887457835,""confirm_card_service_selection"":0.012112848819380559,""continue"":0.21404477154247165,""discard_treasure"":0.00030665440049064706,""place_tower"":0.05090463048144741,""purchase_shop_item"":0.083409996933456,""remove_tower"":0.017325973627721557,""reroll"":0.19395890831033424,""select_card_service_card"":0.012266176019625881,""select_treasure"":0.018552591229684147,""start_defense"":0.161146887457835,""use_inventory_item"":0.07482367371971788}",0,0,0,0,3.881051497,42.433072026
guarded_R1,klguard-r1-p2,195,120,46.19782280921936,44.369049072265625,161.77083333333334,1.7138547152280807,37.94808666408062,36.23423194885254,76,52,0,0.7291886656729762,0.21709416985143531,0.753393312295278,20.747026836427256,0.0066131045698512025,1,24,0.021181954070925713,0.021181954070925713,24,24,124,4,0.07275390625,1.2451404953996341,1.9896312952041626,0.9800928247847341,0.016694635070199446,0.2524146812620734,0.16741790083708952,0.14552479072762395,"{""build_tower"":0.14552479072762395,""confirm_card_service_selection"":0.01210560206052801,""continue"":0.2524146812620734,""discard_treasure"":0.001159047005795235,""place_tower"":0.04404378622021893,""purchase_shop_item"":0.08989053444945268,""remove_tower"":0.03567289117836445,""reroll"":0.16741790083708952,""select_card_service_card"":0.01210560206052801,""select_treasure"":0.016870573084352865,""start_defense"":0.14552479072762395,""use_inventory_item"":0.07726980038634901}",0,0,0,0,4.429685586,25.539193027
guarded_R1,klguard-r1-p2,196,121,39.358916560808815,38.230600357055664,142.39583333333334,,,,,,,0.8141635880680161,0.25302373703736336,0.8005410480499268,18.452493170773373,0.0074840761932864555,1,25,0.024243075400590897,0.024243075400590897,25,25,108,4,0.091875,1.433768162727356,2.5846452713012695,0.9677783894921885,0.025776835270570935,0.24740307242136064,0.16927578639356256,0.14118507681053402,"{""build_tower"":0.14118507681053402,""confirm_card_service_selection"":0.0073152889539136795,""continue"":0.24740307242136064,""discard_treasure"":0.0019019751280175566,""place_tower"":0.04681784930504755,""purchase_shop_item"":0.07564008778346745,""remove_tower"":0.07446964155084126,""reroll"":0.16927578639356256,""select_card_service_card"":0.0073152889539136795,""select_treasure"":0.016386247256766642,""start_defense"":0.14118507681053402,""use_inventory_item"":0.07110460863204096}",0,0,0,0,3.7597459300000002,21.266739679
guarded_R1,klguard-r1-p2,197,122,42.2474502325058,42.23539924621582,145.39583333333334,,,,,,,0.7532301017621696,0.2207721238447703,0.7463737938139173,17.07113195711603,0.00887562700718263,1,45,0.027929948642849922,0.027929948642849922,45,45,112,4,0.0897504664129681,1.2045930491553412,1.9146472215652466,0.9803105953721568,0.01975532669374453,0.24430434159621722,0.1692219515689927,0.14815876200028658,"{""build_tower"":0.14815876200028658,""confirm_card_service_selection"":0.010889812294024932,""continue"":0.24430434159621722,""discard_treasure"":0.001289583034818742,""place_tower"":0.04714142427281846,""purchase_shop_item"":0.08525576730190572,""remove_tower"":0.042412953145149736,""reroll"":0.1692219515689927,""select_card_service_card"":0.011033099297893681,""select_treasure"":0.01776758847972489,""start_defense"":0.14815876200028658,""use_inventory_item"":0.07436595500788079}",0,0,0,0,4.0988911120000004,28.91163202
guarded_R1,klguard-r1-p2,198,123,42.65687910715739,42.94864845275879,163.375,,,,,,,0.6847937518120185,0.19195140910726843,0.6755434942967964,17.646768181834254,0.004017105798773242,1,33,0.021859673783183098,0.021859673783183098,33,33,124,4,0.04412908016732245,1.0374107216343735,1.578892469406128,0.9833927427305245,0.01670666195211872,0.32045396582504465,0.17380770211680693,0.13249171129813822,"{""build_tower"":0.13249171129813822,""confirm_card_service_selection"":0.010073960724305024,""continue"":0.32045396582504465,""discard_treasure"":0.0008926294312675338,""place_tower"":0.04399387911247131,""purchase_shop_item"":0.07600102014792146,""remove_tower"":0.018235144095893906,""reroll"":0.17380770211680693,""select_card_service_card"":0.0102014792144861,""select_treasure"":0.016194848252996684,""start_defense"":0.13249171129813822,""use_inventory_item"":0.06516194848252997}",0,0,0,0,4.280900143,26.82559424
guarded_R1,klguard-r1-p2,199,124,46.49304795265198,44.0,176.5625,,,,,,,0.6353044184385899,0.18320697540587783,0.6176807756225268,16.8790344839153,0.006289883067640605,1,72,0.02244691550731659,0.02244691550731659,72,72,136,4,0.06803184478647178,1.231030345790916,4.521340847015381,0.9844008739935595,0.014425220142584294,0.2993510324483776,0.16212389380530973,0.13380530973451327,"{""build_tower"":0.13380530973451327,""confirm_card_service_selection"":0.014867256637168142,""continue"":0.2993510324483776,""discard_treasure"":0.00023598820058997051,""place_tower"":0.04519174041297935,""purchase_shop_item"":0.09050147492625368,""remove_tower"":0.014395280235988201,""reroll"":0.16212389380530973,""select_card_service_card"":0.014985250737463127,""select_treasure"":0.016047197640117992,""start_defense"":0.13380530973451327,""use_inventory_item"":0.07469026548672567}",0,0,0,0,4.974673452,43.126708896
guarded_R1,klguard-r1-p2,200,125,42.906581242879234,42.63520050048828,141.375,2.687620237469673,38.92185218632221,36.23423194885254,87,41,0,0.658824920591004,0.1597894374593887,0.6479634717106819,15.908148925303683,0.006878993160057689,1,56,0.020424317568540573,0.020424317568540573,56,56,108,4,0.06863302724169833,1.0624798546944345,2.3506176471710205,0.9837618270341427,0.01301449212607824,0.2513999410551135,0.18685529030356618,0.15384615384615385,"{""build_tower"":0.15384615384615385,""confirm_card_service_selection"":0.012083701738874153,""continue"":0.2513999410551135,""discard_treasure"":0.0007368110816386678,""place_tower"":0.04715590922487474,""purchase_shop_item"":0.08414382552313587,""remove_tower"":0.006336575302092543,""reroll"":0.18685529030356618,""select_card_service_card"":0.012083701738874153,""select_treasure"":0.018272914824638962,""start_defense"":0.15384615384615385,""use_inventory_item"":0.07323902151488358}",0,0,0,0,3.9778119739999998,34.455871899
guarded_R1,klguard-r1-p2,201,126,42.734002113342285,40.11149978637695,142.41666666666666,,,,,,,0.6249060688933489,0.159285281776447,0.6278509337593008,16.02899385065839,0.0063304047070468425,0,,,0.018880637362599373,108,108,108,4,0.06802903177837531,0.9633205679279787,1.855685830116272,0.9818399556216916,0.016314516507985967,0.27194265652428323,0.16369221767115272,0.15315974253949677,"{""build_tower"":0.15315974253949677,""confirm_card_service_selection"":0.013750731421884143,""continue"":0.27194265652428323,""discard_treasure"":0.001462843768285547,""place_tower"":0.04856641310708017,""purchase_shop_item"":0.08279695728496196,""remove_tower"":0.009069631363370393,""reroll"":0.16369221767115272,""select_card_service_card"":0.013897015798712697,""select_treasure"":0.017846693973083673,""start_defense"":0.15315974253949677,""use_inventory_item"":0.07065535400819192}",0,0,0,0,3.970727085,51.642191395
guarded_R1,klguard-r1-p2,202,127,42.76417716344198,42.956050872802734,171.3125,,,,,,,0.587854927348086,0.16561796982261537,0.6081059119280647,16.833743689462217,0.008061765535732027,1,17,0.02705274149775505,0.02705274149775505,17,17,132,4,0.0739889705882353,1.0413247627370499,1.9156701564788818,0.9828676224313277,0.015502998266707767,0.37382950261461756,0.14897239450322267,0.12708257327009606,"{""build_tower"":0.12708257327009606,""confirm_card_service_selection"":0.0134987230937614,""continue"":0.37382950261461756,""discard_treasure"":0.0012161011796181442,""place_tower"":0.0370910859783534,""purchase_shop_item"":0.07551988325428675,""remove_tower"":0.007661437431594309,""reroll"":0.14897239450322267,""select_card_service_card"":0.013620333211723215,""select_treasure"":0.014958044509303174,""start_defense"":0.12708257327009606,""use_inventory_item"":0.05946734768332725}",0,0,0,0,4.375902497,24.434891447
guarded_R1,klguard-r1-p2,203,128,43.05832286675771,42.54644966125488,147.83333333333334,,,,,,,0.6343477090934317,0.1498731614559025,0.6340550248111997,15.568193422642295,0.005957167744099934,0,,,0.013728484511375427,112,112,112,4,0.06798785658819335,1.014994468007769,2.346435785293579,0.9855998354640438,0.01326916556822003,0.28325817361894023,0.16967305524239007,0.14825253664036075,"{""build_tower"":0.14825253664036075,""confirm_card_service_selection"":0.015219842164599774,""continue"":0.28325817361894023,""discard_treasure"":0.0008455467869222097,""place_tower"":0.044532130777903044,""purchase_shop_item"":0.08201803833145434,""remove_tower"":0.0071871476888387825,""reroll"":0.16967305524239007,""select_card_service_card"":0.01536076662908681,""select_treasure"":0.018038331454340473,""start_defense"":0.14825253664036075,""use_inventory_item"":0.06736189402480271}",0,0,0,0,4.072998789,53.548618102
guarded_R1,klguard-r1-p2,204,129,43.05282704035441,42.60165023803711,155.97916666666666,,,,,,,0.6291155820724396,0.16998868829821812,0.6165954929131728,15.155229692005458,0.006079761953655039,1,39,0.026593783870339394,0.026593783870339394,39,39,120,4,0.05573997780298575,1.0015765107595003,1.7118489742279053,0.9865418944536126,0.012265817627000313,0.3148123413917457,0.1549352210498197,0.14077734740216374,"{""build_tower"":0.14077734740216374,""confirm_card_service_selection"":0.013623614264725524,""continue"":0.3148123413917457,""discard_treasure"":0.0008013890743956191,""place_tower"":0.046079871777748097,""purchase_shop_item"":0.08187525043408575,""remove_tower"":0.0072125016695605716,""reroll"":0.1549352210498197,""select_card_service_card"":0.013623614264725524,""select_treasure"":0.0166956057165754,""start_defense"":0.14077734740216374,""use_inventory_item"":0.06878589555229064}",0,0,0,0,4.164753129,27.647597822
guarded_R1,klguard-r1-p2,205,130,43.07727917035421,42.87310028076172,143.04166666666666,3.481208771467209,39.71544072031975,36.23423194885254,88,40,0,0.6376491004277142,0.14933277682881776,0.6295240985022651,14.947222812277166,0.006131727822439307,0,,,0.014363960362970829,108,108,108,4,0.0685770779296204,0.9406429534709012,1.895156979560852,0.983228991255877,0.014521717973467376,0.2563355665598602,0.1641421497232741,0.15336440431109816,"{""build_tower"":0.15336440431109816,""confirm_card_service_selection"":0.013253713952810952,""continue"":0.2563355665598602,""discard_treasure"":0.0005825808330905913,""place_tower"":0.05184969414506263,""purchase_shop_item"":0.09059131954558695,""remove_tower"":0.007864841246722983,""reroll"":0.1641421497232741,""select_card_service_card"":0.013253713952810952,""select_treasure"":0.01878823186717157,""start_defense"":0.15336440431109816,""use_inventory_item"":0.07660937955141275}",0,0,0,0,4.180087242,53.325228359
guarded_R1,klguard-r1-p2,206,131,43.18957511583964,42.7859992980957,139.60416666666666,,,,,,,0.6140755405952669,0.14519793646239254,0.6111607965495851,14.172761292893302,0.006436525568528008,0,,,0.013531230390071869,108,108,108,4,0.07536570865798879,1.0226725731734876,4.089750289916992,0.9848126941350169,0.014115019757473082,0.2447395911058051,0.16385614087449635,0.15714072526488584,"{""build_tower"":0.15714072526488584,""confirm_card_service_selection"":0.014923145799134457,""continue"":0.2447395911058051,""discard_treasure"":0.00029846291598268916,""place_tower"":0.05029100134308312,""purchase_shop_item"":0.09312042978659901,""remove_tower"":0.005820026861662438,""reroll"":0.16385614087449635,""select_card_service_card"":0.015370840173108491,""select_treasure"":0.018504700790926726,""start_defense"":0.15714072526488584,""use_inventory_item"":0.07879420981942993}",0,0,0,0,4.10918637,52.257982634
guarded_R1,klguard-r1-p2,207,132,43.60431885719299,41.94309997558594,146.64583333333334,,,,,,,0.6063762976338547,0.15117927680883103,0.6033214751098838,15.720008865653254,0.008030736369454823,0,,,0.019800586625933647,112,112,112,4,0.08578343606287879,1.0008714739233255,2.0194408893585205,0.9843731469999646,0.013666870891548959,0.2856939906236681,0.15371501633754794,0.15158403182270208,"{""build_tower"":0.15158403182270208,""confirm_card_service_selection"":0.015058957238244068,""continue"":0.2856939906236681,""discard_treasure"":0.0007103281716152863,""place_tower"":0.04602926552067055,""purchase_shop_item"":0.08637590566841881,""remove_tower"":0.005540559738599233,""reroll"":0.15371501633754794,""select_card_service_card"":0.015201022872567126,""select_treasure"":0.017900269924705215,""start_defense"":0.15158403182270208,""use_inventory_item"":0.07060662025855946}",0,0,0,0,4.171309432,54.900001037
guarded_R1,klguard-r1-p2,208,133,44.67193293571472,43.209999084472656,155.85416666666666,,,,,,,0.6038834993685688,0.154429784261062,0.5890977591276169,16.319378581067827,0.007225437588264564,0,,,0.012035352177917957,120,120,120,4,0.08068976153930028,1.0598461739718914,3.1954004764556885,0.9827440039022588,0.013936824126479527,0.2998262264403155,0.15519315599518782,0.14556877422804437,"{""build_tower"":0.14556877422804437,""confirm_card_service_selection"":0.010159069643095842,""continue"":0.2998262264403155,""discard_treasure"":0.0014703916588691352,""place_tower"":0.04772089292875284,""purchase_shop_item"":0.08568373212137415,""remove_tower"":0.006817270418393263,""reroll"":0.15519315599518782,""select_card_service_card"":0.010159069643095842,""select_treasure"":0.017243683999465312,""start_defense"":0.14556877422804437,""use_inventory_item"":0.07458895869536158}",0,0,0,0,4.419329989,56.492626771
guarded_R1,klguard-r1-p2,209,134,44.91831866900126,43.31459999084473,158.27083333333334,,,,,,,0.5749112225285465,0.14846691646367097,0.5804425286749999,16.318190579934335,0.0064146801341242584,0,,,0.015611330978572369,120,120,120,4,0.07485887818038464,1.0341015125314394,2.0738461017608643,0.9834025614886798,0.013679724058602006,0.32091615111228117,0.14176648677109385,0.14426747400289588,"{""build_tower"":0.14426747400289588,""confirm_card_service_selection"":0.012373305252073186,""continue"":0.32091615111228117,""discard_treasure"":0.000658154534684744,""place_tower"":0.04699223377649072,""purchase_shop_item"":0.08463867316045807,""remove_tower"":0.003422403580360669,""reroll"":0.14176648677109385,""select_card_service_card"":0.012504936159010136,""select_treasure"":0.016848756087929444,""start_defense"":0.14426747400289588,""use_inventory_item"":0.07134395155982624}",0,0,0,0,4.369017833,57.128674057
guarded_R1,klguard-r1-p2,210,135,46.45989998181661,43.7672004699707,164.35416666666666,3.416716679930687,39.650948628783226,36.23423194885254,91,36,1,0.5693532602373301,0.1548295352262579,0.5803751979143389,16.635840539428354,0.0063017636989130665,0,,,0.019210701808333397,124,124,124,4,0.06693364499557403,0.9998344524252799,3.4549074172973633,0.9848418260778609,0.011896236506741374,0.32450247179617187,0.13651920395487388,0.14361769552541515,"{""build_tower"":0.14361769552541515,""confirm_card_service_selection"":0.011535048802129548,""continue"":0.32450247179617187,""discard_treasure"":0.0015211053365445557,""place_tower"":0.04664723032069971,""purchase_shop_item"":0.08695652173913043,""remove_tower"":0.0045633160096336675,""reroll"":0.13651920395487388,""select_card_service_card"":0.011661807580174927,""select_treasure"":0.016351882367853975,""start_defense"":0.14361769552541515,""use_inventory_item"":0.07250602104195715}",0,0,0,0,4.417559864,59.498335888
guarded_R1,klguard-r1-p2,211,136,46.021291732788086,45.55070114135742,163.95833333333334,,,,,,,0.6053324489314087,0.17334128643828142,0.6119183191368657,17.113067185353824,0.007093200157573994,0,,,0.01915794238448143,124,124,124,4,0.07604885131361024,1.0416678997778124,2.0137975215911865,0.9817901219931009,0.013257479636869844,0.3190597204574333,0.15196950444726812,0.142566709021601,"{""build_tower"":0.142566709021601,""confirm_card_service_selection"":0.009911054637865312,""continue"":0.3190597204574333,""discard_treasure"":0.0008894536213468869,""place_tower"":0.043202033036848796,""purchase_shop_item"":0.08360864040660737,""remove_tower"":0.005844980940279542,""reroll"":0.15196950444726812,""select_card_service_card"":0.009911054637865312,""select_treasure"":0.016899618805590853,""start_defense"":0.142566709021601,""use_inventory_item"":0.0735705209656925}",0,0,0,0,4.4161567139999995,60.270818726
guarded_R1,klguard-r1-p2,212,137,45.66770839691162,44.18844985961914,172.3125,,,,,,,0.6001994819322077,0.17660862235923444,0.618396575252215,16.70568626343148,0.004512835012292271,1,12,0.02174685336649418,0.02174685336649418,12,12,132,4,0.034830729166666664,0.8808980137109756,1.1973459720611572,0.9801049886375598,0.015435420011988643,0.3434892999637287,0.14472252448313383,0.13505017531132874,"{""build_tower"":0.13505017531132874,""confirm_card_service_selection"":0.011123201547575868,""continue"":0.3434892999637287,""discard_treasure"":0.0007254261878853826,""place_tower"":0.04449280619030347,""purchase_shop_item"":0.08366582033611414,""remove_tower"":0.004110748398017169,""reroll"":0.14472252448313383,""select_card_service_card"":0.011244105912223431,""select_treasure"":0.016442993592068675,""start_defense"":0.13505017531132874,""use_inventory_item"":0.06988272276629186}",0,0,0,0,4.639146452,23.385607541
guarded_R1,klguard-r1-p2,213,138,44.25813317298889,43.211801528930664,149.08333333333334,,,,,,,0.6521760348543403,0.16332824664513076,0.6471472994557449,16.23054865211909,0.006359418222814384,0,,,0.014937715604901314,112,112,112,4,0.07369559155111867,0.9776741825044155,1.8248344659805298,0.985107031151205,0.012480702313561258,0.26984348798211294,0.17160424818334266,0.15106204583566238,"{""build_tower"":0.15106204583566238,""confirm_card_service_selection"":0.010760201229737284,""continue"":0.26984348798211294,""discard_treasure"":0.000698714365567356,""place_tower"":0.044717719396310786,""purchase_shop_item"":0.08859698155394075,""remove_tower"":0.004052543320290665,""reroll"":0.17160424818334266,""select_card_service_card"":0.010760201229737284,""select_treasure"":0.01830631637786473,""start_defense"":0.15106204583566238,""use_inventory_item"":0.07853549468977082}",0,0,0,0,4.1535519579999995,52.512057638
guarded_R1,klguard-r1-p2,214,139,42.220812479654946,40.28330039978027,137.04166666666666,,,,,,,0.666879210020039,0.16826263644438688,0.6681426402467948,15.57350885194106,0.006928949736150641,0,,,0.013551270589232445,104,104,104,4,0.0814691146190923,1.03459965552275,1.7245749235153198,0.9861411157260609,0.011154868917611357,0.2557008209182122,0.16996047430830039,0.15719063545150502,"{""build_tower"":0.15719063545150502,""confirm_card_service_selection"":0.00896929157798723,""continue"":0.2557008209182122,""discard_treasure"":0.0018242626938279112,""place_tower"":0.05001520218911523,""purchase_shop_item"":0.08650045606567346,""remove_tower"":0.006384919428397689,""reroll"":0.16996047430830039,""select_card_service_card"":0.009121313469139556,""select_treasure"":0.01839464882943144,""start_defense"":0.15719063545150502,""use_inventory_item"":0.07874733961690483}",0,0,0,0,3.866429637,50.961370302
guarded_R1,klguard-r1-p2,215,140,44.97211456298828,43.468000411987305,142.41666666666666,3.39596264064312,39.63019458949566,36.23423194885254,93,35,0,0.6716944261766955,0.17261429838198047,0.6607335579616053,15.940255595943235,0.007798572792311192,0,,,0.017511701211333275,108,108,108,4,0.08692210012425979,1.0193066997108635,2.263516902923584,0.9840302558004629,0.014484975374890146,0.23039789350497367,0.17290813341135167,0.1604739613809245,"{""build_tower"":0.1604739613809245,""confirm_card_service_selection"":0.011702750146284377,""continue"":0.23039789350497367,""discard_treasure"":0.0007314218841427735,""place_tower"":0.05046811000585138,""purchase_shop_item"":0.09449970743124635,""remove_tower"":0.0042422469280280865,""reroll"":0.17290813341135167,""select_card_service_card"":0.011702750146284377,""select_treasure"":0.019016968987712112,""start_defense"":0.1604739613809245,""use_inventory_item"":0.08338209479227618}",0,0,0,0,4.119105618,52.527259401
guarded_R1,klguard-r1-p2,216,141,46.14641888936361,45.476449966430664,159.0,,,,,,,0.6695424339222045,0.17793365554888274,0.6786443999835423,17.228933013320834,0.008374102143023351,1,105,0.039055995643138885,0.039055995643138885,105,105,120,4,0.08315018316109975,1.0808185032435826,4.672823429107666,0.9822993888418506,0.014816654531750828,0.269916142557652,0.17911425576519915,0.14753668763102726,"{""build_tower"":0.14753668763102726,""confirm_card_service_selection"":0.009827044025157232,""continue"":0.269916142557652,""discard_treasure"":0.0007861635220125787,""place_tower"":0.045990566037735846,""purchase_shop_item"":0.09001572327044025,""remove_tower"":0.002489517819706499,""reroll"":0.17911425576519915,""select_card_service_card"":0.009827044025157232,""select_treasure"":0.017557651991614256,""start_defense"":0.14753668763102726,""use_inventory_item"":0.07940251572327044}",0,0,0,0,4.476293296,52.117220755
guarded_R1,klguard-r1-p2,217,142,45.56943519910177,43.91144943237305,163.35416666666666,,,,,,,0.6519882746412999,0.19320524769594172,0.6343536271202949,17.491715025866927,0.007577136900504082,0,,,0.018282191827893257,124,124,124,4,0.08536870278898746,0.9872801753301774,2.0125205516815186,0.9832702959394592,0.013699751167047408,0.316668792245887,0.16502997066700675,0.1418186455809208,"{""build_tower"":0.1418186455809208,""confirm_card_service_selection"":0.010457849764060707,""continue"":0.316668792245887,""discard_treasure"":0.0010202780257620202,""place_tower"":0.04501976788674914,""purchase_shop_item"":0.0786889427368958,""remove_tower"":0.0030608340772860605,""reroll"":0.16502997066700675,""select_card_service_card"":0.010457849764060707,""select_treasure"":0.016451983165412576,""start_defense"":0.1418186455809208,""use_inventory_item"":0.06950644050503763}",0,0,0,0,4.534042211,56.605289164
guarded_R1,klguard-r1-p2,218,143,44.07820415496826,43.210248947143555,166.52083333333334,,,,,,,0.6116454481909307,0.18279554071602927,0.608352228300646,17.110646339967655,0.007439189191245532,0,,,0.018966520205140114,128,128,128,4,0.07723463629372418,1.0563650499098003,2.8768234252929688,0.9845203301985493,0.014234420155844418,0.34129863630676843,0.16076566996121605,0.13436757162517202,"{""build_tower"":0.13436757162517202,""confirm_card_service_selection"":0.011134742900037534,""continue"":0.34129863630676843,""discard_treasure"":0.0,""place_tower"":0.041786563242837485,""purchase_shop_item"":0.07831852871262354,""remove_tower"":0.0033779557112473416,""reroll"":0.16076566996121605,""select_card_service_card"":0.011134742900037534,""select_treasure"":0.016139121731515077,""start_defense"":0.13436757162517202,""use_inventory_item"":0.06730889528337296}",0,0,0,0,4.45789398,58.656610791
guarded_R1,klguard-r1-p2,219,144,45.89258154233297,43.736501693725586,173.25,,,,,,,0.6065964917143226,0.17362406418013665,0.6287847315992108,16.896040516617507,0.007256897095326618,1,131,0.02133704349398613,0.02133704349398613,131,131,132,4,0.07058663961996559,1.1045875653965782,2.410449981689453,0.9839674012867629,0.01519561828480977,0.3284030784030784,0.16414141414141414,0.1348003848003848,"{""build_tower"":0.1348003848003848,""confirm_card_service_selection"":0.015271765271765271,""continue"":0.3284030784030784,""discard_treasure"":0.0008417508417508417,""place_tower"":0.03823953823953824,""purchase_shop_item"":0.08405483405483405,""remove_tower"":0.001443001443001443,""reroll"":0.16414141414141414,""select_card_service_card"":0.015392015392015393,""select_treasure"":0.015271765271765271,""start_defense"":0.1348003848003848,""use_inventory_item"":0.06734006734006734}",0,0,0,0,4.680975663,63.118100981
guarded_R1,klguard-r1-p2,220,145,44.74307688077291,43.30965042114258,149.25,4.661632224917412,40.89586417376995,36.23423194885254,96,32,0,0.6358543343496444,0.17379860898350066,0.6313243412545749,15.935660051158278,0.007905989743254136,0,,,0.01750139333307743,112,112,112,4,0.08466586510517768,0.9936541148594448,1.6741390228271484,0.9835919855447365,0.013614108486633216,0.27065884980457844,0.1605248464544947,0.15298715801228363,"{""build_tower"":0.15298715801228363,""confirm_card_service_selection"":0.012144053601340033,""continue"":0.27065884980457844,""discard_treasure"":0.001256281407035176,""place_tower"":0.049413735343383586,""purchase_shop_item"":0.08877721943048576,""remove_tower"":0.004048017867113345,""reroll"":0.1605248464544947,""select_card_service_card"":0.012144053601340033,""select_treasure"":0.018006700167504188,""start_defense"":0.15298715801228363,""use_inventory_item"":0.07705192629815745}",0,0,0,0,4.162491481,55.721056157
guarded_R1,klguard-r1-p2,221,146,48.01681248346964,45.09910011291504,175.29166666666666,,,,,,,0.6071747516631473,0.19213983076796395,0.6104826910628213,17.867543917954162,0.007445002179287662,1,72,0.028624402359128,0.028624402359128,72,72,132,4,0.07185505816919936,0.9813650585711002,1.8726770877838135,0.9834698715831298,0.013461144362350531,0.31209888281435705,0.14416448775849774,0.13869740908010458,"{""build_tower"":0.13869740908010458,""confirm_card_service_selection"":0.013667696695982886,""continue"":0.31209888281435705,""discard_treasure"":0.0007130972189208462,""place_tower"":0.04528167340147374,""purchase_shop_item"":0.09329688614214404,""remove_tower"":0.005585928214879962,""reroll"":0.14416448775849774,""select_card_service_card"":0.013905395768956502,""select_treasure"":0.01652008557166627,""start_defense"":0.13869740908010458,""use_inventory_item"":0.07737104825291181}",0,0,0,0,4.828134745,46.996327967
guarded_R1,klguard-r1-p2,222,147,44.20077077547709,42.11289978027344,149.97916666666666,,,,,,,0.6305554041735136,0.1940934312839027,0.6353898436344904,17.116583762733814,0.008106302209131987,0,,,0.017882542684674263,116,116,116,4,0.08099820105166271,1.0611200173353326,2.512195587158203,0.9817740028484886,0.012480486870807564,0.2765661897485762,0.15627170440338936,0.14974301986386998,"{""build_tower"":0.14974301986386998,""confirm_card_service_selection"":0.009167939991665508,""continue"":0.2765661897485762,""discard_treasure"":0.0006945409084595083,""place_tower"":0.04820113904708987,""purchase_shop_item"":0.08848451173774136,""remove_tower"":0.013890818169190165,""reroll"":0.15627170440338936,""select_card_service_card"":0.009167939991665508,""select_treasure"":0.01736352271148771,""start_defense"":0.14974301986386998,""use_inventory_item"":0.08070565356299486}",0,0,0,0,4.153848143,55.209833201
guarded_R1,klguard-r1-p2,223,148,43.87761449813843,43.38945007324219,158.0625,,,,,,,0.6262941795914618,0.20639940250490016,0.6315387268861135,17.351639668477286,0.007163925144717117,0,,,0.016407975926995277,120,120,120,4,0.07590506778409084,1.0279094845056533,1.681795597076416,0.9848682915219726,0.011844337948908408,0.3147489126136813,0.14854356135494926,0.14182153683933044,"{""build_tower"":0.14182153683933044,""confirm_card_service_selection"":0.010280743376828785,""continue"":0.3147489126136813,""discard_treasure"":0.0026360880453407142,""place_tower"":0.04389086595492289,""purchase_shop_item"":0.08040068538289179,""remove_tower"":0.017002767892447607,""reroll"":0.14854356135494926,""select_card_service_card"":0.010280743376828785,""select_treasure"":0.017134572294714642,""start_defense"":0.14182153683933044,""use_inventory_item"":0.07143798602873336}",0,0,0,0,4.181244388,53.663592153
guarded_R1,klguard-r1-p2,224,149,45.09287937482198,44.48604965209961,162.95833333333334,,,,,,,0.6100083098861816,0.2132859292920276,0.6041084133809612,16.726754825462283,0.007500763327478184,0,,,0.016803869977593422,124,124,124,4,0.07653037674965397,1.0329052753025485,1.7037416696548462,0.9856812750703392,0.010097314780127377,0.3252365124009205,0.14254666325747892,0.14062899514190744,"{""build_tower"":0.14062899514190744,""confirm_card_service_selection"":0.011889542316543083,""continue"":0.3252365124009205,""discard_treasure"":0.0014062899514190744,""place_tower"":0.03988749680388647,""purchase_shop_item"":0.08284326259268729,""remove_tower"":0.01585272308872411,""reroll"":0.14254666325747892,""select_card_service_card"":0.011889542316543083,""select_treasure"":0.016875479417028893,""start_defense"":0.14062899514190744,""use_inventory_item"":0.07031449757095372}",0,0,0,0,4.348082419,56.88715677
guarded_R1,klguard-r1-p2,225,150,44.22222069899241,43.475799560546875,156.125,6.721533447504044,42.95576539635658,36.23423194885254,105,23,0,0.6045179694040284,0.21243787091694494,0.6122839489044287,17.943070132934977,0.006649757735990884,1,39,0.02094232104718685,0.02094232104718685,39,39,120,4,0.06462912089549579,1.1140766143798828,3.1453802585601807,0.9851452128747697,0.01146211604354903,0.31171603949826526,0.13424072591406458,0.14438217240459034,"{""build_tower"":0.14438217240459034,""confirm_card_service_selection"":0.0114758473445423,""continue"":0.31171603949826526,""discard_treasure"":0.0014678409394182012,""place_tower"":0.045636509207365894,""purchase_shop_item"":0.08513477448625567,""remove_tower"":0.019081932212436616,""reroll"":0.13424072591406458,""select_card_service_card"":0.0114758473445423,""select_treasure"":0.016813450760608487,""start_defense"":0.14438217240459034,""use_inventory_item"":0.07419268748331999}",0,0,0,0,4.13559277,27.631587294
guarded_R1,klguard-r1-p2,226,151,42.62058146794637,41.389299392700195,143.72916666666666,,,,,,,0.6624905679334165,0.22825647467428717,0.6641734412738255,15.753970300252725,0.008763773549747254,1,49,0.021489737555384636,0.021489737555384636,49,49,108,4,0.07868434792878676,1.205701470375061,2.827335834503174,0.982618279989849,0.013210846063749934,0.26656037106827074,0.1487172053920858,0.15103638208436004,"{""build_tower"":0.15103638208436004,""confirm_card_service_selection"":0.010581243658501232,""continue"":0.26656037106827074,""discard_treasure"":0.0011595883461371214,""place_tower"":0.044934048412813454,""purchase_shop_item"":0.08638933178721554,""remove_tower"":0.03493259892738078,""reroll"":0.1487172053920858,""select_card_service_card"":0.010581243658501232,""select_treasure"":0.01753877373532396,""start_defense"":0.15103638208436004,""use_inventory_item"":0.07653283084505001}",0,0,0,0,3.941259958,30.081297584
guarded_R1,klguard-r1-p2,227,152,43.09625244140625,42.57870101928711,149.5625,,,,,,,0.6293368541475032,0.2130809476234496,0.6163307444469349,16.062103705004397,0.006574176769315481,1,74,0.02744879387319088,0.02744879387319088,74,74,116,4,0.06540329391891891,1.1018445838142086,3.659595251083374,0.9823593808209458,0.0131632345788791,0.2971165900543251,0.15224961693829225,0.146817105446441,"{""build_tower"":0.146817105446441,""confirm_card_service_selection"":0.010865022983702465,""continue"":0.2971165900543251,""discard_treasure"":0.001392951664577239,""place_tower"":0.042206435436690344,""purchase_shop_item"":0.08218414821005711,""remove_tower"":0.019779913636996795,""reroll"":0.15224961693829225,""select_card_service_card"":0.010865022983702465,""select_treasure"":0.017272600640757765,""start_defense"":0.146817105446441,""use_inventory_item"":0.07243348655801643}",0,0,0,0,3.995393056,38.736639816
guarded_R1,klguard-r1-p2,228,153,42.94890030225118,41.03365135192871,142.0,,,,,,,0.5929732131175883,0.1681753709651758,0.5761535013163531,15.719098199483026,0.006960823262488702,0,,,0.013976137153804302,108,108,108,4,0.07284432866921027,0.9822522666719224,1.818952202796936,0.9844315718905334,0.011595028607795635,0.267018779342723,0.16211854460093897,0.15375586854460094,"{""build_tower"":0.15375586854460094,""confirm_card_service_selection"":0.014818075117370893,""continue"":0.267018779342723,""discard_treasure"":0.0019072769953051643,""place_tower"":0.047828638497652586,""purchase_shop_item"":0.08494718309859155,""remove_tower"":0.008949530516431926,""reroll"":0.16211854460093897,""select_card_service_card"":0.014964788732394365,""select_treasure"":0.018192488262910797,""start_defense"":0.15375586854460094,""use_inventory_item"":0.07174295774647887}",0,0,0,0,4.039338207,52.009369835
guarded_R1,klguard-r1-p2,229,154,43.414945681889854,42.19814872741699,142.41666666666666,,,,,,,0.5862236842208979,0.17776551490214026,0.5835156382785903,16.02880881804555,0.0062130423578276315,0,,,0.0192155409604311,108,108,108,4,0.07167808007862833,1.015782888840746,2.7032742500305176,0.9856737579182828,0.012330288179563704,0.2630193095377414,0.15272088940901113,0.15476887068461087,"{""build_tower"":0.15476887068461087,""confirm_card_service_selection"":0.01243417203042715,""continue"":0.2630193095377414,""discard_treasure"":0.0007314218841427735,""place_tower"":0.05310122878876536,""purchase_shop_item"":0.09069631363370392,""remove_tower"":0.00746050321825629,""reroll"":0.15272088940901113,""select_card_service_card"":0.012580456407255705,""select_treasure"":0.018431831480397894,""start_defense"":0.15476887068461087,""use_inventory_item"":0.07928613224107665}",0,0,0,0,4.142014964,55.162794728
guarded_R1,klguard-r1-p2,230,155,47.05725415547689,44.313798904418945,163.22916666666666,8.02986654639244,44.26409849524498,36.23423194885254,116,12,0,0.5849966853607027,0.1836277706071499,0.6042988261868877,16.75987816224784,0.007057414394466832,0,,,0.01971190609037876,124,124,124,4,0.07336169192867895,1.0032546724523268,1.822519063949585,0.9831213779478604,0.013275006891138131,0.2834716017868539,0.1683471601786854,0.14664964901084876,"{""build_tower"":0.14664964901084876,""confirm_card_service_selection"":0.010082961072112316,""continue"":0.2834716017868539,""discard_treasure"":0.0017868538608806638,""place_tower"":0.04569240587109126,""purchase_shop_item"":0.08666241225271219,""remove_tower"":0.006764518187619656,""reroll"":0.1683471601786854,""select_card_service_card"":0.010082961072112316,""select_treasure"":0.01761327377153797,""start_defense"":0.14664964901084876,""use_inventory_item"":0.07619655392469687}",0,0,0,0,4.831895803,61.770292759
guarded_R1,klguard-r1-p2,231,156,45.29907902081808,44.0,147.60416666666666,,,,,,,0.6227522721069965,0.19181680453294397,0.6206153768007873,17.335579340832407,0.006328695426243373,1,61,0.02059023268520832,0.02059023268520832,61,61,112,4,0.06998158099709964,1.077527524995022,2.3265655040740967,0.9816206574849933,0.015927541319147816,0.2537755822159492,0.17586450247000707,0.1559633027522936,"{""build_tower"":0.1559633027522936,""confirm_card_service_selection"":0.007621736062103035,""continue"":0.2537755822159492,""discard_treasure"":0.0009880028228652082,""place_tower"":0.04855328158080452,""purchase_shop_item"":0.08652081863091038,""remove_tower"":0.008186309103740297,""reroll"":0.17586450247000707,""select_card_service_card"":0.007621736062103035,""select_treasure"":0.018489767113620326,""start_defense"":0.1559633027522936,""use_inventory_item"":0.08045165843330981}",0,0,0,0,4.22573112,37.289772551
guarded_R1,klguard-r1-p2,232,157,48.21292916933695,47.55229949951172,171.41666666666666,,,,,,,0.6187875397044017,0.19195346622336712,0.6296714508172238,17.813297805865222,0.004630598418853796,1,33,0.020635683089494705,0.020635683089494705,33,33,132,4,0.04986058502937808,1.2323178992126926,3.9005813598632812,0.9839062380004054,0.0134353917197917,0.27916869227029656,0.1810889645114244,0.14280505590666018,"{""build_tower"":0.14280505590666018,""confirm_card_service_selection"":0.008750607681088965,""continue"":0.27916869227029656,""discard_treasure"":0.001336898395721925,""place_tower"":0.04484686436558094,""purchase_shop_item"":0.08957219251336898,""remove_tower"":0.0053475935828877,""reroll"":0.1810889645114244,""select_card_service_card"":0.008750607681088965,""select_treasure"":0.01665046183762761,""start_defense"":0.14280505590666018,""use_inventory_item"":0.07887700534759358}",0,0,0,0,4.932447178,28.942399443
guarded_R1,klguard-r1-p2,233,158,45.647693832715355,45.1109504699707,153.35416666666666,,,,,,,0.6264845627960195,0.18524027555605213,0.604986971616745,16.11312568183487,0.008974189351768776,1,30,0.02245275303721428,0.02245275303721428,30,30,116,4,0.08161363899707794,1.0858780125776926,1.7167361974716187,0.9834586042582529,0.013572650363443997,0.24915093058008422,0.18598016573835077,0.15106643119141422,"{""build_tower"":0.15106643119141422,""confirm_card_service_selection"":0.008015215324004892,""continue"":0.24915093058008422,""discard_treasure"":0.0006792555359326179,""place_tower"":0.049993207444640676,""purchase_shop_item"":0.0904768373862247,""remove_tower"":0.006656704252139655,""reroll"":0.18598016573835077,""select_card_service_card"":0.008015215324004892,""select_treasure"":0.01752479282706154,""start_defense"":0.15106643119141422,""use_inventory_item"":0.08137481320472761}",0,0,0,0,4.368016377,27.115753205
guarded_R1,klguard-r1-p2,234,159,45.35009161631266,43.73685073852539,145.54166666666666,,,,,,,0.590033432279382,0.1659503428468773,0.5913113675466398,15.534559780455838,0.006553778862303816,1,41,0.035476259887218475,0.035476259887218475,41,41,112,4,0.06157558084261126,1.0608683141266428,1.7768806219100952,0.9792518237957059,0.01690444552306352,0.2201545949040939,0.18408245061551676,0.15831663326653306,"{""build_tower"":0.15831663326653306,""confirm_card_service_selection"":0.010306326939593472,""continue"":0.2201545949040939,""discard_treasure"":0.00042943028914972805,""place_tower"":0.052247351846550244,""purchase_shop_item"":0.09733753220727169,""remove_tower"":0.00429430289149728,""reroll"":0.18408245061551676,""select_card_service_card"":0.010306326939593472,""select_treasure"":0.01903807615230461,""start_defense"":0.15831663326653306,""use_inventory_item"":0.08517034068136273}",0,0,0,0,4.302564804,31.041919919
guarded_R1,klguard-r1-p2,235,160,46.370916763941445,44.57054901123047,148.35416666666666,9.156639993190765,45.390871942043304,36.23423194885254,122,6,0,0.5716658141230327,0.166079001524093,0.5746539598558007,14.738999736028926,0.0071795197030418995,1,41,0.0204912219196558,0.0204912219196558,41,41,112,4,0.06245213492614467,0.9615190363511806,1.794664740562439,0.983461588161427,0.013645262648684106,0.2300238730515377,0.16233675045639656,0.15896643729813228,"{""build_tower"":0.15896643729813228,""confirm_card_service_selection"":0.008144923465805365,""continue"":0.2300238730515377,""discard_treasure"":0.0008425782895660722,""place_tower"":0.05532930768150541,""purchase_shop_item"":0.10251369189720545,""remove_tower"":0.0033703131582642886,""reroll"":0.16233675045639656,""select_card_service_card"":0.008144923465805365,""select_treasure"":0.018677152085381267,""start_defense"":0.15896643729813228,""use_inventory_item"":0.09268361185226794}",0,0,0,0,4.417544981,30.688011083
guarded_R1,klguard-r1-p2,236,161,43.166548093159996,42.23310089111328,135.125,,,,,,,0.5795249732835913,0.1590526926442641,0.5757076859474182,15.86576366730879,0.007191308593064605,1,85,0.02219429425895214,0.02219429425895214,85,85,104,4,0.0778802582884536,0.9028967292869792,1.7619978189468384,0.9809239471597387,0.016924707174229506,0.25131051495528833,0.16265803268578477,0.16234967622571692,"{""build_tower"":0.16234967622571692,""confirm_card_service_selection"":0.006629663891458526,""continue"":0.25131051495528833,""discard_treasure"":0.000770891150169596,""place_tower"":0.05658341042244835,""purchase_shop_item"":0.08711069996916436,""remove_tower"":0.003083564600678384,""reroll"":0.16265803268578477,""select_card_service_card"":0.006629663891458526,""select_treasure"":0.018809744064138142,""start_defense"":0.16234967622571692,""use_inventory_item"":0.08171446191797718}",0,0,0,0,3.924307567,43.589450225
guarded_R1,klguard-r1-p2,237,162,47.7660436630249,48.0,150.3125,,,,,,,0.5941594524619161,0.15822721388260297,0.5936697834524615,16.839615138048778,0.007801560001396489,0,,,0.018093466758728027,116,116,116,4,0.07748589961757434,1.0276963512959152,3.123657464981079,0.9816147795857759,0.015450007073452761,0.24476784476784477,0.17422037422037423,0.1611919611919612,"{""build_tower"":0.1611919611919612,""confirm_card_service_selection"":0.008038808038808038,""continue"":0.24476784476784477,""discard_treasure"":0.0009702009702009702,""place_tower"":0.0498960498960499,""purchase_shop_item"":0.08884268884268884,""remove_tower"":0.002079002079002079,""reroll"":0.17422037422037423,""select_card_service_card"":0.008038808038808038,""select_treasure"":0.01857241857241857,""start_defense"":0.1611919611919612,""use_inventory_item"":0.08218988218988219}",0,0,0,0,4.450998279,57.923641668
guarded_R1,klguard-r1-p2,238,163,47.34422485033671,45.64080047607422,155.33333333333334,,,,,,,0.5839133087971207,0.159358936046367,0.5789300084930576,17.884407161043598,0.005893316057266281,1,73,0.023608116433024406,0.023608116433024406,73,73,120,4,0.06533604452054795,1.0332877562470633,2.154406785964966,0.9805392714950203,0.01701693159605687,0.26381437768240346,0.16335836909871246,0.15517703862660945,"{""build_tower"":0.15517703862660945,""confirm_card_service_selection"":0.0065718884120171675,""continue"":0.26381437768240346,""discard_treasure"":0.0002682403433476395,""place_tower"":0.0529774678111588,""purchase_shop_item"":0.09146995708154507,""remove_tower"":0.0022800429184549357,""reroll"":0.16335836909871246,""select_card_service_card"":0.0065718884120171675,""select_treasure"":0.017972103004291844,""start_defense"":0.15517703862660945,""use_inventory_item"":0.08436158798283262}",0,0,0,0,4.5479892809999996,43.662135385
guarded_R1,klguard-r1-p2,239,164,48.18579832712809,46.190799713134766,172.79166666666666,,,,,,,0.5673807964090447,0.16086711055070438,0.5765998728489607,19.120654937882822,0.006010892335121099,1,89,0.022008880972862244,0.022008880972862244,89,89,132,4,0.06619282194486495,1.0760634273625491,2.7327187061309814,0.9812531711199852,0.01692406543191861,0.31504702194357365,0.15830721003134796,0.14154810706534846,"{""build_tower"":0.14154810706534846,""confirm_card_service_selection"":0.006269592476489028,""continue"":0.31504702194357365,""discard_treasure"":0.0003617072582589824,""place_tower"":0.047021943573667714,""purchase_shop_item"":0.08524234386303352,""remove_tower"":0.0024113817217265494,""reroll"":0.15830721003134796,""select_card_service_card"":0.006269592476489028,""select_treasure"":0.0171208102242585,""start_defense"":0.14154810706534846,""use_inventory_item"":0.07885218230045817}",0,0,0,0,4.710283143,49.273470513
guarded_R1,klguard-r1-p2,240,165,48.196666876475014,49.22775077819824,175.85416666666666,8.687200993299484,44.92143294215202,36.23423194885254,117,11,0,0.5580272813301654,0.16603088221816928,0.562846600157874,18.95321274476419,0.007321576914927434,1,105,0.021355805918574333,0.021355805918574333,105,105,132,4,0.0753085257042022,1.0710680865106128,2.0745832920074463,0.9846117545802959,0.014317503819863001,0.3360976187655491,0.1506930458476484,0.1394384551593413,"{""build_tower"":0.1394384551593413,""confirm_card_service_selection"":0.00521265252932117,""continue"":0.3360976187655491,""discard_treasure"":0.0005923468783319512,""place_tower"":0.0460845871342258,""purchase_shop_item"":0.08162539983414287,""remove_tower"":0.0027247956403269754,""reroll"":0.1506930458476484,""select_card_service_card"":0.00521265252932117,""select_treasure"":0.016585712593294635,""start_defense"":0.1394384551593413,""use_inventory_item"":0.07629427792915532}",0,0,0,0,4.778051679,53.53528796
guarded_R1,klguard-r1-p2,241,166,48.35702919960022,47.552249908447266,176.5625,,,,,,,0.5941734026075348,0.17124715962282563,0.5995520427823067,19.385692203170684,0.0041106604783180956,1,16,0.022022994235157967,0.022022994235157967,16,16,136,4,0.03515625,1.2781073041260242,2.2246599197387695,0.983327815540094,0.012198679029311547,0.3181120943952802,0.17168141592920355,0.13958702064896755,"{""build_tower"":0.13958702064896755,""confirm_card_service_selection"":0.003303834808259587,""continue"":0.3181120943952802,""discard_treasure"":0.00023598820058997051,""place_tower"":0.04578171091445428,""purchase_shop_item"":0.08141592920353982,""remove_tower"":0.002831858407079646,""reroll"":0.17168141592920355,""select_card_service_card"":0.003303834808259587,""select_treasure"":0.01640117994100295,""start_defense"":0.13958702064896755,""use_inventory_item"":0.07775811209439527}",0,0,0,0,4.879718814,26.024017147
guarded_R1,klguard-r1-p2,242,167,46.98998339970907,44.375,171.22916666666666,,,,,,,0.6040992487497095,0.18216722208563418,0.6087916098309286,19.05591241737912,0.006893426918347332,0,,,0.016247037798166275,132,132,132,4,0.07276541457483263,1.1632891387650461,4.1966633796691895,0.9851464513831247,0.012019877787679434,0.3230319990266456,0.15963012531938192,0.13943302104878938,"{""build_tower"":0.13943302104878938,""confirm_card_service_selection"":0.004623433507726001,""continue"":0.3230319990266456,""discard_treasure"":0.0003650079085046843,""place_tower"":0.047937705316948534,""purchase_shop_item"":0.0833434724419029,""remove_tower"":0.003041732570872369,""reroll"":0.15963012531938192,""select_card_service_card"":0.004623433507726001,""select_treasure"":0.016182017277041,""start_defense"":0.13943302104878938,""use_inventory_item"":0.07835503102567222}",0,0,0,0,4.692418129,62.332681347
guarded_R1,klguard-r1-p2,243,168,48.54087885220846,46.918901443481445,182.58333333333334,,,,,,,0.5927266589556675,0.17909787793222223,0.5820707453148706,19.67818478116297,0.008147343403288687,0,,,0.01693713106215,140,140,140,4,0.08509300599939057,1.1345460487263543,2.817767858505249,0.983950354933477,0.012899046846931534,0.34847101780009127,0.1615700593336376,0.13498402555910544,"{""build_tower"":0.13498402555910544,""confirm_card_service_selection"":0.005362848014605203,""continue"":0.34847101780009127,""discard_treasure"":0.00034230944774075767,""place_tower"":0.04233226837060703,""purchase_shop_item"":0.0765632131446828,""remove_tower"":0.0038795070743952533,""reroll"":0.1615700593336376,""select_card_service_card"":0.005362848014605203,""select_treasure"":0.01574623459607485,""start_defense"":0.13498402555910544,""use_inventory_item"":0.07040164308534916}",0,0,0,0,5.016777301,70.414097
guarded_R1,klguard-r1-p2,244,169,43.54645832379659,42.937049865722656,163.4375,,,,,,,0.5815325445120603,0.1796014941295135,0.5720684645431382,20.553100360554254,0.0060464069619705525,1,84,0.021256979554891586,0.021256979554891586,84,84,124,4,0.06584483225430761,1.1274367982432956,2.9454970359802246,0.9873332795394582,0.01121354351691421,0.3608667941363926,0.16290630975143403,0.13562778840025494,"{""build_tower"":0.13562778840025494,""confirm_card_service_selection"":0.0036966220522625876,""continue"":0.3608667941363926,""discard_treasure"":0.0007648183556405354,""place_tower"":0.04397705544933078,""purchase_shop_item"":0.06819630337794774,""remove_tower"":0.0034416826003824093,""reroll"":0.16290630975143403,""select_card_service_card"":0.0036966220522625876,""select_treasure"":0.01631612492033142,""start_defense"":0.13562778840025494,""use_inventory_item"":0.06488209050350542}",0,0,0,0,4.26217449,42.470148919
guarded_R1,klguard-r1-p2,245,170,47.408969004948936,45.18964958190918,188.02083333333334,6.186365753412247,42.420597702264786,36.23423194885254,105,23,0,0.5573710845570613,0.1789048628137698,0.5604699336820178,20.29121460722873,0.00693211438474211,0,,,0.018436510115861893,144,144,144,4,0.07583842486039633,1.1562154756651983,3.0259478092193604,0.9890322616401127,0.010365343005913828,0.3984487534626039,0.15722991689750693,0.12797783933518006,"{""build_tower"":0.12797783933518006,""confirm_card_service_selection"":0.0014404432132963988,""continue"":0.3984487534626039,""discard_treasure"":0.00022160664819944597,""place_tower"":0.03844875346260388,""purchase_shop_item"":0.06504155124653739,""remove_tower"":0.003213296398891967,""reroll"":0.15722991689750693,""select_card_service_card"":0.0014404432132963988,""select_treasure"":0.015069252077562326,""start_defense"":0.12797783933518006,""use_inventory_item"":0.06349030470914127}",0,0,0,0,4.815321064,65.704053247
guarded_R1,klguard-r1-p2,246,171,48.75954381624857,49.52640151977539,190.25,,,,,,,0.5508876417618289,0.17452372921129283,0.5607015074541172,20.43677729151106,0.007280891066860325,0,,,0.014488433487713337,144,144,144,4,0.07784363901656535,1.0632792851991124,2.696166515350342,0.9867095970047199,0.011011255905032158,0.3793254489706526,0.16130091984231273,0.13009198423127463,"{""build_tower"":0.13009198423127463,""confirm_card_service_selection"":0.002518615856329391,""continue"":0.3793254489706526,""discard_treasure"":0.0002190100744634253,""place_tower"":0.04204993429697766,""purchase_shop_item"":0.067455102934735,""remove_tower"":0.0027376259307928166,""reroll"":0.16130091984231273,""select_card_service_card"":0.002518615856329391,""select_treasure"":0.015549715286903198,""start_defense"":0.13009198423127463,""use_inventory_item"":0.06614104248795445}",0,0,0,0,4.954564575,67.318505622
guarded_R1,klguard-r1-p2,247,172,45.89935843149821,43.73325157165527,188.29166666666666,,,,,,,0.5501696306305531,0.17982051164122814,0.5373596186853118,20.77399247603264,0.007707977222935369,0,,,0.018005406484007835,144,144,144,4,0.08056014631357458,1.1300418292068772,3.5638351440429688,0.9871667310528995,0.011190250632353127,0.40451427306926313,0.1572250497897765,0.1240318654569595,"{""build_tower"":0.1240318654569595,""confirm_card_service_selection"":0.003540606328833813,""continue"":0.40451427306926313,""discard_treasure"":0.00011064394777605666,""place_tower"":0.03695507855720292,""purchase_shop_item"":0.06472670944899314,""remove_tower"":0.004978977649922549,""reroll"":0.1572250497897765,""select_card_service_card"":0.003540606328833813,""select_treasure"":0.014936932949767648,""start_defense"":0.1240318654569595,""use_inventory_item"":0.06140739101571144}",0,0,0,0,4.785859117,64.480702067
guarded_R1,klguard-r1-p2,248,173,47.12214605013529,46.139699935913086,196.72916666666666,,,,,,,0.5539570595915796,0.17964946224365866,0.5524972478548685,20.614163912918865,0.007205267503498665,1,57,0.02259443700313568,0.02259443700313568,57,57,148,4,0.07723862939236457,1.2328688031748722,3.521484851837158,0.9878194705827261,0.01078598540452485,0.4035793709626178,0.16647251932648524,0.12146563592078788,"{""build_tower"":0.12146563592078788,""confirm_card_service_selection"":0.0025415651805570263,""continue"":0.4035793709626178,""discard_treasure"":0.0003176956475696283,""place_tower"":0.03886476755268453,""purchase_shop_item"":0.06343323096473578,""remove_tower"":0.003176956475696283,""reroll"":0.16647251932648524,""select_card_service_card"":0.0025415651805570263,""select_treasure"":0.014190405591443397,""start_defense"":0.12146563592078788,""use_inventory_item"":0.06195065127607752}",0,0,0,0,5.055479966,42.572443394
guarded_R1,klguard-r1-p2,249,174,46.44393722216288,43.64949989318848,180.6875,,,,,,,0.5592814968214714,0.18116813539638252,0.5508913894494375,20.81238053315864,0.006452063690107245,1,33,0.029169097542762756,0.029169097542762756,33,33,136,4,0.06143465909090909,1.1947730255849434,2.4372365474700928,0.9880122180659697,0.009886869023937513,0.3580076098235905,0.17387293900611092,0.1305200046120143,"{""build_tower"":0.1305200046120143,""confirm_card_service_selection"":0.0012683039317421883,""continue"":0.3580076098235905,""discard_treasure"":0.00023060071486221607,""place_tower"":0.038856220454283406,""purchase_shop_item"":0.07275452553902917,""remove_tower"":0.00588031822898651,""reroll"":0.17387293900611092,""select_card_service_card"":0.0012683039317421883,""select_treasure"":0.015565548253199585,""start_defense"":0.1305200046120143,""use_inventory_item"":0.07125562089242476}",0,0,0,0,4.757766396,31.195349557
guarded_R1,klguard-r1-p2,250,175,47.12663543224335,45.72895050048828,175.95833333333334,8.347275972366333,44.58150792121887,36.23423194885254,112,16,0,0.5729286899923386,0.1865695191509122,0.5853046185226851,21.241773596242847,0.00783863615386078,1,93,0.020083820447325706,0.020083820447325706,93,93,132,4,0.07481770173356098,1.126265650154442,2.3869094848632812,0.9875305111475873,0.011194415655071762,0.3447785934170021,0.16753492777646223,0.13604072933933223,"{""build_tower"":0.13604072933933223,""confirm_card_service_selection"":0.0015391901491830452,""continue"":0.3447785934170021,""discard_treasure"":0.00023679848448969926,""place_tower"":0.04061094008998342,""purchase_shop_item"":0.07470992185650012,""remove_tower"":0.007103954534690978,""reroll"":0.16753492777646223,""select_card_service_card"":0.0015391901491830452,""select_treasure"":0.01610229694529955,""start_defense"":0.13604072933933223,""use_inventory_item"":0.07376272791854133}",0,0,0,0,4.681942945,48.870293085
guarded_R1,klguard-r1-p2,251,176,47.079596281051636,44.661251068115234,181.95833333333334,,,,,,,0.5948525390445825,0.17882642118419728,0.5947337798318084,21.53470171067177,0.007724037135232015,1,98,0.02112000621855259,0.02112000621855259,98,98,140,4,0.07575999154728286,1.1735565589398753,5.7958784103393555,0.9887417585837293,0.009572726368371929,0.33833295168307764,0.19280970918250515,0.1315548431417449,"{""build_tower"":0.1315548431417449,""confirm_card_service_selection"":0.0009159606136936112,""continue"":0.33833295168307764,""discard_treasure"":0.000572475383558507,""place_tower"":0.04247767346004122,""purchase_shop_item"":0.07155942294481338,""remove_tower"":0.0024043966109457294,""reroll"":0.19280970918250515,""select_card_service_card"":0.0009159606136936112,""select_treasure"":0.015685825509503093,""start_defense"":0.1315548431417449,""use_inventory_item"":0.07121593771467827}",0,0,0,0,5.024527368,52.005110618
guarded_R1,klguard-r1-p2,252,177,46.648866415023804,44.098649978637695,180.58333333333334,,,,,,,0.5978564856336072,0.17599638009775215,0.6141237999711718,22.142991220893386,0.006727374533121682,1,28,0.034997567534446716,0.034997567534446716,28,28,136,4,0.06473214285714286,1.2826342710426875,2.677217483520508,0.9873782871155339,0.010295701668570367,0.3296031379787725,0.20108444854637747,0.13105676049838486,"{""build_tower"":0.13105676049838486,""confirm_card_service_selection"":0.0012690355329949238,""continue"":0.3296031379787725,""discard_treasure"":0.00046146746654360867,""place_tower"":0.04037840332256576,""purchase_shop_item"":0.07198892478080296,""remove_tower"":0.0046146746654360865,""reroll"":0.20108444854637747,""select_card_service_card"":0.0012690355329949238,""select_treasure"":0.015689893862482696,""start_defense"":0.13105676049838486,""use_inventory_item"":0.07152745731425934}",0,0,0,0,5.172346178,34.620739912
guarded_R1,klguard-r1-p2,253,178,45.42403948307037,43.91270065307617,165.5,,,,,,,0.6210467250408164,0.1750809564274581,0.6051604069196261,23.081892768343682,0.008053611104920632,1,65,0.030105797573924065,0.030105797573924065,65,65,128,4,0.07091346153846154,1.225736046754397,2.6189699172973633,0.9893475112303077,0.01099379363040498,0.3034994964753273,0.21273917421953675,0.13947633434038267,"{""build_tower"":0.13947633434038267,""confirm_card_service_selection"":0.0006294058408862034,""continue"":0.3034994964753273,""discard_treasure"":0.0005035246727089627,""place_tower"":0.037638469284994966,""purchase_shop_item"":0.07175226586102719,""remove_tower"":0.004657603222557905,""reroll"":0.21273917421953675,""select_card_service_card"":0.0006294058408862034,""select_treasure"":0.017245720040281975,""start_defense"":0.13947633434038267,""use_inventory_item"":0.07175226586102719}",0,0,0,0,4.571696243,37.302138007
guarded_R1,klguard-r1-p2,254,179,48.73923548062643,47.550249099731445,191.66666666666666,,,,,,,0.5868487883148514,0.16781820486069185,0.5878992934779423,22.172482485947793,0.006423086799747203,1,82,0.021054157987236977,0.021054157987236977,82,82,144,4,0.06648882115032614,1.194279135000415,1.9796212911605835,0.9897335880482172,0.009613482074605094,0.331304347826087,0.2026086956521739,0.12945652173913044,"{""build_tower"":0.12945652173913044,""confirm_card_service_selection"":0.0006521739130434783,""continue"":0.331304347826087,""discard_treasure"":0.0006521739130434783,""place_tower"":0.04217391304347826,""purchase_shop_item"":0.07184782608695651,""remove_tower"":0.0036956521739130435,""reroll"":0.2026086956521739,""select_card_service_card"":0.0006521739130434783,""select_treasure"":0.01532608695652174,""start_defense"":0.12945652173913044,""use_inventory_item"":0.07217391304347825}",0,0,0,0,5.239697508,48.017718469
guarded_R1,klguard-r1-p2,255,180,48.00879160563151,45.923349380493164,183.39583333333334,7.176713407039642,43.41094535589218,36.23423194885254,112,15,1,0.5801408062388818,0.1725156300823372,0.5794127488389929,22.503752298158307,0.009101306593870408,1,94,0.02002212405204773,0.02002212405204773,94,94,140,4,0.09196435768117613,1.2093586541236716,3.2862746715545654,0.9883901182616701,0.010464072480265584,0.32943314779052596,0.18982165170964443,0.1325684425763944,"{""build_tower"":0.1325684425763944,""confirm_card_service_selection"":0.0014767692831989094,""continue"":0.32943314779052596,""discard_treasure"":0.0003407929115074406,""place_tower"":0.04225832102692264,""purchase_shop_item"":0.0763376121776667,""remove_tower"":0.0036351243894127004,""reroll"":0.18982165170964443,""select_card_service_card"":0.0014767692831989094,""select_treasure"":0.015449278655003977,""start_defense"":0.1325684425763944,""use_inventory_item"":0.0746336476201295}",0,0,0,0,4.850865082,51.005466124
guarded_R1,klguard-r1-p2,256,181,48.046774784723915,46.100149154663086,192.85416666666666,,,,,,,0.5772764331600075,0.17485340117942144,0.5728169945446221,22.740411641515315,0.007318616969928985,1,37,0.023767931386828423,0.023767931386828423,37,37,148,4,0.07756622860560546,1.4020605699436084,2.6654365062713623,0.9888525783231491,0.010517066278545236,0.35238198120341363,0.19185481257426812,0.12660689208166792,"{""build_tower"":0.12660689208166792,""confirm_card_service_selection"":0.001620395376471859,""continue"":0.35238198120341363,""discard_treasure"":0.0008642108674516582,""place_tower"":0.04277843793885708,""purchase_shop_item"":0.07021713298044722,""remove_tower"":0.0017284217349033163,""reroll"":0.19185481257426812,""select_card_service_card"":0.001620395376471859,""select_treasure"":0.015015663821972561,""start_defense"":0.12660689208166792,""use_inventory_item"":0.06870476396240682}",0,0,0,0,5.176919174,30.850666586
guarded_R1,klguard-r1-p2,257,182,46.58609779675802,44.46730041503906,178.27083333333334,,,,,,,0.5711412581124473,0.1728073634561407,0.5675839046214489,22.163534487253173,0.007921933761919834,1,47,0.03635910898447037,0.03635910898447037,47,47,136,4,0.06608142814737686,1.1685227383958532,2.7112650871276855,0.9903145656276099,0.009355761638075551,0.33995559191305363,0.2011218885123291,0.13252308051887343,"{""build_tower"":0.13252308051887343,""confirm_card_service_selection"":0.000584316933504733,""continue"":0.33995559191305363,""discard_treasure"":0.0004674535468037864,""place_tower"":0.03704569358420007,""purchase_shop_item"":0.06918312492696038,""remove_tower"":0.0016360874138132524,""reroll"":0.2011218885123291,""select_card_service_card"":0.000584316933504733,""select_treasure"":0.01542596704452495,""start_defense"":0.13252308051887343,""use_inventory_item"":0.0689493981535585}",0,0,0,0,4.818198742,33.65110653
guarded_R1,klguard-r1-p2,258,183,48.15673772493998,46.097150802612305,181.375,,,,,,,0.5657252644322903,0.17297010949279104,0.556776768478908,21.969260206171644,0.007096166008906087,1,76,0.025528134778141975,0.025528134778141975,76,76,140,4,0.06311677631578948,1.143548492660844,2.9835190773010254,0.99014567468392,0.012012463590196733,0.3331036067080175,0.19411899839191363,0.1348495290604181,"{""build_tower"":0.1348495290604181,""confirm_card_service_selection"":0.00034458993797381116,""continue"":0.3331036067080175,""discard_treasure"":0.0009189065012634965,""place_tower"":0.0390535263036986,""purchase_shop_item"":0.07144498047323684,""remove_tower"":0.0014932230645531817,""reroll"":0.19411899839191363,""select_card_service_card"":0.00034458993797381116,""select_treasure"":0.01608086377211119,""start_defense"":0.1348495290604181,""use_inventory_item"":0.07339765678842178}",0,0,0,0,4.883775068,44.382306698
guarded_R1,klguard-r1-p2,259,184,48.39599585533142,47.18805122375488,181.14583333333334,,,,,,,0.5716493393016246,0.16755187861037069,0.5740560245724906,21.989547377488222,0.007226728768406263,1,113,0.020953303202986717,0.020953303202986717,113,113,136,4,0.0777933095804358,1.1495092585023525,2.799794912338257,0.9875807514333026,0.011886934123193735,0.31523864289821735,0.19528464634847614,0.13559516963772283,"{""build_tower"":0.13559516963772283,""confirm_card_service_selection"":0.0008050603795284647,""continue"":0.31523864289821735,""discard_treasure"":0.00034502587694077054,""place_tower"":0.0449683726279471,""purchase_shop_item"":0.07671075330649799,""remove_tower"":0.002185163887291547,""reroll"":0.19528464634847614,""select_card_service_card"":0.0008050603795284647,""select_treasure"":0.015871190339275445,""start_defense"":0.13559516963772283,""use_inventory_item"":0.07659574468085106}",0,0,0,0,5.073543018,60.277373692
guarded_R1,klguard-r1-p2,260,185,49.33761874834696,47.639150619506836,198.66666666666666,8.447249963879585,44.681481912732124,36.23423194885254,115,13,0,0.5281168321345306,0.1760016668643615,0.5393544973238654,21.752982182367898,0.007751396797027116,1,92,0.024908579885959625,0.024908579885959625,92,92,152,4,0.06768002717391304,1.3240932932366496,2.8859543800354004,0.9875605582187066,0.01012004264569106,0.37531459731543626,0.17554530201342283,0.12573406040268456,"{""build_tower"":0.12573406040268456,""confirm_card_service_selection"":0.0007340604026845638,""continue"":0.37531459731543626,""discard_treasure"":0.0006291946308724832,""place_tower"":0.035549496644295304,""purchase_shop_item"":0.07141359060402684,""remove_tower"":0.0017827181208053692,""reroll"":0.17554530201342283,""select_card_service_card"":0.0007340604026845638,""select_treasure"":0.014890939597315436,""start_defense"":0.12573406040268456,""use_inventory_item"":0.07193791946308725}",0,0,0,0,5.21398283,51.282556951
guarded_R1,klguard-r1-p2,261,186,47.903570890426636,46.39070129394531,187.35416666666666,,,,,,,0.5731402970964472,0.1754401655759258,0.5807591329018275,22.46115322771483,0.006336484800284679,1,36,0.022572699934244156,0.022572699934244156,36,36,144,4,0.062421085933844246,1.2526798016495175,2.808608293533325,0.9866715919271583,0.010449060720727883,0.35216279328366507,0.19148226398309798,0.13021238741243188,"{""build_tower"":0.13021238741243188,""confirm_card_service_selection"":0.0004447903925275214,""continue"":0.35216279328366507,""discard_treasure"":0.0002223951962637607,""place_tower"":0.04158790170132325,""purchase_shop_item"":0.06794173245857889,""remove_tower"":0.0014455687757144447,""reroll"":0.19148226398309798,""select_card_service_card"":0.0004447903925275214,""select_treasure"":0.015456466140331368,""start_defense"":0.13021238741243188,""use_inventory_item"":0.06838652285110641}",0,0,0,0,5.099667217,30.694078999
guarded_R1,klguard-r1-p2,262,187,48.143614848454796,47.016849517822266,185.33333333333334,,,,,,,0.5734738940840938,0.1834161187364355,0.5708798118259596,21.785735600272325,0.006888986691216775,1,46,0.0206751748919487,0.0206751748919487,46,46,140,4,0.07034080621341,1.3229159609131191,2.8171517848968506,0.9879177834246835,0.009716716684800173,0.3403776978417266,0.18525179856115107,0.1320818345323741,"{""build_tower"":0.1320818345323741,""confirm_card_service_selection"":0.0004496402877697842,""continue"":0.3403776978417266,""discard_treasure"":0.00033723021582733815,""place_tower"":0.04226618705035971,""purchase_shop_item"":0.07351618705035971,""remove_tower"":0.003372302158273381,""reroll"":0.18525179856115107,""select_card_service_card"":0.0004496402877697842,""select_treasure"":0.015512589928057555,""start_defense"":0.1320818345323741,""use_inventory_item"":0.07430305755395683}",0,0,0,0,4.996322115,36.561700803
guarded_R1,klguard-r1-p2,263,188,48.93211650848389,48.74824905395508,191.64583333333334,,,,,,,0.5701652894862311,0.19154461201065576,0.5690176806279591,21.37191341745927,0.006065676833584023,1,28,0.02984069287776947,0.02984069287776947,28,28,144,4,0.05608258928571429,1.3199776879378728,2.4749929904937744,0.9861023183807369,0.010194379348023277,0.34819002065441895,0.17817154038482444,0.12947059462985108,"{""build_tower"":0.12947059462985108,""confirm_card_service_selection"":0.0018480269594521143,""continue"":0.34819002065441895,""discard_treasure"":0.0005435373410153277,""place_tower"":0.04000434829872812,""purchase_shop_item"":0.07685618001956734,""remove_tower"":0.003587346450701163,""reroll"":0.17817154038482444,""select_card_service_card"":0.0018480269594521143,""select_treasure"":0.015110338080226111,""start_defense"":0.12947059462985108,""use_inventory_item"":0.07489944559191217}",0,0,0,0,5.185519392,31.178133874
guarded_R1,klguard-r1-p2,264,189,50.15739814440409,51.09359931945801,190.72916666666666,,,,,,,0.5918055838742098,0.18439352538593407,0.6007331995403066,21.0769278025045,0.008361679565389161,1,17,0.02112182229757309,0.02112182229757309,17,17,144,4,0.06916360294117647,1.2548105295966654,1.9290151596069336,0.9841653251252551,0.012481335893325094,0.3209175314036046,0.18001092299290006,0.13358820316766795,"{""build_tower"":0.13358820316766795,""confirm_card_service_selection"":0.000764609503003823,""continue"":0.3209175314036046,""discard_treasure"":0.0006553795740032769,""place_tower"":0.04740578918623703,""purchase_shop_item"":0.08279628618241398,""remove_tower"":0.0031676679410158385,""reroll"":0.18001092299290006,""select_card_service_card"":0.000764609503003823,""select_treasure"":0.015510649918077553,""start_defense"":0.13358820316766795,""use_inventory_item"":0.08083014746040415}",0,0,0,0,5.409223832,30.30288777
guarded_R1,klguard-r1-p2,265,190,46.29366493225098,43.740150451660156,167.8125,9.34412670135498,45.57835865020752,36.23423194885254,119,9,0,0.599745595980631,0.18574117075622754,0.5915073263458908,20.83859366475527,0.008144869908036867,0,,,0.019559655338525772,128,128,128,4,0.07909386907704175,1.1218351083807647,2.613692283630371,0.9868149526606609,0.010569294248853112,0.3063935443823712,0.19490999379267535,0.1399130974549969,"{""build_tower"":0.1399130974549969,""confirm_card_service_selection"":0.00037243947858472997,""continue"":0.3063935443823712,""discard_treasure"":0.0004965859714463067,""place_tower"":0.045189323401613905,""purchase_shop_item"":0.07461204220980758,""remove_tower"":0.004965859714463066,""reroll"":0.19490999379267535,""select_card_service_card"":0.00037243947858472997,""select_treasure"":0.016263190564866543,""start_defense"":0.1399130974549969,""use_inventory_item"":0.0765983860955928}",0,0,0,0,4.643038116,61.880276295
guarded_R1,klguard-r1-p2,266,191,48.72532478968302,45.841949462890625,176.60416666666666,,,,,,,0.5871154408663183,0.18920814097888916,0.584969696168806,20.995287780376028,0.008420896188570124,1,102,0.1426408886909485,0.1426408886909485,102,102,136,4,0.07431251058975856,1.0928953401013917,3.926039457321167,0.9848124715528991,0.011917767423095511,0.30612244897959184,0.18615076088238763,0.14037985136251033,"{""build_tower"":0.14037985136251033,""confirm_card_service_selection"":0.0009437300931933467,""continue"":0.30612244897959184,""discard_treasure"":0.0005898313082458417,""place_tower"":0.042113955408753095,""purchase_shop_item"":0.08186858558452283,""remove_tower"":0.003185089064527545,""reroll"":0.18615076088238763,""select_card_service_card"":0.0009437300931933467,""select_treasure"":0.01627934410758523,""start_defense"":0.14037985136251033,""use_inventory_item"":0.08104282175297865}",0,0,0,0,5.050865773,53.752142322
guarded_R1,klguard-r1-p2,267,192,48.04489143689474,44.37834930419922,173.77083333333334,,,,,,,0.6124039471936294,0.18210296448212415,0.6178480354515282,21.2008444277773,0.007341293413372949,1,37,0.020109327509999275,0.020109327509999275,37,37,132,4,0.07360726917112195,1.2239221415004216,1.8740514516830444,0.9864331167644407,0.011626014676453038,0.2984054669703872,0.195300323702194,0.14051073012828197,"{""build_tower"":0.14051073012828197,""confirm_card_service_selection"":0.0014386764176957199,""continue"":0.2984054669703872,""discard_treasure"":0.0004795588058985733,""place_tower"":0.04543819685888982,""purchase_shop_item"":0.0791272029732646,""remove_tower"":0.0023977940294928664,""reroll"":0.195300323702194,""select_card_service_card"":0.0014386764176957199,""select_treasure"":0.016664668504975423,""start_defense"":0.14051073012828197,""use_inventory_item"":0.07828797506294209}",0,0,0,0,4.980195643,32.042688958
guarded_R1,klguard-r1-p2,268,193,47.15351470311483,44.55970001220703,178.625,,,,,,,0.5921638801931589,0.18619958431633624,0.573943844255136,21.81377534990019,0.007271092500355289,1,49,0.02391037531197071,0.02391037531197071,49,49,136,4,0.07273951248855007,1.1996513824073636,2.543189287185669,0.9879781193677785,0.009178179843515596,0.34266386750641475,0.1834616281782132,0.13400979706088173,"{""build_tower"":0.13400979706088173,""confirm_card_service_selection"":0.0008164217401446233,""continue"":0.34266386750641475,""discard_treasure"":0.000583158385817588,""place_tower"":0.04070445533006765,""purchase_shop_item"":0.07184511313272685,""remove_tower"":0.0022160018661068347,""reroll"":0.1834616281782132,""select_card_service_card"":0.0008164217401446233,""select_treasure"":0.015745276417074877,""start_defense"":0.13400979706088173,""use_inventory_item"":0.07312806158152554}",0,0,0,0,4.861040196,34.829707214
guarded_R1,klguard-r1-p2,269,194,47.75547091166178,46.099300384521484,184.64583333333334,,,,,,,0.5671163724873405,0.18531815906066956,0.5665323525667191,21.753233255241263,0.0065748689560937885,0,,,0.014801428653299809,140,140,140,4,0.07395850882998535,1.0999598954405103,2.6924896240234375,0.9869657505632903,0.011151531009402658,0.3679341080898116,0.17838203768475686,0.13155816315017488,"{""build_tower"":0.13155816315017488,""confirm_card_service_selection"":0.001241114746699763,""continue"":0.3679341080898116,""discard_treasure"":0.0004513144533453684,""place_tower"":0.036443642107638494,""purchase_shop_item"":0.06747151077513257,""remove_tower"":0.001241114746699763,""reroll"":0.17838203768475686,""select_card_service_card"":0.001241114746699763,""select_treasure"":0.015908834480424235,""start_defense"":0.13155816315017488,""use_inventory_item"":0.06656888186844184}",0,0,0,0,4.925980232,67.677637112
guarded_R1,klguard-r1-p2,270,195,48.80959391593933,47.72330093383789,192.66666666666666,6.7634758204221725,42.99770776927471,36.23423194885254,104,24,0,0.5497508325551745,0.1776644738252789,0.5492767215389567,22.427557915797863,0.0070180260997975774,1,97,0.02188914455473423,0.02188914455473423,97,97,148,4,0.0702722293814433,1.2295678380838375,3.600038766860962,0.9888360151756937,0.009475032909068506,0.36591695501730104,0.18047145328719724,0.12932525951557095,"{""build_tower"":0.12932525951557095,""confirm_card_service_selection"":0.0008650519031141869,""continue"":0.36591695501730104,""discard_treasure"":0.0006487889273356401,""place_tower"":0.03903546712802768,""purchase_shop_item"":0.06812283737024222,""remove_tower"":0.002378892733564014,""reroll"":0.18047145328719724,""select_card_service_card"":0.0008650519031141869,""select_treasure"":0.015354671280276816,""start_defense"":0.12932525951557095,""use_inventory_item"":0.06769031141868512}",0,0,0,0,5.377965812,56.44621411
guarded_R1,klguard-r1-p2,271,196,46.71603965759277,43.564449310302734,193.20833333333334,,,,,,,0.5336244019930892,0.1799293690592239,0.5349021467723345,21.880517948458415,0.016479118900095176,1,38,0.3994097113609314,0.3994097113609314,38,38,148,4,0.06556615811821662,1.3207846864273673,2.6985044479370117,0.9834859521535789,0.0130245877945846,0.41061030838904466,0.16616346775932714,0.12303213284451153,"{""build_tower"":0.12303213284451153,""confirm_card_service_selection"":0.0016174250593055854,""continue"":0.41061030838904466,""discard_treasure"":0.0005391416864351952,""place_tower"":0.03137804615052836,""purchase_shop_item"":0.0643735173603623,""remove_tower"":0.0006469700237222342,""reroll"":0.16616346775932714,""select_card_service_card"":0.0016174250593055854,""select_treasure"":0.015095967220185465,""start_defense"":0.12303213284451153,""use_inventory_item"":0.061893465602760406}",0,0,0,0,5.057026106,33.437959056
guarded_R1,klguard-r1-p2,272,197,48.792637507120766,44.1031494140625,203.41666666666666,,,,,,,0.5362016230677468,0.18148306458718078,0.5406975915862454,22.641392816053383,0.006905866989023303,1,72,0.027564292773604393,0.027564292773604393,72,72,156,4,0.07065007716624273,1.261505892707242,2.936239242553711,0.9878550852247701,0.009862702116012,0.40772224498156495,0.15782466202376075,0.12218353133961492,"{""build_tower"":0.12218353133961492,""confirm_card_service_selection"":0.0016386726751331422,""continue"":0.40772224498156495,""discard_treasure"":0.0012290045063498567,""place_tower"":0.03615321589512495,""purchase_shop_item"":0.06841458418680868,""remove_tower"":0.0011265874641540352,""reroll"":0.15782466202376075,""select_card_service_card"":0.0016386726751331422,""select_treasure"":0.014748054076198279,""start_defense"":0.12218353133961492,""use_inventory_item"":0.0651372388365424}",0,0,0,0,5.246227465,46.340852631
guarded_R1,klguard-r1-p2,273,198,46.16504581769308,43.9148006439209,191.375,,,,,,,0.5197233429776592,0.16291746391733855,0.5261365992741452,22.624913796949304,0.007905421836104173,0,,,0.01889963448047638,144,144,144,4,0.07858687465906972,1.1817972283396456,3.2212586402893066,0.9870000636886345,0.011077994202625834,0.42924014805138255,0.16111473982146746,0.12257783583714348,"{""build_tower"":0.12257783583714348,""confirm_card_service_selection"":0.0013063357282821686,""continue"":0.42924014805138255,""discard_treasure"":0.00032658393207054214,""place_tower"":0.03146091878946222,""purchase_shop_item"":0.05900283039407794,""remove_tower"":0.001088613106901807,""reroll"":0.16111473982146746,""select_card_service_card"":0.0013063357282821686,""select_treasure"":0.014369693011103853,""start_defense"":0.12257783583714348,""use_inventory_item"":0.05562812976268234}",0,0,0,0,4.875642853,69.927584833
guarded_R1,klguard-r1-p2,274,199,47.40794595082601,44.56030082702637,207.8125,,,,,,,0.5386239460327217,0.17887401141339335,0.5391684145881579,22.999169420014084,0.007377150476165694,0,,,0.014389828778803349,156,156,156,4,0.07821299503437984,1.1898468671700893,2.2309350967407227,0.988529839955974,0.010371768536667028,0.4287719298245614,0.1607017543859649,0.11598997493734337,"{""build_tower"":0.11598997493734337,""confirm_card_service_selection"":0.0007017543859649122,""continue"":0.4287719298245614,""discard_treasure"":0.0002005012531328321,""place_tower"":0.03619047619047619,""purchase_shop_item"":0.06335839598997493,""remove_tower"":0.0019047619047619048,""reroll"":0.1607017543859649,""select_card_service_card"":0.0007017543859649122,""select_treasure"":0.01393483709273183,""start_defense"":0.11598997493734337,""use_inventory_item"":0.06155388471177945}",0,0,0,0,5.363065009,75.291482773
guarded_R1,klguard-r1-p2,275,200,47.36079994837443,44.292049407958984,205.625,3.625942125916481,39.86017407476902,36.23423194885254,86,42,0,0.5252175039965848,0.17226810169528448,0.5273358084452457,23.491045924611665,0.006277810775594471,0,,,0.016937941312789917,156,156,156,4,0.0684436647555767,1.2546725662855,3.012946128845215,0.9883842975021666,0.010691298177847877,0.43343465045592705,0.16028368794326242,0.11722391084093212,"{""build_tower"":0.11722391084093212,""confirm_card_service_selection"":0.00030395136778115504,""continue"":0.43343465045592705,""discard_treasure"":0.0004052684903748733,""place_tower"":0.0353596757852077,""purchase_shop_item"":0.06048632218844985,""remove_tower"":0.00182370820668693,""reroll"":0.16028368794326242,""select_card_service_card"":0.00030395136778115504,""select_treasure"":0.01398176291793313,""start_defense"":0.11722391084093212,""use_inventory_item"":0.05916919959473151}",0,0,0,0,5.210791126,71.947108583
guarded_R2,klguard-r2-p1,1,1,37.885716676712036,36.861000061035156,86.25,,,,,,,0.010656055492605666,0.00019403201114605054,0.014230886094189961,0.06228876432840519,0.0007399810152891986,0,,,0.005995758343487978,68,68,68,4,0.005274481961832327,0.08258419752682504,0.6410285830497742,0.9616995783812917,0.03504641822484486,0.14057971014492754,0.06231884057971015,0.2248792270531401,"{""build_tower"":0.2248792270531401,""confirm_card_service_selection"":0.025603864734299518,""continue"":0.14057971014492754,""discard_treasure"":0.0,""place_tower"":0.06980676328502415,""purchase_shop_item"":0.10990338164251208,""remove_tower"":0.0,""reroll"":0.06231884057971015,""select_card_service_card"":0.025603864734299518,""select_treasure"":0.02608695652173913,""start_defense"":0.2248792270531401,""use_inventory_item"":0.09033816425120773}",0,0,0,0,2.417090013,28.854378801
guarded_R2,klguard-r2-p1,2,2,35.96030839284261,34.4375,83.64583333333333,,,,,,,0.03312441512899453,0.020377738772072825,0.03165945904734342,0.24572671848487337,0.0041355547139613445,1,23,0.03620550408959389,0.03620550408959389,23,23,64,4,0.01898388969509498,0.9564195516640726,4.184202194213867,0.9803158837866087,0.017371460198774002,0.13748443337484434,0.07970112079701121,0.2186799501867995,"{""build_tower"":0.2186799501867995,""confirm_card_service_selection"":0.02291407222914072,""continue"":0.13748443337484434,""discard_treasure"":0.0,""place_tower"":0.06301369863013699,""purchase_shop_item"":0.11307596513075965,""remove_tower"":0.0,""reroll"":0.07970112079701121,""select_card_service_card"":0.02291407222914072,""select_treasure"":0.02515566625155666,""start_defense"":0.2186799501867995,""use_inventory_item"":0.09838107098381071}",0,0,0,0,2.376256368,14.115527471
guarded_R2,klguard-r2-p1,3,3,38.104520638783775,36.30780029296875,94.5,,,,,,,0.03635265838930495,0.021026599572664284,0.034419372781283326,0.30717555920818895,0.0018613828768947213,0,,,0.008012151345610619,72,72,72,4,0.015207484164016528,0.805471911922925,3.5206894874572754,0.975427054145757,0.01961995768619494,0.1388888888888889,0.09722222222222222,0.20502645502645503,"{""build_tower"":0.20502645502645503,""confirm_card_service_selection"":0.0291005291005291,""continue"":0.1388888888888889,""discard_treasure"":0.0002204585537918871,""place_tower"":0.06768077601410935,""purchase_shop_item"":0.11375661375661375,""remove_tower"":0.0,""reroll"":0.09722222222222222,""select_card_service_card"":0.029541446208112873,""select_treasure"":0.023809523809523808,""start_defense"":0.20502645502645503,""use_inventory_item"":0.08972663139329806}",0,0,0,0,2.823138999,32.678609339
guarded_R2,klguard-r2-p1,4,4,36.15735626220703,34.93549919128418,85.875,,,,,,,0.02682777319322,0.014128590948837172,0.02782051713967865,0.2972543786819248,0.006310431055058271,1,44,0.19090412557125092,0.19090412557125092,44,44,68,4,0.012947989543053236,0.5046074633825232,4.0149946212768555,0.9809599795479566,0.014342289144063698,0.14264919941775836,0.0963124696749151,0.21542940320232898,"{""build_tower"":0.21542940320232898,""confirm_card_service_selection"":0.025230470645317808,""continue"":0.14264919941775836,""discard_treasure"":0.0,""place_tower"":0.06234837457544881,""purchase_shop_item"":0.10504609412906356,""remove_tower"":0.0,""reroll"":0.0963124696749151,""select_card_service_card"":0.025473071324599708,""select_treasure"":0.024745269286754003,""start_defense"":0.21542940320232898,""use_inventory_item"":0.08733624454148471}",0,0,0,0,2.449351231,21.717737269
guarded_R2,klguard-r2-p1,5,5,36.91541679700216,35.72360038757324,87.5625,0.2613086998462677,36.49554064869881,36.23423194885254,60,36,32,0.02692942917867465,0.01427911324060943,0.029018935514613986,0.16174557492799452,0.0022546538435790353,1,8,0.02164372242987156,0.02164372242987156,8,8,68,4,0.00634765625,0.8041200656443834,1.9163793325424194,0.9700628868207455,0.021924927077420494,0.14227932429217227,0.09612181774922675,0.21508446347846777,"{""build_tower"":0.21508446347846777,""confirm_card_service_selection"":0.02807518439210088,""continue"":0.14227932429217227,""discard_treasure"":0.0,""place_tower"":0.06876040923150131,""purchase_shop_item"":0.10040447299547942,""remove_tower"":0.0,""reroll"":0.09612181774922675,""select_card_service_card"":0.028551034975017844,""select_treasure"":0.024982155603140613,""start_defense"":0.21508446347846777,""use_inventory_item"":0.08065667380442541}",0,0,0,0,2.562485148,11.050136951
guarded_R2,klguard-r2-p1,6,6,37.79044989744822,36.0,89.1875,,,,,,,0.03742389028874572,0.022978024689416916,0.03562975617344765,0.1606087538318783,0.0029465108971314345,0,,,0.01309925690293312,68,68,68,4,0.022146388148779377,1.12772978403989,3.784102439880371,0.9767238945571922,0.018042937153950334,0.14809623919644943,0.07942069609904227,0.2158374211632796,"{""build_tower"":0.2158374211632796,""confirm_card_service_selection"":0.024994160242933893,""continue"":0.14809623919644943,""discard_treasure"":0.0,""place_tower"":0.065638869423032,""purchase_shop_item"":0.10932025227750526,""remove_tower"":0.0,""reroll"":0.07942069609904227,""select_card_service_card"":0.025227750525578137,""select_treasure"":0.02452697967764541,""start_defense"":0.2158374211632796,""use_inventory_item"":0.09110021023125438}",0,0,0,0,2.574530884,30.638807427
guarded_R2,klguard-r2-p1,7,7,37.559235533078514,36.02854919433594,89.10416666666667,,,,,,,0.037968402813326044,0.023491198335543105,0.03690062627634581,0.19202737408899404,0.0012574649422544206,0,,,0.005152625497430563,68,68,68,4,0.01313931996221928,0.6409013965441024,2.0309159755706787,0.9758997686095133,0.020546397988629693,0.13911620294599017,0.09141921907879355,0.21557166238017303,"{""build_tower"":0.21557166238017303,""confirm_card_service_selection"":0.024549918166939442,""continue"":0.13911620294599017,""discard_treasure"":0.00023380874444704232,""place_tower"":0.0685059621229834,""purchase_shop_item"":0.10685059621229834,""remove_tower"":0.0,""reroll"":0.09141921907879355,""select_card_service_card"":0.024549918166939442,""select_treasure"":0.025017535655833527,""start_defense"":0.21557166238017303,""use_inventory_item"":0.08861351414542903}",0,0,0,0,2.658151535,32.013908571
guarded_R2,klguard-r2-p1,8,8,37.238775173823036,35.82375144958496,87.45833333333333,,,,,,,0.037551124974434566,0.02177117105003454,0.03533454718725646,0.14146090591482102,0.004025388960946978,0,,,0.015945356339216232,68,68,68,4,0.023702196886434275,0.7460817450328785,3.667762041091919,0.976212559906411,0.020259471692364004,0.1419723677941877,0.08551691281562648,0.2177227251071939,"{""build_tower"":0.2177227251071939,""confirm_card_service_selection"":0.030967127203430204,""continue"":0.1419723677941877,""discard_treasure"":0.0,""place_tower"":0.06264888041924727,""purchase_shop_item"":0.10647927584564078,""remove_tower"":0.0,""reroll"":0.08551691281562648,""select_card_service_card"":0.030967127203430204,""select_treasure"":0.025011910433539782,""start_defense"":0.2177227251071939,""use_inventory_item"":0.08099094807050977}",0,0,0,0,2.54547366,29.054596944
guarded_R2,klguard-r2-p1,9,9,37.24881875514984,36.22879981994629,89.52083333333333,,,,,,,0.03976741135656256,0.022611265369469304,0.039698367774048275,0.11935824711333039,0.002718207750684301,0,,,0.01228120643645525,68,68,68,4,0.01864957152044072,0.555502981714466,1.7895272970199585,0.9803546931058904,0.0175813403501011,0.13916686060041888,0.0816848964393763,0.21200837793809635,"{""build_tower"":0.21200837793809635,""confirm_card_service_selection"":0.027228298813125437,""continue"":0.13916686060041888,""discard_treasure"":0.0,""place_tower"":0.06958343030020944,""purchase_shop_item"":0.11356760530602746,""remove_tower"":0.0,""reroll"":0.0816848964393763,""select_card_service_card"":0.027228298813125437,""select_treasure"":0.024668373283686294,""start_defense"":0.21200837793809635,""use_inventory_item"":0.09285548056783803}",0,0,0,0,2.598017258,30.162413374
guarded_R2,klguard-r2-p1,10,10,38.7276626030604,36.479000091552734,95.08333333333333,0.8690508157014847,37.103282764554024,36.23423194885254,65,29,34,0.04096109907989732,0.0220691730855467,0.039967907308083445,0.14553550992942488,0.0029654795321852768,0,,,0.01723722741007805,72,72,72,4,0.01974007471775015,0.5283474407495103,1.9995008707046509,0.973473763597764,0.0225980582440065,0.13913234005258546,0.0775635407537248,0.2077125328659071,"{""build_tower"":0.2077125328659071,""confirm_card_service_selection"":0.029798422436459245,""continue"":0.13913234005258546,""discard_treasure"":0.00021910604732690623,""place_tower"":0.06901840490797546,""purchase_shop_item"":0.1196319018404908,""remove_tower"":0.0,""reroll"":0.0775635407537248,""select_card_service_card"":0.029798422436459245,""select_treasure"":0.024101665205959685,""start_defense"":0.2077125328659071,""use_inventory_item"":0.09531113058720421}",0,0,0,0,2.818899424,34.467501709
guarded_R2,klguard-r2-p1,11,11,37.38880197207133,35.8125,84.89583333333333,,,,,,,0.03788626805110075,0.020719914892456053,0.040236937368045685,0.10795782094899047,0.0027160229644283863,1,23,0.03978891670703888,0.03978891670703888,23,23,64,4,0.011315477607042893,0.5543830268408941,1.421849250793457,0.9758058453890454,0.01906432452960871,0.1403680981595092,0.08171779141104295,0.22503067484662576,"{""build_tower"":0.22503067484662576,""confirm_card_service_selection"":0.02625766871165644,""continue"":0.1403680981595092,""discard_treasure"":0.0,""place_tower"":0.06404907975460122,""purchase_shop_item"":0.10134969325153374,""remove_tower"":0.0,""reroll"":0.08171779141104295,""select_card_service_card"":0.02625766871165644,""select_treasure"":0.026503067484662576,""start_defense"":0.22503067484662576,""use_inventory_item"":0.0834355828220859}",0,0,0,0,2.502284386,15.265146003
guarded_R2,klguard-r2-p1,12,12,37.69112288951874,36.47385025024414,88.875,,,,,,,0.049997914834448653,0.02305771370309915,0.04724788509637994,0.1722545336611153,0.003545500180146465,0,,,0.01369260810315609,68,68,68,4,0.02031114838524338,0.4576998645549311,1.960512638092041,0.9818370504962212,0.016294695080860573,0.13783403656821377,0.07735583684950774,0.21706516643225504,"{""build_tower"":0.21706516643225504,""confirm_card_service_selection"":0.027660571964369433,""continue"":0.13783403656821377,""discard_treasure"":0.0,""place_tower"":0.06774496015002344,""purchase_shop_item"":0.11087669948429442,""remove_tower"":0.0,""reroll"":0.07735583684950774,""select_card_service_card"":0.02812939521800281,""select_treasure"":0.024847632442569153,""start_defense"":0.21706516643225504,""use_inventory_item"":0.09142053445850915}",0,0,0,0,2.565942625,30.15620336
guarded_R2,klguard-r2-p1,13,13,38.802987456321716,37.52655029296875,90.52083333333333,,,,,,,0.04524864763456088,0.01976361331628256,0.04481806033564841,0.1492474071588252,0.0017592935269021837,0,,,0.013171824626624584,68,68,68,4,0.013402414782082333,0.4384716944769025,1.4599745273590088,0.972320241362604,0.021148929879178897,0.14453394706559264,0.08147295742232451,0.2186421173762946,"{""build_tower"":0.2186421173762946,""confirm_card_service_selection"":0.023935558112773304,""continue"":0.14453394706559264,""discard_treasure"":0.0,""place_tower"":0.06352128883774454,""purchase_shop_item"":0.10794016110471806,""remove_tower"":0.0,""reroll"":0.08147295742232451,""select_card_service_card"":0.024165707710011506,""select_treasure"":0.025776754890678943,""start_defense"":0.2186421173762946,""use_inventory_item"":0.09136939010356732}",0,0,0,0,2.703273829,32.142936545
guarded_R2,klguard-r2-p1,14,14,38.595056454340614,36.64669990539551,92.125,,,,,,,0.04614440741482972,0.019173499716988743,0.04622535562763611,0.16776362920240237,0.0021487729771555073,0,,,0.013880576938390732,72,72,72,4,0.015045262899042832,0.37866059349228937,1.337259292602539,0.9750982856597824,0.01865035735277666,0.1383989145183175,0.08389868837630032,0.2130257801899593,"{""build_tower"":0.2130257801899593,""confirm_card_service_selection"":0.02600633197648123,""continue"":0.1383989145183175,""discard_treasure"":0.0,""place_tower"":0.06467661691542288,""purchase_shop_item"":0.11533242876526459,""remove_tower"":0.0,""reroll"":0.08389868837630032,""select_card_service_card"":0.026232473993668022,""select_treasure"":0.024423337856173677,""start_defense"":0.2130257801899593,""use_inventory_item"":0.09497964721845319}",0,0,0,0,2.659207431,32.996613317
guarded_R2,klguard-r2-p1,15,15,37.24732708930969,35.719099044799805,86.33333333333333,1.1973797976970673,37.431611746549606,36.23423194885254,69,29,30,0.05326514560611128,0.026718824309831166,0.0819115097678843,0.3844911985719688,0.014617561669313415,1,21,0.05811362341046333,0.05811362341046333,21,21,68,4,0.03757440476190476,0.6937604399309272,5.899003028869629,0.9790882401018821,0.015086487195838024,0.14044401544401544,0.08325289575289575,0.21911196911196912,"{""build_tower"":0.21911196911196912,""confirm_card_service_selection"":0.02171814671814672,""continue"":0.14044401544401544,""discard_treasure"":0.0,""place_tower"":0.06394787644787644,""purchase_shop_item"":0.1097972972972973,""remove_tower"":0.0,""reroll"":0.08325289575289575,""select_card_service_card"":0.02195945945945946,""select_treasure"":0.025096525096525095,""start_defense"":0.21911196911196912,""use_inventory_item"":0.09555984555984556}",0,0,0,0,2.523680814,14.74824371
guarded_R2,klguard-r2-p1,16,16,37.34726480642954,36.36140060424805,90.16666666666667,,,,,,,0.08876835711375101,0.06106312945128034,0.09198142681270838,0.44057481567928447,0.005454093754148441,1,24,0.020108651369810104,0.020108651369810104,24,24,68,4,0.037749191746115685,0.6967208329588175,1.7601035833358765,0.9824841278751423,0.014199577778687371,0.15526802218114602,0.07370609981515712,0.2111829944547135,"{""build_tower"":0.2111829944547135,""confirm_card_service_selection"":0.02841959334565619,""continue"":0.15526802218114602,""discard_treasure"":0.0,""place_tower"":0.066543438077634,""purchase_shop_item"":0.11044362292051756,""remove_tower"":0.0,""reroll"":0.07370609981515712,""select_card_service_card"":0.02911275415896488,""select_treasure"":0.024491682070240297,""start_defense"":0.2111829944547135,""use_inventory_item"":0.08964879852125693}",0,0,0,0,2.653892854,16.465690577
guarded_R2,klguard-r2-p1,17,17,37.473241766293846,35.816049575805664,87.85416666666667,,,,,,,0.08909342808453057,0.0549867474157246,0.08980126196847242,0.22102157240102754,0.004540600620891703,1,17,0.021723393350839615,0.021723393350839615,17,17,68,4,0.01925779353169834,0.7242739603799933,1.4579020738601685,0.9758003985987719,0.018492019557229736,0.15318947118804838,0.08347166231918425,0.21769030116196347,"{""build_tower"":0.21769030116196347,""confirm_card_service_selection"":0.020867915579796063,""continue"":0.15318947118804838,""discard_treasure"":0.0,""place_tower"":0.06212947593075646,""purchase_shop_item"":0.10671093194213896,""remove_tower"":0.0,""reroll"":0.08347166231918425,""select_card_service_card"":0.020867915579796063,""select_treasure"":0.02561062366611335,""start_defense"":0.21769030116196347,""use_inventory_item"":0.0917714014702395}",0,0,0,0,2.57449327,12.990864356
guarded_R2,klguard-r2-p1,18,18,36.57548741499583,35.81180000305176,87.02083333333333,,,,,,,0.07279874851476241,0.03625997186717278,0.07800720495482286,0.3568642943738738,0.003293394634723275,1,30,0.02842278778553009,0.02842278778553009,30,30,68,4,0.012890625,0.5511179183920224,2.392735004425049,0.9820451739000639,0.0139249149874291,0.13933445056260474,0.08067991381374193,0.21307158247546085,"{""build_tower"":0.21307158247546085,""confirm_card_service_selection"":0.026334689968877185,""continue"":0.13933445056260474,""discard_treasure"":0.0,""place_tower"":0.06751256882930333,""purchase_shop_item"":0.11491501077328226,""remove_tower"":0.0,""reroll"":0.08067991381374193,""select_card_service_card"":0.026334689968877185,""select_treasure"":0.02441943978932248,""start_defense"":0.21307158247546085,""use_inventory_item"":0.09432607134306918}",0,0,0,0,2.536767837,17.682959538
guarded_R2,klguard-r2-p1,19,19,35.82704575856527,34.23984909057617,83.39583333333333,,,,,,,0.11638499702295416,0.04566783176010164,0.12593332317192107,0.3724160017605627,0.004606515290447533,0,,,0.01744535006582737,64,64,64,4,0.030926101811928675,0.4390158203896135,1.1022906303405762,0.9846352347604309,0.011682635020406451,0.14389208093929554,0.08318760929303022,0.21933549837621782,"{""build_tower"":0.21933549837621782,""confirm_card_service_selection"":0.02747939045715713,""continue"":0.14389208093929554,""discard_treasure"":0.0002498126405196103,""place_tower"":0.06170372220834374,""purchase_shop_item"":0.1066699975018736,""remove_tower"":0.0,""reroll"":0.08318760929303022,""select_card_service_card"":0.027729203097676743,""select_treasure"":0.02498126405196103,""start_defense"":0.21933549837621782,""use_inventory_item"":0.08543592305770673}",0,0,0,0,2.416582132,28.466836687
guarded_R2,klguard-r2-p1,20,20,38.377610405286156,37.42599868774414,92.9375,1.0761867761611938,37.31041872501373,36.23423194885254,76,32,20,0.13295869037923122,0.03800664887532189,0.14796485168778378,0.42239892501702997,0.0044498724690366425,1,23,0.03236076235771179,0.03236076235771179,23,23,72,4,0.016983695652173912,0.567030619667924,1.0545732975006104,0.9803561808037661,0.015572867472656071,0.14458641560188298,0.08899349921542254,0.2107150863035194,"{""build_tower"":0.2107150863035194,""confirm_card_service_selection"":0.025554808338937456,""continue"":0.14458641560188298,""discard_treasure"":0.00022416498542927594,""place_tower"":0.06388702084734364,""purchase_shop_item"":0.11118583277292086,""remove_tower"":0.0,""reroll"":0.08899349921542254,""select_card_service_card"":0.026227303295225286,""select_treasure"":0.02443398341179108,""start_defense"":0.2107150863035194,""use_inventory_item"":0.09347679892400806}",0,0,0,0,2.7138111350000003,16.432644591
guarded_R2,klguard-r2-p1,21,21,37.330481012662254,35.81439971923828,89.97916666666667,,,,,,,0.1553792699744594,0.02772127540738856,0.13835125317906632,0.39927663712492595,0.003636473473868725,0,,,0.01840529963374138,68,68,68,4,0.02909027963109753,0.325937416185351,0.8627908825874329,0.9798586934459222,0.016654409564045423,0.13961565177124335,0.08636258393146562,0.2125492012039824,"{""build_tower"":0.2125492012039824,""confirm_card_service_selection"":0.02570039360963186,""continue"":0.13961565177124335,""discard_treasure"":0.0,""place_tower"":0.07293354943273905,""purchase_shop_item"":0.10951609168789071,""remove_tower"":0.0,""reroll"":0.08636258393146562,""select_card_service_card"":0.02593192868719611,""select_treasure"":0.024542718221810603,""start_defense"":0.2125492012039824,""use_inventory_item"":0.09029868025005788}",0,0,0,0,2.697436471,30.547768464
guarded_R2,klguard-r2-p1,22,22,37.76358942190806,37.14895057678223,90.41666666666667,,,,,,,0.1428500452497209,0.020822891762745894,0.13871013621489206,0.2502833102653071,0.0035419314546743406,1,15,0.020622940734028816,0.020622940734028816,15,15,68,4,0.017447916666666667,0.610142852862676,1.1108994483947754,0.9841930962432605,0.012085206806659698,0.1403225806451613,0.0815668202764977,0.2129032258064516,"{""build_tower"":0.2129032258064516,""confirm_card_service_selection"":0.02880184331797235,""continue"":0.1403225806451613,""discard_treasure"":0.0,""place_tower"":0.06843317972350231,""purchase_shop_item"":0.1119815668202765,""remove_tower"":0.0,""reroll"":0.0815668202764977,""select_card_service_card"":0.02880184331797235,""select_treasure"":0.02488479262672811,""start_defense"":0.2129032258064516,""use_inventory_item"":0.08940092165898618}",0,0,0,0,2.615779633,13.569386187
guarded_R2,klguard-r2-p1,23,23,37.47918951511383,36.0,88.64583333333333,,,,,,,0.08420587323978823,0.02555098012534691,0.07664944110986065,0.29384685017734313,0.002438620173052186,0,,,0.01122309546917677,68,68,68,4,0.017890639438786927,0.344439860104638,1.2521153688430786,0.9811743125179903,0.013640954090720591,0.1410105757931845,0.08883666274970622,0.21598119858989423,"{""build_tower"":0.21598119858989423,""confirm_card_service_selection"":0.027262044653349003,""continue"":0.1410105757931845,""discard_treasure"":0.0,""place_tower"":0.06063454759106933,""purchase_shop_item"":0.10857814336075206,""remove_tower"":0.0,""reroll"":0.08883666274970622,""select_card_service_card"":0.027262044653349003,""select_treasure"":0.025381903642773207,""start_defense"":0.21598119858989423,""use_inventory_item"":0.08907168037602821}",0,0,0,0,2.558586803,29.823796152
guarded_R2,klguard-r2-p1,24,24,37.4248415629069,36.95464897155762,88.79166666666667,,,,,,,0.07941378494321188,0.021827523145157682,0.07654018617947311,0.256362620253127,0.0021548920211270184,0,,,0.014958142302930355,68,68,68,4,0.016850720899289146,0.28024576396188317,0.794141948223114,0.9792483400016185,0.014492076260092504,0.1377287658376349,0.09033317691224776,0.21515720319099013,"{""build_tower"":0.21515720319099013,""confirm_card_service_selection"":0.025574847489441575,""continue"":0.1377287658376349,""discard_treasure"":0.0,""place_tower"":0.0678085405912717,""purchase_shop_item"":0.10793054903801032,""remove_tower"":0.0,""reroll"":0.09033317691224776,""select_card_service_card"":0.025809479117785077,""select_treasure"":0.025105584232754576,""start_defense"":0.21515720319099013,""use_inventory_item"":0.08939465039887377}",0,0,0,0,2.74041014,31.303600752
guarded_R2,klguard-r2-p1,25,25,37.11923356850942,35.35734939575195,88.0,1.134299248456955,37.368531197309494,36.23423194885254,74,35,19,0.08545412456878716,0.029030379766647844,0.0801998509970658,0.3527188423314317,0.0023182970923752533,0,,,0.012280423194169998,68,68,68,4,0.01907169117647059,0.24274595361202955,0.8295637369155884,0.9800957424037133,0.014481943799182773,0.13920454545454544,0.08759469696969698,0.21496212121212122,"{""build_tower"":0.21496212121212122,""confirm_card_service_selection"":0.02793560606060606,""continue"":0.13920454545454544,""discard_treasure"":0.0,""place_tower"":0.06605113636363637,""purchase_shop_item"":0.10819128787878787,""remove_tower"":0.0,""reroll"":0.08759469696969698,""select_card_service_card"":0.02793560606060606,""select_treasure"":0.024857954545454544,""start_defense"":0.21496212121212122,""use_inventory_item"":0.08830492424242424}",0,0,0,0,2.638855824,30.569253223
guarded_R2,klguard-r2-p1,26,26,38.02351474761963,37.33474922180176,90.10416666666667,,,,,,,0.08161727736420499,0.03018517940203047,0.08376829786335721,0.3858576909950426,0.002067970047405384,0,,,0.011131941340863705,68,68,68,4,0.011624179218950518,0.269298920627026,0.7446244955062866,0.9820960447404491,0.013803191441933023,0.1375722543352601,0.0899421965317919,0.21526011560693642,"{""build_tower"":0.21526011560693642,""confirm_card_service_selection"":0.026820809248554914,""continue"":0.1375722543352601,""discard_treasure"":0.00023121387283236994,""place_tower"":0.06566473988439306,""purchase_shop_item"":0.10890173410404624,""remove_tower"":0.0,""reroll"":0.0899421965317919,""select_card_service_card"":0.027052023121387284,""select_treasure"":0.024739884393063585,""start_defense"":0.21526011560693642,""use_inventory_item"":0.08855491329479769}",0,0,0,0,2.652143728,31.76314001
guarded_R2,klguard-r2-p1,27,27,37.068301955858864,36.32974815368652,89.72916666666667,,,,,,,0.09262998431409264,0.037428211799091095,0.09072234886972343,0.43780571061864226,0.003473827756057718,0,,,0.015859924256801605,68,68,68,4,0.01748310958090074,0.2485658115542987,0.7719566822052002,0.984235355797831,0.012591225423795335,0.1409333642906896,0.0914789876944509,0.2103552356628744,"{""build_tower"":0.2103552356628744,""confirm_card_service_selection"":0.028790341304852564,""continue"":0.1409333642906896,""discard_treasure"":0.0,""place_tower"":0.062456466217785,""purchase_shop_item"":0.11144648247039703,""remove_tower"":0.0,""reroll"":0.0914789876944509,""select_card_service_card"":0.02925470164847922,""select_treasure"":0.02507545855583933,""start_defense"":0.2103552356628744,""use_inventory_item"":0.0898537264917576}",0,0,0,0,2.595576102,30.869902983
guarded_R2,klguard-r2-p1,28,28,38.65696907043457,38.51244926452637,93.27083333333333,,,,,,,0.08650117614584431,0.035944849554270165,0.0825332726041476,0.3555122421476849,0.0016978969475189842,1,24,0.021888479590415955,0.021888479590415955,24,24,72,4,0.006673177083333333,0.3200885436187188,0.7316077351570129,0.9776968824197879,0.017338970145728026,0.1362519544337726,0.09425954880500335,0.2115255751619388,"{""build_tower"":0.2115255751619388,""confirm_card_service_selection"":0.027250390886754523,""continue"":0.1362519544337726,""discard_treasure"":0.00022336385972749609,""place_tower"":0.06522224704042885,""purchase_shop_item"":0.11078847442483807,""remove_tower"":0.0,""reroll"":0.09425954880500335,""select_card_service_card"":0.027473754746482018,""select_treasure"":0.02524011614920706,""start_defense"":0.2115255751619388,""use_inventory_item"":0.09023899932990842}",0,0,0,0,2.724084217,17.370041474
guarded_R2,klguard-r2-p1,29,29,37.384781201680504,35.68674850463867,90.95833333333333,,,,,,,0.08385546367417626,0.035337251220280586,0.08148785390787655,0.4085503030873223,0.0031528862780368806,0,,,0.015158561989665031,72,72,72,4,0.01938399061974552,0.2555498903255082,2.142756223678589,0.9781346812592839,0.016227327131976683,0.14246449839670178,0.08657810352725608,0.20934493815849747,"{""build_tower"":0.20934493815849747,""confirm_card_service_selection"":0.03092075125973431,""continue"":0.14246449839670178,""discard_treasure"":0.00022904260192395785,""place_tower"":0.06275767292716446,""purchase_shop_item"":0.11223087494273935,""remove_tower"":0.0,""reroll"":0.08657810352725608,""select_card_service_card"":0.03137883646358223,""select_treasure"":0.02588181401740724,""start_defense"":0.20934493815849747,""use_inventory_item"":0.08886852954649564}",0,0,0,0,2.733017517,32.810056777
guarded_R2,klguard-r2-p1,30,30,37.27295430501302,35.90595054626465,90.66666666666667,1.4821009039878845,37.716332852840424,36.23423194885254,85,29,14,0.08085036508058048,0.03135253952275147,0.08434619113583774,0.40128936015565947,0.0018841115113044746,0,,,0.007225431501865387,68,68,68,4,0.014246323529411764,0.24575507969540708,0.5433779358863831,0.9813583416945879,0.015023687868105137,0.14315257352941177,0.08524816176470588,0.20978860294117646,"{""build_tower"":0.20978860294117646,""confirm_card_service_selection"":0.024816176470588234,""continue"":0.14315257352941177,""discard_treasure"":0.0,""place_tower"":0.06985294117647059,""purchase_shop_item"":0.11282169117647059,""remove_tower"":0.0,""reroll"":0.08524816176470588,""select_card_service_card"":0.025045955882352942,""select_treasure"":0.02412683823529412,""start_defense"":0.20978860294117646,""use_inventory_item"":0.09535845588235294}",0,0,0,0,2.657930776,30.854575302
guarded_R2,klguard-r2-p1,31,31,38.479676961898804,38.578399658203125,94.75,,,,,,,0.09012955203753979,0.037462586354641766,0.08914038973550002,0.5944960710484096,0.0033519520954617596,1,24,0.04401171952486038,0.04401171952486038,24,24,72,4,0.015512064196324596,0.3463768297806382,0.682416558265686,0.9802215258955329,0.01762572721216,0.14182058047493404,0.08641160949868074,0.20712401055408972,"{""build_tower"":0.20712401055408972,""confirm_card_service_selection"":0.02924362357080035,""continue"":0.14182058047493404,""discard_treasure"":0.0,""place_tower"":0.06288478452066842,""purchase_shop_item"":0.11829375549692173,""remove_tower"":0.0,""reroll"":0.08641160949868074,""select_card_service_card"":0.029463500439753737,""select_treasure"":0.024406332453825858,""start_defense"":0.20712401055408972,""use_inventory_item"":0.0932277924362357}",0,0,0,0,2.764868441,17.411410045
guarded_R2,klguard-r2-p1,32,32,36.54968551794688,35.23950004577637,86.70833333333333,,,,,,,0.10377595408539539,0.04925967795550062,0.10215318356366719,0.5635778148349987,0.002366004808222629,0,,,0.008770514279603958,68,68,68,4,0.019567805835429358,0.2620037080829634,0.5920791625976562,0.9827107582787165,0.013951767605784185,0.13334935127342623,0.08889956751561749,0.21528111484863047,"{""build_tower"":0.21528111484863047,""confirm_card_service_selection"":0.02739067755886593,""continue"":0.13334935127342623,""discard_treasure"":0.0002402691013935608,""place_tower"":0.0667948101874099,""purchase_shop_item"":0.11052378664103796,""remove_tower"":0.0,""reroll"":0.08889956751561749,""select_card_service_card"":0.02739067755886593,""select_treasure"":0.024987986544930323,""start_defense"":0.21528111484863047,""use_inventory_item"":0.08986064392119174}",0,0,0,0,2.522972457,30.225388556
guarded_R2,klguard-r2-p1,33,33,38.164373318354286,36.46965026855469,93.9375,,,,,,,0.09951425449985518,0.04078623443096379,0.10416152196771958,0.6288728798745211,0.0045191400926983885,1,68,0.02046176791191101,0.02046176791191101,68,68,72,4,0.027233982787412757,0.32392565237686916,1.0859184265136719,0.9823119427936929,0.015105084128056964,0.1430472388556221,0.0849412286538035,0.2078066090042138,"{""build_tower"":0.2078066090042138,""confirm_card_service_selection"":0.027056997116877358,""continue"":0.1430472388556221,""discard_treasure"":0.0,""place_tower"":0.0658682634730539,""purchase_shop_item"":0.11687735639831448,""remove_tower"":0.0,""reroll"":0.0849412286538035,""select_card_service_card"":0.027056997116877358,""select_treasure"":0.02417387447327567,""start_defense"":0.2078066090042138,""use_inventory_item"":0.09536482590374806}",0,0,0,0,2.851143201,32.374983165
guarded_R2,klguard-r2-p1,34,34,38.31927724679311,36.48080062866211,95.04166666666667,,,,,,,0.1096827796072816,0.04865076555817213,0.11384193444003661,0.7443652649339799,0.002741466933356504,0,,,0.008376402780413628,72,72,72,4,0.023765087670957048,0.3136133532971144,0.7950104475021362,0.9790492598019881,0.016499243560247123,0.14094695309074967,0.08790004384042087,0.20539237176676897,"{""build_tower"":0.20539237176676897,""confirm_card_service_selection"":0.028057869355545814,""continue"":0.14094695309074967,""discard_treasure"":0.00021920210434020167,""place_tower"":0.06685664182376151,""purchase_shop_item"":0.1183691363437089,""remove_tower"":0.0,""reroll"":0.08790004384042087,""select_card_service_card"":0.028496273564226217,""select_treasure"":0.024112231477422183,""start_defense"":0.20539237176676897,""use_inventory_item"":0.09425690486628671}",0,0,0,0,2.78423872,33.806912061
guarded_R2,klguard-r2-p1,35,35,38.657743533452354,36.52440071105957,94.33333333333333,1.3905195742845535,37.62475152313709,36.23423194885254,81,40,7,0.11569129289592296,0.052306134260589734,0.12476640784492095,0.7543542845268221,0.00409899379504471,0,,,0.01881672628223896,72,72,72,4,0.02328953602247768,0.3221976657708486,0.775439441204071,0.977157632833682,0.016743943017597,0.13670494699646643,0.08679328621908128,0.20914310954063603,"{""build_tower"":0.20914310954063603,""confirm_card_service_selection"":0.0267226148409894,""continue"":0.13670494699646643,""discard_treasure"":0.00044169611307420494,""place_tower"":0.06515017667844523,""purchase_shop_item"":0.11616607773851591,""remove_tower"":0.004196113074204947,""reroll"":0.08679328621908128,""select_card_service_card"":0.027164310954063603,""select_treasure"":0.024734982332155476,""start_defense"":0.20914310954063603,""use_inventory_item"":0.09363957597173145}",0,0,0,0,2.787324997,34.724324047
guarded_R2,klguard-r2-p1,36,36,37.44095834096273,35.532798767089844,88.5,,,,,,,0.12509758974551832,0.04628008611877952,0.12938306151944048,0.8162530226323632,0.003748695515723204,0,,,0.016971994191408157,68,68,68,4,0.023219814236440203,0.26850175682236166,0.728395402431488,0.9784399378463613,0.01828563442070256,0.1362994350282486,0.08615819209039548,0.21610169491525424,"{""build_tower"":0.21610169491525424,""confirm_card_service_selection"":0.025188323917137476,""continue"":0.1362994350282486,""discard_treasure"":0.0,""place_tower"":0.06779661016949153,""purchase_shop_item"":0.1085216572504708,""remove_tower"":0.0023540489642184556,""reroll"":0.08615819209039548,""select_card_service_card"":0.025423728813559324,""select_treasure"":0.025188323917137476,""start_defense"":0.21610169491525424,""use_inventory_item"":0.0908662900188324}",0,0,0,0,2.649396522,31.934413341
guarded_R2,klguard-r2-p1,37,37,38.637864549954735,37.660400390625,94.04166666666667,,,,,,,0.1326654142116552,0.043499660344499855,0.12976936341235132,0.8858339158575542,0.005677214787779535,1,33,0.05612779036164284,0.05612779036164284,33,33,72,4,0.022883639642686554,0.3742027490428,0.9475224614143372,0.979368439672303,0.015342162443428405,0.13712893221089942,0.09193619849357554,0.21023482498892335,"{""build_tower"":0.21023482498892335,""confirm_card_service_selection"":0.02724856003544528,""continue"":0.13712893221089942,""discard_treasure"":0.00022153300841825432,""place_tower"":0.06202924235711121,""purchase_shop_item"":0.11408949933540097,""remove_tower"":0.0015507310589277803,""reroll"":0.09193619849357554,""select_card_service_card"":0.02724856003544528,""select_treasure"":0.02459016393442623,""start_defense"":0.21023482498892335,""use_inventory_item"":0.09348692955250332}",0,0,0,0,2.804657781,19.824746783
guarded_R2,klguard-r2-p1,38,38,38.3436811765035,37.42584991455078,95.79166666666667,,,,,,,0.14825487407640955,0.06855701361245709,0.15800817709948337,0.8341094820976107,0.005235403215920087,1,28,0.021021375432610512,0.021021375432610512,28,28,72,4,0.026674560803387846,0.4641674224819456,1.4535746574401855,0.9817975116932331,0.014207174691061178,0.14723792953458026,0.09830361026533276,0.2044367116137451,"{""build_tower"":0.2044367116137451,""confirm_card_service_selection"":0.0254458460200087,""continue"":0.14723792953458026,""discard_treasure"":0.0,""place_tower"":0.06589821661591996,""purchase_shop_item"":0.11091779034362767,""remove_tower"":0.001087429317094389,""reroll"":0.09830361026533276,""select_card_service_card"":0.02631578947368421,""select_treasure"":0.02435841670291431,""start_defense"":0.2044367116137451,""use_inventory_item"":0.09156154849934754}",0,0,0,0,2.805438733,19.480883235
guarded_R2,klguard-r2-p1,39,39,39.69098126888275,37.14234924316406,95.02083333333333,,,,,,,0.15282837543400044,0.0764245588530007,0.14262208187331757,0.6583422597131569,0.003390225585968033,0,,,0.012523002922534943,72,72,72,4,0.02410333805407087,0.3456242025519411,0.9699698090553284,0.9685140987695965,0.02419304308326294,0.15281736461302345,0.08616531462398597,0.21289190966893226,"{""build_tower"":0.21289190966893226,""confirm_card_service_selection"":0.025213768910326683,""continue"":0.15281736461302345,""discard_treasure"":0.00021925016443762334,""place_tower"":0.05788204341153256,""purchase_shop_item"":0.10940583205437404,""remove_tower"":0.0010962508221881166,""reroll"":0.08616531462398597,""select_card_service_card"":0.02565226923920193,""select_treasure"":0.024117518088138567,""start_defense"":0.21289190966893226,""use_inventory_item"":0.09164656873492655}",0,0,0,0,2.776608154,33.694973617
guarded_R2,klguard-r2-p1,40,40,37.164735515912376,34.777849197387695,87.375,2.212442919611931,38.44667486846447,36.23423194885254,88,33,7,0.13858573470224744,0.055921468786013506,0.12975538116605842,0.6969366778823166,0.003229707688393212,0,,,0.01350908912718296,68,68,68,4,0.026664962855112904,0.34183952902608056,0.8181732296943665,0.9731915137648353,0.020982259432511294,0.13876967095851217,0.0910824988078207,0.2167381974248927,"{""build_tower"":0.2167381974248927,""confirm_card_service_selection"":0.02241297091082499,""continue"":0.13876967095851217,""discard_treasure"":0.0002384358607534573,""place_tower"":0.07057701478302336,""purchase_shop_item"":0.10538865045302813,""remove_tower"":0.0011921793037672865,""reroll"":0.0910824988078207,""select_card_service_card"":0.02241297091082499,""select_treasure"":0.025512637100619934,""start_defense"":0.2167381974248927,""use_inventory_item"":0.08893657606103958}",0,0,0,0,2.63837625,31.450812122
guarded_R2,klguard-r2-p1,41,41,39.061533172925316,35.9151496887207,95.75,,,,,,,0.14001468415384963,0.048349650798396794,0.15222248484690984,0.6894219107546934,0.003846455008169869,1,30,0.07695941627025604,0.07695941627025604,30,30,72,4,0.011496755480766296,0.3615809897581736,0.5900214314460754,0.9763686614054848,0.019500386383798387,0.14882506527415143,0.08855526544821583,0.2077893820713664,"{""build_tower"":0.2077893820713664,""confirm_card_service_selection"":0.030678851174934726,""continue"":0.14882506527415143,""discard_treasure"":0.0004351610095735422,""place_tower"":0.057441253263707574,""purchase_shop_item"":0.11531766753698869,""remove_tower"":0.0,""reroll"":0.08855526544821583,""select_card_service_card"":0.031331592689295036,""select_treasure"":0.023933855526544822,""start_defense"":0.2077893820713664,""use_inventory_item"":0.08790252393385553}",0,0,0,0,2.853867108,20.449657585
guarded_R2,klguard-r2-p1,42,42,37.59098970890045,36.9601993560791,91.83333333333333,,,,,,,0.13976273366058997,0.04721397489407774,0.14171702787280083,0.8790555238261779,0.004687380882968582,0,,,0.0166421290487051,72,72,72,4,0.029560391920515232,0.34330254989779657,1.0035717487335205,0.9813476122936201,0.014854485751129687,0.14360254083484575,0.09165154264972777,0.20871143375680581,"{""build_tower"":0.20871143375680581,""confirm_card_service_selection"":0.023139745916515426,""continue"":0.14360254083484575,""discard_treasure"":0.00022686025408348456,""place_tower"":0.06851179673321234,""purchase_shop_item"":0.11138838475499092,""remove_tower"":0.002268602540834846,""reroll"":0.09165154264972777,""select_card_service_card"":0.02336660617059891,""select_treasure"":0.023593466424682397,""start_defense"":0.20871143375680581,""use_inventory_item"":0.09482758620689655}",0,0,0,0,2.705710725,31.862927551
guarded_R2,klguard-r2-p1,43,43,38.07162288824717,35.68009948730469,92.79166666666667,,,,,,,0.157133370909361,0.053636319226090134,0.14900277872034845,0.8879487080307185,0.004088784560851909,1,47,0.020886458456516266,0.020886458456516266,47,47,72,4,0.02352550063044467,0.3782924700607645,1.1740666627883911,0.9761797859227692,0.01978711851148142,0.14728334081724292,0.08935788055680287,0.20925011225864393,"{""build_tower"":0.20925011225864393,""confirm_card_service_selection"":0.022900763358778626,""continue"":0.14728334081724292,""discard_treasure"":0.000224517287831163,""place_tower"":0.06376290974405029,""purchase_shop_item"":0.1122586439155815,""remove_tower"":0.001796138302649304,""reroll"":0.08935788055680287,""select_card_service_card"":0.02334979793444095,""select_treasure"":0.025145936237090254,""start_defense"":0.20925011225864393,""use_inventory_item"":0.09541984732824428}",0,0,0,0,2.686839313,24.448851625
guarded_R2,klguard-r2-p1,44,44,39.4352060953776,37.51930046081543,96.47916666666667,,,,,,,0.1349437806879584,0.037979537130989616,0.16416637417342927,1.7049884577556882,0.004150297520067801,1,45,0.045013170689344406,0.045013170689344406,45,45,76,4,0.017621527777777778,0.3225226485066944,1.184937834739685,0.9748486873140788,0.02010703032934352,0.14251781472684086,0.09069315482617145,0.20816238393435543,"{""build_tower"":0.20816238393435543,""confirm_card_service_selection"":0.02440077736989851,""continue"":0.14251781472684086,""discard_treasure"":0.0,""place_tower"":0.05938242280285035,""purchase_shop_item"":0.11660548477650616,""remove_tower"":0.0034549773267112936,""reroll"":0.09069315482617145,""select_card_service_card"":0.024616713452817966,""select_treasure"":0.02483264953573742,""start_defense"":0.20816238393435543,""use_inventory_item"":0.09717123731375513}",0,0,0,0,2.822634521,24.68210327
guarded_R2,klguard-r2-p1,45,45,39.18333546320597,39.167598724365234,94.8125,1.8669804781675339,38.10121242702007,36.23423194885254,79,48,1,0.20091880799896217,0.07114057613528221,0.1810213161839379,1.680479277438505,0.004617515614503039,0,,,0.01400258019566536,72,72,72,4,0.030662208614456985,0.3987934405191077,0.9113835692405701,0.9765762868454124,0.020399641568979457,0.13711272247857614,0.09404526477697209,0.21050318611294222,"{""build_tower"":0.21050318611294222,""confirm_card_service_selection"":0.01933640958031202,""continue"":0.13711272247857614,""discard_treasure"":0.0,""place_tower"":0.06240386728191606,""purchase_shop_item"":0.11294221050318612,""remove_tower"":0.00988793671720501,""reroll"":0.09404526477697209,""select_card_service_card"":0.01999560536145902,""select_treasure"":0.024609975829488026,""start_defense"":0.21050318611294222,""use_inventory_item"":0.0986596352450011}",0,0,0,0,2.813633202,33.049696076
guarded_R2,klguard-r2-p1,46,46,38.09728757540385,36.74690055847168,94.66666666666667,,,,,,,0.18508519356301997,0.06952696898663206,0.20674252013365427,3.175597000385797,0.004748930163935792,1,39,0.026858439669013023,0.026858439669013023,39,39,72,4,0.027176816255236283,0.3869308657371081,0.8786385655403137,0.9764425707853847,0.01876515422999445,0.13732394366197184,0.09286971830985916,0.2051056338028169,"{""build_tower"":0.2051056338028169,""confirm_card_service_selection"":0.02090669014084507,""continue"":0.13732394366197184,""discard_treasure"":0.0,""place_tower"":0.06580105633802817,""purchase_shop_item"":0.11839788732394366,""remove_tower"":0.007482394366197183,""reroll"":0.09286971830985916,""select_card_service_card"":0.021346830985915492,""select_treasure"":0.023767605633802816,""start_defense"":0.2051056338028169,""use_inventory_item"":0.10189260563380281}",0,0,0,0,2.833546267,22.917732231
guarded_R2,klguard-r2-p1,47,47,36.770456512769066,35.72185134887695,93.375,,,,,,,0.28541268316905777,0.12011141799671703,0.27880812287330625,2.7423066184720946,0.005036699341993274,1,30,0.023695550858974457,0.023695550858974457,30,30,72,4,0.03266626602659623,0.9021021276712418,2.785505771636963,0.9597029896922418,0.035775892410634294,0.13453815261044177,0.09125390450691656,0.2005800981704596,"{""build_tower"":0.2005800981704596,""confirm_card_service_selection"":0.018295403837572513,""continue"":0.13453815261044177,""discard_treasure"":0.0,""place_tower"":0.06559571619812583,""purchase_shop_item"":0.1106648817492191,""remove_tower"":0.03815261044176707,""reroll"":0.09125390450691656,""select_card_service_card"":0.018518518518518517,""select_treasure"":0.023650156180276664,""start_defense"":0.2005800981704596,""use_inventory_item"":0.09817045961624275}",0,0,0,0,2.697023145,18.324465687
guarded_R2,klguard-r2-p1,48,48,37.84546033541361,37.51944923400879,93.52083333333333,,,,,,,0.24854969357006382,0.07922208166775954,0.26621077422584805,2.72844011487063,0.005081123114060964,1,28,0.059144485741853714,0.059144485741853714,28,28,72,4,0.025159467809966633,0.5001739907477584,1.1910582780838013,0.9754350836071389,0.022672776132822037,0.13254622410336378,0.1022499443083092,0.20628202272220986,"{""build_tower"":0.20628202272220986,""confirm_card_service_selection"":0.015148139897527288,""continue"":0.13254622410336378,""discard_treasure"":0.00044553352639786146,""place_tower"":0.07128536422365783,""purchase_shop_item"":0.11160614836266429,""remove_tower"":0.012920472265537981,""reroll"":0.1022499443083092,""select_card_service_card"":0.015148139897527288,""select_treasure"":0.02405881042548452,""start_defense"":0.20628202272220986,""use_inventory_item"":0.10202717754511027}",0,0,0,0,2.855341336,19.114912024
guarded_R2,klguard-r2-p1,49,49,35.746312419573464,33.90904998779297,87.64583333333333,,,,,,,0.31070043940653275,0.10839975117569846,0.3257796685946615,6.79035744321026,0.005301545805483137,1,19,0.020249543711543083,0.020249543711543083,19,19,68,4,0.038349410224902,0.6746547363306347,1.4396089315414429,0.9712221962782992,0.02108888577341157,0.12693130496791064,0.09793201806512955,0.20893748514380794,"{""build_tower"":0.20893748514380794,""confirm_card_service_selection"":0.01711433325410031,""continue"":0.12693130496791064,""discard_treasure"":0.0009507962918944616,""place_tower"":0.07368671262182078,""purchase_shop_item"":0.10197290230568101,""remove_tower"":0.029236985975754696,""reroll"":0.09793201806512955,""select_card_service_card"":0.01711433325410031,""select_treasure"":0.024483004516282388,""start_defense"":0.20893748514380794,""use_inventory_item"":0.09270263845971001}",0,0,0,0,2.610918457,14.744892341
guarded_R2,klguard-r2-p1,50,50,37.50328322251638,35.809200286865234,98.39583333333333,1.0270390212535858,37.261270970106125,36.23423194885254,75,52,1,0.3925380028867546,0.1553800343594102,0.4189874617492451,7.280132040915457,0.007555653618349906,1,34,0.027722179889678955,0.027722179889678955,34,34,76,4,0.07193594151998267,0.8508338305880042,2.303595781326294,0.9514263280122448,0.036496821031170454,0.126402710141859,0.08638577175524031,0.19457971628202414,"{""build_tower"":0.19457971628202414,""confirm_card_service_selection"":0.01863222528054203,""continue"":0.126402710141859,""discard_treasure"":0.0004234596654668643,""place_tower"":0.06351894982002965,""purchase_shop_item"":0.11115816218505187,""remove_tower"":0.0645775989836968,""reroll"":0.08638577175524031,""select_card_service_card"":0.019055684946008893,""select_treasure"":0.023078551767944103,""start_defense"":0.19457971628202414,""use_inventory_item"":0.09760745289011222}",0,0,0,0,2.835619052,21.465001419
guarded_R2,klguard-r2-p1,51,51,35.113074938456215,35.24279975891113,91.20833333333333,,,,,,,0.4437988314262639,0.17077618936998096,0.43958421402117787,8.997425791934205,0.008427439482655993,1,34,0.021170852705836296,0.021170852705836296,34,34,72,4,0.05237203058512772,0.8809735214009005,1.7253023386001587,0.9593666801050771,0.0350853801291022,0.11946094106898127,0.08816811329374144,0.19643672910004567,"{""build_tower"":0.19643672910004567,""confirm_card_service_selection"":0.01416171767930562,""continue"":0.11946094106898127,""discard_treasure"":0.0006852444038373687,""place_tower"":0.0678391959798995,""purchase_shop_item"":0.10941068981269986,""remove_tower"":0.06920968478757424,""reroll"":0.08816811329374144,""select_card_service_card"":0.01416171767930562,""select_treasure"":0.024211968935587025,""start_defense"":0.19643672910004567,""use_inventory_item"":0.09981726815897671}",0,0,0,0,2.584820309,19.453904269
guarded_R2,klguard-r2-p1,52,52,32.85312898953756,33.81985092163086,87.66666666666667,,,,,,,0.5313088863301688,0.2103513082734173,0.509649924609972,7.239562802811189,0.0069207661667662805,1,23,0.02193109504878521,0.02193109504878521,23,23,68,4,0.07322399075264516,0.8667931310508562,1.5280808210372925,0.9050539664186225,0.08276101251078002,0.12333650190114069,0.08887832699619772,0.19082699619771862,"{""build_tower"":0.19082699619771862,""confirm_card_service_selection"":0.010218631178707225,""continue"":0.12333650190114069,""discard_treasure"":0.0009505703422053232,""place_tower"":0.06487642585551331,""purchase_shop_item"":0.09695817490494296,""remove_tower"":0.10551330798479087,""reroll"":0.08887832699619772,""select_card_service_card"":0.010218631178707225,""select_treasure"":0.02328897338403042,""start_defense"":0.19082699619771862,""use_inventory_item"":0.094106463878327}",0,0,0,0,2.419560779,14.692049049
guarded_R2,klguard-r2-p1,53,53,34.480652252833046,34.25659942626953,87.14583333333333,,,,,,,0.4700580324432661,0.18004278292877238,0.45526010791460675,5.32475644085233,0.007994164295572167,1,18,0.02126884274184704,0.02126884274184704,18,18,68,4,0.053552542295720845,0.8259978857305315,2.172056198120117,0.9453323879300333,0.04969824817689026,0.12598613435333492,0.0934735835524743,0.20224719101123595,"{""build_tower"":0.20224719101123595,""confirm_card_service_selection"":0.016256275400430314,""continue"":0.12598613435333492,""discard_treasure"":0.0002390628735357399,""place_tower"":0.06813291895768588,""purchase_shop_item"":0.09921109251733205,""remove_tower"":0.061200095625149414,""reroll"":0.0934735835524743,""select_card_service_card"":0.01673440114750179,""select_treasure"":0.02342816160650251,""start_defense"":0.20224719101123595,""use_inventory_item"":0.09084389194358117}",0,0,0,0,2.519414295,14.257123869
guarded_R2,klguard-r2-p1,54,54,37.1724708477656,34.139299392700195,97.33333333333333,,,,,,,0.4628340633141823,0.18411907295337837,0.4640600621700287,8.935686974266055,0.005680183875642797,1,10,0.02073451690375805,0.02073451690375805,10,10,76,4,0.0625,0.8087522387504578,1.183606743812561,0.9576266216055132,0.037650145271694975,0.13227739726027396,0.09524828767123288,0.19434931506849315,"{""build_tower"":0.19434931506849315,""confirm_card_service_selection"":0.01797945205479452,""continue"":0.13227739726027396,""discard_treasure"":0.0008561643835616438,""place_tower"":0.0642123287671233,""purchase_shop_item"":0.10809075342465753,""remove_tower"":0.05607876712328767,""reroll"":0.09524828767123288,""select_card_service_card"":0.018407534246575343,""select_treasure"":0.022902397260273974,""start_defense"":0.19434931506849315,""use_inventory_item"":0.09524828767123288}",0,0,0,0,2.8221899390000003,13.159662415
guarded_R2,klguard-r2-p1,55,55,32.673608223597206,33.49114990234375,87.375,1.5043718069791794,37.73860375583172,36.23423194885254,77,50,1,0.53061501086196,0.21477841150244575,0.5111062377691269,6.589287506984961,0.006569056075610054,1,12,0.022122802212834358,0.022122802212834358,12,12,68,4,0.0615234375,0.9462199360132217,1.6819305419921875,0.9378170423291586,0.048672040458768606,0.11921793037672866,0.09370529327610873,0.19074868860276586,"{""build_tower"":0.19074868860276586,""confirm_card_service_selection"":0.013113972341440152,""continue"":0.11921793037672866,""discard_treasure"":0.000715307582260372,""place_tower"":0.0670004768717215,""purchase_shop_item"":0.0994277539341917,""remove_tower"":0.09418216499761564,""reroll"":0.09370529327610873,""select_card_service_card"":0.01335240820219361,""select_treasure"":0.02312827849308536,""start_defense"":0.19074868860276586,""use_inventory_item"":0.09465903671912256}",0,0,0,0,2.440655093,11.875929088
guarded_R2,klguard-r2-p1,56,56,34.866066773732506,34.76945114135742,91.625,,,,,,,0.45126268932282604,0.16951146164704145,0.45031115460017374,4.456256263333273,0.006566461100437519,1,63,0.02090856432914734,0.02090856432914734,63,63,72,4,0.0577688276294678,0.7763971899236951,1.5273830890655518,0.9564344568462188,0.03584209343211518,0.13460663938153705,0.0964074579354252,0.19417917235106866,"{""build_tower"":0.19417917235106866,""confirm_card_service_selection"":0.016143701682582993,""continue"":0.13460663938153705,""discard_treasure"":0.00045475216007276033,""place_tower"":0.06866757617098682,""purchase_shop_item"":0.11027739881764438,""remove_tower"":0.04547521600727603,""reroll"":0.0964074579354252,""select_card_service_card"":0.016143701682582993,""select_treasure"":0.023192360163710776,""start_defense"":0.19417917235106866,""use_inventory_item"":0.10027285129604366}",0,0,0,0,2.687668735,28.540407632
guarded_R2,klguard-r2-p1,57,57,36.88728121916453,36.114999771118164,93.6875,,,,,,,0.42156177526333544,0.15596463060243732,0.41570529176129234,4.135088541544604,0.006327254344897584,0,,,0.01759456656873226,72,72,72,4,0.05587658648275667,0.6414232473406527,1.476716160774231,0.9639085618804216,0.02707986722493337,0.1400933955970647,0.09695352457193684,0.20124527462752947,"{""build_tower"":0.20124527462752947,""confirm_card_service_selection"":0.01801200800533689,""continue"":0.1400933955970647,""discard_treasure"":0.00022237046920169,""place_tower"":0.0669335112297087,""purchase_shop_item"":0.10873915943962642,""remove_tower"":0.028241049588614633,""reroll"":0.09695352457193684,""select_card_service_card"":0.01823437847453858,""select_treasure"":0.023793640204580833,""start_defense"":0.20124527462752947,""use_inventory_item"":0.09628641316433177}",0,0,0,0,2.752406564,32.50761408
guarded_R2,klguard-r2-p1,58,58,36.06618960698446,35.3484992980957,88.9375,,,,,,,0.4567424448325615,0.1478737106587299,0.4507385619422969,3.2379636601484854,0.00638452416013238,0,,,0.016412820667028427,68,68,68,4,0.058919492122881556,0.7968815639615059,2.4809539318084717,0.9713288943400481,0.022496682495864874,0.13726868118997423,0.10002342468962286,0.20660576247364723,"{""build_tower"":0.20660576247364723,""confirm_card_service_selection"":0.014054813773717497,""continue"":0.13726868118997423,""discard_treasure"":0.0,""place_tower"":0.06746310611384398,""purchase_shop_item"":0.1061138439915671,""remove_tower"":0.02600140548137737,""reroll"":0.10002342468962286,""select_card_service_card"":0.014289060669946124,""select_treasure"":0.023658936519091123,""start_defense"":0.20660576247364723,""use_inventory_item"":0.09791520262356523}",0,0,0,0,2.633323213,31.50029467
guarded_R2,klguard-r2-p1,59,59,38.108624736467995,36.56294822692871,96.70833333333333,,,,,,,0.4098810859780126,0.11599439950899705,0.3965424961513943,2.545185654825624,0.006669730596008271,1,9,0.02446773089468479,0.02446773089468479,9,9,76,4,0.03732638888888889,0.6306808590888977,0.8654499650001526,0.9759597170835369,0.01909791797056402,0.14218009478672985,0.0958638517880224,0.2012063765618268,"{""build_tower"":0.2012063765618268,""confirm_card_service_selection"":0.017664799655320983,""continue"":0.14218009478672985,""discard_treasure"":0.0006462731581214993,""place_tower"":0.07173632055148643,""purchase_shop_item"":0.11482119775958638,""remove_tower"":0.014002585092632486,""reroll"":0.0958638517880224,""select_card_service_card"":0.017880224041361484,""select_treasure"":0.023265833692373977,""start_defense"":0.2012063765618268,""use_inventory_item"":0.0995260663507109}",0,0,0,0,2.910043944,13.185372586
guarded_R2,klguard-r2-p1,60,60,39.593195835749306,37.54985046386719,97.52083333333333,2.7063110023736954,38.940542951226234,36.23423194885254,92,34,2,0.37534748245812216,0.0915871848333938,0.3999764891831498,2.6572213138670286,0.005661214208502267,0,,,0.019793065264821053,76,76,76,4,0.04567242698057702,0.5446378373001751,1.7732025384902954,0.9657522979834067,0.028171005928398746,0.15103610339671011,0.10083315530869473,0.20700704977568896,"{""build_tower"":0.20700704977568896,""confirm_card_service_selection"":0.01858577227088229,""continue"":0.15103610339671011,""discard_treasure"":0.00021362956633198035,""place_tower"":0.06323435163426619,""purchase_shop_item"":0.10895107882930997,""remove_tower"":0.006836146122623371,""reroll"":0.10083315530869473,""select_card_service_card"":0.01858577227088229,""select_treasure"":0.0239265114291818,""start_defense"":0.20700704977568896,""use_inventory_item"":0.09378337961973937}",0,0,0,0,2.918410807,36.709283866
guarded_R2,klguard-r2-p1,61,61,40.00686264038086,39.36410140991211,101.45833333333333,,,,,,,0.40463680645876854,0.10021308868808221,0.3747743743580657,2.3720953453956395,0.00663892506318243,1,77,0.02003428339958191,0.02003428339958191,77,77,80,4,0.060775162337662336,0.5732879321296493,2.3491599559783936,0.9751549903208291,0.021944404841633514,0.15441478439425052,0.0944558521560575,0.20061601642710472,"{""build_tower"":0.20061601642710472,""confirm_card_service_selection"":0.01868583162217659,""continue"":0.15441478439425052,""discard_treasure"":0.0,""place_tower"":0.06283367556468172,""purchase_shop_item"":0.1186858316221766,""remove_tower"":0.0039014373716632442,""reroll"":0.0944558521560575,""select_card_service_card"":0.01868583162217659,""select_treasure"":0.02402464065708419,""start_defense"":0.20061601642710472,""use_inventory_item"":0.10308008213552361}",0,0,0,0,2.964641054,36.829156164
guarded_R2,klguard-r2-p1,62,62,36.600352009137474,34.848100662231445,90.39583333333333,,,,,,,0.35529270800547774,0.10176297585621728,0.3584815189242363,2.4412849701581547,0.004096943893393793,0,,,0.009549013338983059,68,68,68,4,0.041655555997482115,0.4900791307582575,1.0431578159332275,0.9770790913451428,0.01950353678480229,0.14519474533302604,0.10440193592993777,0.2071905969117308,"{""build_tower"":0.2071905969117308,""confirm_card_service_selection"":0.01889836367826688,""continue"":0.14519474533302604,""discard_treasure"":0.0,""place_tower"":0.06637474072366904,""purchase_shop_item"":0.10716755012675731,""remove_tower"":0.005992164093109011,""reroll"":0.10440193592993777,""select_card_service_card"":0.019128831528001843,""select_treasure"":0.024660059921640932,""start_defense"":0.2071905969117308,""use_inventory_item"":0.09380041484212952}",0,0,0,0,2.668191813,32.735565839
guarded_R2,klguard-r2-p1,63,63,39.85507082939148,38.05204963684082,99.33333333333333,,,,,,,0.36820655495672033,0.10159851766743747,0.39060475638038233,2.5738048048688267,0.004585316438599899,0,,,0.012498140335083008,76,76,76,4,0.042475329001287095,0.5091286787861272,0.9645748734474182,0.9702432366559858,0.027720326435213025,0.1486996644295302,0.09563758389261745,0.20469798657718122,"{""build_tower"":0.20469798657718122,""confirm_card_service_selection"":0.020134228187919462,""continue"":0.1486996644295302,""discard_treasure"":0.0006291946308724832,""place_tower"":0.06501677852348993,""purchase_shop_item"":0.11409395973154363,""remove_tower"":0.0050335570469798654,""reroll"":0.09563758389261745,""select_card_service_card"":0.020343959731543623,""select_treasure"":0.024119127516778523,""start_defense"":0.20469798657718122,""use_inventory_item"":0.09689597315436242}",0,0,0,0,3.005420158,38.031545973
guarded_R2,klguard-r2-p1,64,64,39.59349584579468,38.18025016784668,101.14583333333333,,,,,,,0.3821753146144842,0.11347370402132491,0.3888430477757203,2.5642861745387617,0.0037227717311907327,0,,,0.016272693872451782,76,76,76,4,0.03342661278714475,0.6107040957400673,1.1077616214752197,0.9749802372727261,0.024521973645804745,0.15592173017507724,0.09680741503604531,0.2,"{""build_tower"":0.2,""confirm_card_service_selection"":0.01874356333676622,""continue"":0.15592173017507724,""discard_treasure"":0.00041194644696189496,""place_tower"":0.06467559217301751,""purchase_shop_item"":0.11616889804325438,""remove_tower"":0.004119464469618949,""reroll"":0.09680741503604531,""select_card_service_card"":0.019361483007209062,""select_treasure"":0.02368692070030896,""start_defense"":0.2,""use_inventory_item"":0.10010298661174047}",0,0,0,0,3.111355045,39.437536832
guarded_R2,klguard-r2-p1,65,65,38.64475647608439,38.38170051574707,95.9375,3.1328827887773514,39.36711473762989,36.23423194885254,92,35,1,0.3977215975940675,0.10674115287503094,0.38348594307899475,2.6177369700066935,0.005383814639091927,0,,,0.01199865061789751,72,72,72,4,0.04202306694868538,0.49413937826951343,1.4250006675720215,0.9770395878157483,0.02191319975018915,0.149185667752443,0.10510314875135722,0.20477741585233442,"{""build_tower"":0.20477741585233442,""confirm_card_service_selection"":0.020846905537459284,""continue"":0.149185667752443,""discard_treasure"":0.00043431053203040176,""place_tower"":0.06427795874049946,""purchase_shop_item"":0.10922909880564603,""remove_tower"":0.0023887079261672097,""reroll"":0.10510314875135722,""select_card_service_card"":0.021064060803474484,""select_treasure"":0.024104234527687295,""start_defense"":0.20477741585233442,""use_inventory_item"":0.09381107491856677}",0,0,0,0,2.855349663,34.638430349
guarded_R2,klguard-r2-p1,66,66,38.694814602533974,37.42649841308594,96.02083333333333,,,,,,,0.39177939555323216,0.10381268646755594,0.41861691178852006,2.6976313879233205,0.00481658599308407,0,,,0.014933593571186066,76,76,76,4,0.04887952302631579,0.5968968537881186,3.745542049407959,0.9807439745729372,0.01969823305874965,0.15990453460620524,0.1017574311130397,0.20481666305055327,"{""build_tower"":0.20481666305055327,""confirm_card_service_selection"":0.022564547624213494,""continue"":0.15990453460620524,""discard_treasure"":0.0006509004122369278,""place_tower"":0.057279236276849645,""purchase_shop_item"":0.10891733564764591,""remove_tower"":0.0017357344326318074,""reroll"":0.1017574311130397,""select_card_service_card"":0.023215448036450422,""select_treasure"":0.02386634844868735,""start_defense"":0.20481666305055327,""use_inventory_item"":0.09047515730093296}",0,0,0,0,2.843003469,35.659367950000004
guarded_R2,klguard-r2-p1,67,67,39.83946045239767,37.03879928588867,103.04166666666667,,,,,,,0.3969030712066051,0.11212402955520942,0.3854534737765789,2.6112722997499267,0.005006763548453819,0,,,0.011882820166647434,80,80,80,4,0.051279058679938316,0.5615084255114198,1.2395243644714355,0.9762142053388255,0.02126730582676828,0.1597250303275374,0.09704811969268096,0.19632025879498585,"{""build_tower"":0.19632025879498585,""confirm_card_service_selection"":0.02042054185200162,""continue"":0.1597250303275374,""discard_treasure"":0.0010109179134654266,""place_tower"":0.06389001213101496,""purchase_shop_item"":0.11767084512737566,""remove_tower"":0.00303275374039628,""reroll"":0.09704811969268096,""select_card_service_card"":0.020824909017387788,""select_treasure"":0.022644561261625555,""start_defense"":0.19632025879498585,""use_inventory_item"":0.10109179134654266}",0,0,0,0,3.169010719,39.402665264
guarded_R2,klguard-r2-p1,68,68,39.327464739481606,36.74505043029785,100.875,,,,,,,0.37092299611527435,0.09392609871199047,0.37836100357143504,2.366229432267625,0.004910901888419367,0,,,0.010883789509534836,76,76,76,4,0.05057653662209448,0.4906220549815579,1.0008254051208496,0.9778319676766373,0.01838561913341676,0.15014456836018175,0.09871953738124742,0.19847170590665014,"{""build_tower"":0.19847170590665014,""confirm_card_service_selection"":0.02664188351920694,""continue"":0.15014456836018175,""discard_treasure"":0.0004130524576621231,""place_tower"":0.06629491945477076,""purchase_shop_item"":0.11586121437422553,""remove_tower"":0.0026848409748038,""reroll"":0.09871953738124742,""select_card_service_card"":0.026848409748038,""select_treasure"":0.023337463857909954,""start_defense"":0.19847170590665014,""use_inventory_item"":0.09211069805865345}",0,0,0,0,3.070519381,37.919776098
guarded_R2,klguard-r2-p1,69,69,38.38633322715759,37.95419883728027,95.0625,,,,,,,0.36901818686114324,0.09059887488207607,0.36700503155589104,2.4697819427017924,0.00434090797984431,0,,,0.016398785635828972,72,72,72,4,0.03989712927593953,0.5057950468940867,0.8847807049751282,0.9781361600760484,0.01833178167645302,0.1472715318869165,0.0957703265395573,0.20534735919351305,"{""build_tower"":0.20534735919351305,""confirm_card_service_selection"":0.021257944334867412,""continue"":0.1472715318869165,""discard_treasure"":0.0006574621959237344,""place_tower"":0.06421214113521806,""purchase_shop_item"":0.1148367302213456,""remove_tower"":0.0008766162612316459,""reroll"":0.0957703265395573,""select_card_service_card"":0.021915406530791146,""select_treasure"":0.02410694718387026,""start_defense"":0.20534735919351305,""use_inventory_item"":0.09840017532325225}",0,0,0,0,2.8384304399999998,34.465733347
guarded_R2,klguard-r2-p1,70,70,39.77266867955526,38.59499931335449,99.66666666666667,3.420725092291832,39.65495704114437,36.23423194885254,97,29,2,0.37675545739333294,0.08612475774622735,0.38124377554968786,2.4435201912638145,0.0038164022446216294,0,,,0.010229812003672123,76,76,76,4,0.044010728254522145,0.5417651579176125,0.903177797794342,0.9758181446277894,0.019571077740310056,0.1454849498327759,0.09782608695652174,0.20338628762541805,"{""build_tower"":0.20338628762541805,""confirm_card_service_selection"":0.022366220735785952,""continue"":0.1454849498327759,""discard_treasure"":0.0,""place_tower"":0.06542642140468227,""purchase_shop_item"":0.11538461538461539,""remove_tower"":0.001463210702341137,""reroll"":0.09782608695652174,""select_card_service_card"":0.023202341137123744,""select_treasure"":0.02403846153846154,""start_defense"":0.20338628762541805,""use_inventory_item"":0.09803511705685619}",0,0,0,0,2.993744372,36.776003601
guarded_R2,klguard-r2-p1,71,71,38.9364207983017,37.532249450683594,96.83333333333333,,,,,,,0.3706404844287082,0.09104239290079164,0.37212171680048894,2.278100242290807,0.006846926242360496,1,38,0.03892553597688675,0.03892553597688675,38,38,76,4,0.03745888163776774,0.5732299865860688,1.5258692502975464,0.9802119543230151,0.01664002191912579,0.14565404475043028,0.09746127366609295,0.2046041308089501,"{""build_tower"":0.2046041308089501,""confirm_card_service_selection"":0.017857142857142856,""continue"":0.14565404475043028,""discard_treasure"":0.0,""place_tower"":0.0682013769363167,""purchase_shop_item"":0.11682444061962134,""remove_tower"":0.0012908777969018934,""reroll"":0.09746127366609295,""select_card_service_card"":0.018072289156626505,""select_treasure"":0.023666092943201378,""start_defense"":0.2046041308089501,""use_inventory_item"":0.10176419965576593}",0,0,0,0,2.921094805,22.482626543
guarded_R2,klguard-r2-p1,72,72,40.17231047153473,37.80590057373047,101.20833333333333,,,,,,,0.34098513941099506,0.08551326547636345,0.3655072764346474,2.5835984141076547,0.004134646233661729,0,,,0.01101868785917759,76,76,76,4,0.041487253295551786,0.4646068397713335,0.875219464302063,0.9741294634121331,0.017511034813268406,0.14429806504734458,0.092013174145739,0.20193495265541375,"{""build_tower"":0.20193495265541375,""confirm_card_service_selection"":0.02058460271716756,""continue"":0.14429806504734458,""discard_treasure"":0.0,""place_tower"":0.06545903664059284,""purchase_shop_item"":0.12289007822149033,""remove_tower"":0.0004116920543433512,""reroll"":0.092013174145739,""select_card_service_card"":0.020790448744339236,""select_treasure"":0.023466447097571015,""start_defense"":0.20193495265541375,""use_inventory_item"":0.1062165500205846}",0,0,0,0,3.073057101,38.088445645
guarded_R2,klguard-r2-p1,73,73,39.65437706311544,38.602399826049805,98.0,,,,,,,0.3517489385350564,0.10275566110733787,0.34593008733109426,2.4300782603639055,0.0035559690390743384,0,,,0.012075863778591156,76,76,76,4,0.03746916118421053,0.5279829221728601,1.2925609350204468,0.9733644114176017,0.02157445501928267,0.1524234693877551,0.09672619047619048,0.20642006802721088,"{""build_tower"":0.20642006802721088,""confirm_card_service_selection"":0.021258503401360544,""continue"":0.1524234693877551,""discard_treasure"":0.0008503401360544217,""place_tower"":0.06313775510204081,""purchase_shop_item"":0.11203231292517007,""remove_tower"":0.0021258503401360546,""reroll"":0.09672619047619048,""select_card_service_card"":0.021683673469387755,""select_treasure"":0.024022108843537414,""start_defense"":0.20642006802721088,""use_inventory_item"":0.09289965986394558}",0,0,0,0,2.899741152,35.288032257
guarded_R2,klguard-r2-p1,74,74,38.46399807929993,36.22665023803711,95.1875,,,,,,,0.34416367393311986,0.09684213434874796,0.34990696443451774,2.4205290396405816,0.005679831922381911,0,,,0.01853821612894535,72,72,72,4,0.042756486425383225,0.5130996888296472,0.9150233864784241,0.9777194789071908,0.017200726640617683,0.15605165244035893,0.10089735171810024,0.20573429634493326,"{""build_tower"":0.20573429634493326,""confirm_card_service_selection"":0.018384766907419567,""continue"":0.15605165244035893,""discard_treasure"":0.0008754650908295032,""place_tower"":0.06565988181221274,""purchase_shop_item"":0.10833880499015101,""remove_tower"":0.001094331363536879,""reroll"":0.10089735171810024,""select_card_service_card"":0.018603633180126943,""select_treasure"":0.023637557452396585,""start_defense"":0.20573429634493326,""use_inventory_item"":0.0949879623550011}",0,0,0,0,2.889970772,35.852397998
guarded_R2,klguard-r2-p1,75,75,39.734114487965904,36.35154914855957,98.77083333333333,3.8545390963554382,40.08877104520798,36.23423194885254,103,24,1,0.34217113448638065,0.08481534805470133,0.33935864975577906,2.478554537068457,0.003403079443411403,0,,,0.00766793405637145,76,76,76,4,0.03652969796798731,0.5357580816275195,1.035521149635315,0.974596374303478,0.020666838280464474,0.14828095338536174,0.0951276102088167,0.20438726007171482,"{""build_tower"":0.20438726007171482,""confirm_card_service_selection"":0.02256907825353301,""continue"":0.14828095338536174,""discard_treasure"":0.0004218519299725796,""place_tower"":0.0641214933558321,""purchase_shop_item"":0.11558742881248682,""remove_tower"":0.0018983336848766082,""reroll"":0.0951276102088167,""select_card_service_card"":0.02299093018350559,""select_treasure"":0.02383463404345075,""start_defense"":0.20438726007171482,""use_inventory_item"":0.09639316599873445}",0,0,0,0,2.927204219,36.607749917
guarded_R2,klguard-r2-p2,76,1,40.15513543287913,39.43819999694824,102.66666666666667,,,,,,,0.33883488248329974,0.09118319945328095,0.3650345504283905,3.1505082945003333,0.005659544901741735,1,48,0.037964120507240295,0.037964120507240295,48,48,80,4,0.041829427083333336,0.5615012161433697,1.2273114919662476,0.9769586515392049,0.020151971932500602,0.143262987012987,0.09577922077922078,0.19886363636363635,"{""build_tower"":0.19886363636363635,""confirm_card_service_selection"":0.02333603896103896,""continue"":0.143262987012987,""discard_treasure"":0.00040584415584415587,""place_tower"":0.06737012987012987,""purchase_shop_item"":0.12195616883116883,""remove_tower"":0.003043831168831169,""reroll"":0.09577922077922078,""select_card_service_card"":0.024147727272727272,""select_treasure"":0.02333603896103896,""start_defense"":0.19886363636363635,""use_inventory_item"":0.09963474025974026}",0,0,0,0,3.066491385,26.154738
guarded_R2,klguard-r2-p2,77,2,39.478606263796486,38.17234992980957,100.79166666666667,,,,,,,0.37390916187470774,0.0920890320836745,0.38025564504297155,3.1415074511416043,0.00405097623091646,0,,,0.010518824681639671,76,76,76,4,0.04064287752599308,0.582715604258211,1.1549186706542969,0.975442271090139,0.020698179074219968,0.1552294336502687,0.10086812732534105,0.2002893757751137,"{""build_tower"":0.2002893757751137,""confirm_card_service_selection"":0.024803637866887142,""continue"":0.1552294336502687,""discard_treasure"":0.00020669698222405952,""place_tower"":0.05704836709384043,""purchase_shop_item"":0.11657709797436958,""remove_tower"":0.0024803637866887144,""reroll"":0.10086812732534105,""select_card_service_card"":0.025423728813559324,""select_treasure"":0.023356758991318727,""start_defense"":0.2002893757751137,""use_inventory_item"":0.09342703596527491}",0,0,0,0,2.928522149,33.99221465
guarded_R2,klguard-r2-p2,78,3,39.87100831667582,38.27250099182129,101.08333333333333,,,,,,,0.3971888636111878,0.09223133618326365,0.38450162936198085,2.986222033500242,0.0036318481729363397,0,,,0.008455673232674599,76,76,76,4,0.038549362289670264,0.6037938120333772,1.143186330795288,0.9811972360980176,0.017636128345896538,0.1483924154987634,0.10614179719703215,0.20115416323165705,"{""build_tower"":0.20115416323165705,""confirm_card_service_selection"":0.018961253091508656,""continue"":0.1483924154987634,""discard_treasure"":0.0,""place_tower"":0.06595218466611706,""purchase_shop_item"":0.1145919208573784,""remove_tower"":0.0016488046166529267,""reroll"":0.10614179719703215,""select_card_service_card"":0.01916735366859027,""select_treasure"":0.023495465787304205,""start_defense"":0.20115416323165705,""use_inventory_item"":0.09934047815333882}",0,0,0,0,3.076355139,34.135643316
guarded_R2,klguard-r2-p2,79,4,40.03647927443186,38.5526008605957,100.35416666666667,,,,,,,0.36454023768581945,0.09115706230111745,0.363177517919164,3.2318677325808096,0.00470004168801097,0,,,0.012024405412375927,76,76,76,4,0.046087060932462155,0.5752925394397033,1.4091744422912598,0.9749954187913531,0.01944352346962612,0.15569856757317832,0.10525223167946855,0.2032385302055221,"{""build_tower"":0.2032385302055221,""confirm_card_service_selection"":0.017438239568195974,""continue"":0.15569856757317832,""discard_treasure"":0.00020759809009757111,""place_tower"":0.06165663275897862,""purchase_shop_item"":0.11314095910317624,""remove_tower"":0.0006227942702927133,""reroll"":0.10525223167946855,""select_card_service_card"":0.017438239568195974,""select_treasure"":0.023873780361220676,""start_defense"":0.2032385302055221,""use_inventory_item"":0.09819389661615113}",0,0,0,0,3.01078623,33.797997002
guarded_R2,klguard-r2-p2,80,5,39.85660203297933,39.23004913330078,102.25,4.439611688256264,40.6738436371088,36.23423194885254,107,20,1,0.3954358739518402,0.10528313179282416,0.40156245417892933,3.3497993797255035,0.004592378691177146,0,,,0.010793455876410007,80,80,80,4,0.05249023446813226,0.596768320351839,1.307227373123169,0.979357499204527,0.016414944641292097,0.1591279543602282,0.11226568867155665,0.1986552567237164,"{""build_tower"":0.1986552567237164,""confirm_card_service_selection"":0.021597392013039934,""continue"":0.1591279543602282,""discard_treasure"":0.0,""place_tower"":0.056438467807660965,""purchase_shop_item"":0.11185819070904646,""remove_tower"":0.0024449877750611247,""reroll"":0.11226568867155665,""select_card_service_card"":0.022208638956805218,""select_treasure"":0.023227383863080684,""start_defense"":0.1986552567237164,""use_inventory_item"":0.09352078239608802}",0,0,0,0,2.991288754,34.808244019
guarded_R2,klguard-r2-p2,81,6,39.91930643717448,38.98480033874512,105.77083333333333,,,,,,,0.3903557006351987,0.1062493558844457,0.4095236662775278,4.105696710733476,0.004999044541636977,0,,,0.017429858446121216,80,80,80,4,0.06215430605225265,0.6382054459303618,1.4467473030090332,0.9839320669178432,0.014191779005341233,0.15324010242269057,0.12231632854047667,0.19204254480992713,"{""build_tower"":0.19204254480992713,""confirm_card_service_selection"":0.02127240496356116,""continue"":0.15324010242269057,""discard_treasure"":0.00019696671262556627,""place_tower"":0.06322631475280678,""purchase_shop_item"":0.11424069332282845,""remove_tower"":0.0015757337010045302,""reroll"":0.12231632854047667,""select_card_service_card"":0.02166633838881229,""select_treasure"":0.02225723852668899,""start_defense"":0.19204254480992713,""use_inventory_item"":0.09592278904865077}",0,0,0,0,3.190147904,36.222069906
guarded_R2,klguard-r2-p2,82,7,40.87920832633972,39.33294868469238,108.83333333333333,,,,,,,0.40528693086568945,0.11103288677774223,0.4040742561221123,4.382198844115053,0.005517673212451276,1,60,0.02791355736553669,0.02791355736553669,60,60,84,4,0.053185096196830275,0.6107864757378896,1.1250499486923218,0.9831791615623778,0.013813106553806435,0.15447932618683002,0.12595712098009187,0.1916156202143951,"{""build_tower"":0.1916156202143951,""confirm_card_service_selection"":0.023545176110260337,""continue"":0.15447932618683002,""discard_treasure"":0.00019142419601837673,""place_tower"":0.059150076569678404,""purchase_shop_item"":0.11294027565084226,""remove_tower"":0.001339969372128637,""reroll"":0.12595712098009187,""select_card_service_card"":0.023928024502297092,""select_treasure"":0.02258805513016845,""start_defense"":0.1916156202143951,""use_inventory_item"":0.09264931087289434}",0,0,0,0,3.304806787,30.527486244
guarded_R2,klguard-r2-p2,83,8,41.37544365723928,39.99760055541992,108.35416666666667,,,,,,,0.42334546514106786,0.12266682898894972,0.4566941683491071,4.389821346854562,0.005769896755260734,0,,,0.014680740423500538,84,84,84,4,0.05906107622597899,0.6440631788046587,1.2677991390228271,0.9794840469184991,0.01832476017686228,0.15074024226110364,0.12343780042299558,0.1941934243414728,"{""build_tower"":0.1941934243414728,""confirm_card_service_selection"":0.01980388386848683,""continue"":0.15074024226110364,""discard_treasure"":0.0,""place_tower"":0.059219380888290714,""purchase_shop_item"":0.11363199384733705,""remove_tower"":0.0074985579696212265,""reroll"":0.12343780042299558,""select_card_service_card"":0.019996154585656605,""select_treasure"":0.022303403191693907,""start_defense"":0.1941934243414728,""use_inventory_item"":0.09498173428186887}",0,0,0,0,3.221272704,38.228418039
guarded_R2,klguard-r2-p2,84,9,39.72027281920115,39.44169998168945,103.83333333333333,,,,,,,0.453246303037468,0.12342095226296883,0.468293272331357,5.417414419514777,0.0055946061061717955,0,,,0.014234711416065693,80,80,80,4,0.05528971366584301,0.659602620266378,1.9336270093917847,0.977460904871154,0.018917207093909382,0.13402889245585875,0.13242375601926162,0.19482343499197433,"{""build_tower"":0.19482343499197433,""confirm_card_service_selection"":0.018258426966292134,""continue"":0.13402889245585875,""discard_treasure"":0.0,""place_tower"":0.06520866773675763,""purchase_shop_item"":0.11115569823434993,""remove_tower"":0.01043338683788122,""reroll"":0.13242375601926162,""select_card_service_card"":0.018459069020866775,""select_treasure"":0.023073836276083465,""start_defense"":0.19482343499197433,""use_inventory_item"":0.09731139646869984}",0,0,0,0,3.209033817,35.597670838
guarded_R2,klguard-r2-p2,85,10,39.345183531443276,38.16345024108887,106.08333333333333,3.891206219792366,40.125438168644905,36.23423194885254,90,37,1,0.4789149556693865,0.14163423326448224,0.48224426709212265,6.2749333047531,0.006509987412330218,1,77,0.022836238145828247,0.022836238145828247,77,77,80,4,0.06721882836578728,0.7557322630634555,1.4248931407928467,0.977191638958253,0.018800814915448428,0.1429693637077769,0.12038491751767479,0.18951296150824823,"{""build_tower"":0.18951296150824823,""confirm_card_service_selection"":0.01983503534956795,""continue"":0.1429693637077769,""discard_treasure"":0.00019638648860958367,""place_tower"":0.06677140612725845,""purchase_shop_item"":0.11410054988216811,""remove_tower"":0.016496465043205028,""reroll"":0.12038491751767479,""select_card_service_card"":0.0204241948153967,""select_treasure"":0.022191673212882953,""start_defense"":0.18951296150824823,""use_inventory_item"":0.09760408483896307}",0,0,0,0,3.189702727,36.684822683
guarded_R2,klguard-r2-p2,86,11,40.017676989237465,39.65585136413574,108.58333333333333,,,,,,,0.5300295003962238,0.1602132606408303,0.5432244672306946,5.508144666621093,0.006153330862097002,1,56,0.028145086020231247,0.028145086020231247,56,56,84,4,0.06071367906406522,0.9744551309517452,2.6538989543914795,0.9744666819174851,0.02146001486107707,0.13392171910974673,0.13046815042210283,0.18783576362240983,"{""build_tower"":0.18783576362240983,""confirm_card_service_selection"":0.015732924021488872,""continue"":0.13392171910974673,""discard_treasure"":0.0,""place_tower"":0.060629316960859554,""purchase_shop_item"":0.1128165771297007,""remove_tower"":0.03223330775134305,""reroll"":0.13046815042210283,""select_card_service_card"":0.0159247889485802,""select_treasure"":0.02264006139677667,""start_defense"":0.18783576362240983,""use_inventory_item"":0.09996162701458174}",0,0,0,0,3.197247505,27.814896581
guarded_R2,klguard-r2-p2,87,12,40.48734160264333,39.3443489074707,107.33333333333333,,,,,,,0.5288259778029787,0.13605681292101207,0.5319379597413735,8.020081871779228,0.0055180495783580955,1,61,0.02983083762228489,0.02983083762228489,61,61,84,4,0.060514856557377046,0.8332479268801017,1.9916940927505493,0.9804259648428526,0.017896245477632397,0.1455745341614907,0.13392857142857142,0.19177018633540371,"{""build_tower"":0.19177018633540371,""confirm_card_service_selection"":0.017080745341614908,""continue"":0.1455745341614907,""discard_treasure"":0.00019409937888198756,""place_tower"":0.051630434782608696,""purchase_shop_item"":0.11063664596273291,""remove_tower"":0.020380434782608696,""reroll"":0.13392857142857142,""select_card_service_card"":0.017274844720496896,""select_treasure"":0.022903726708074536,""start_defense"":0.19177018633540371,""use_inventory_item"":0.09685559006211181}",0,0,0,0,3.126748648,30.106660877
guarded_R2,klguard-r2-p2,88,13,37.244779109954834,34.97195053100586,100.72916666666667,,,,,,,0.5998153387238341,0.19196298606103862,0.5996140516117999,10.244371867619652,0.0065643643738559675,0,,,0.015965837985277176,76,76,76,4,0.0720176917353743,1.13481100138865,2.8731038570404053,0.9667695936978287,0.025742251940659787,0.1294725956566701,0.1408479834539814,0.18862461220268872,"{""build_tower"":0.18862461220268872,""confirm_card_service_selection"":0.010961737331954498,""continue"":0.1294725956566701,""discard_treasure"":0.0,""place_tower"":0.05770423991726991,""purchase_shop_item"":0.09968976215098242,""remove_tower"":0.05770423991726991,""reroll"":0.1408479834539814,""select_card_service_card"":0.010961737331954498,""select_treasure"":0.02254395036194416,""start_defense"":0.18862461220268872,""use_inventory_item"":0.09286452947259566}",0,0,0,0,2.890533993,31.684835713
guarded_R2,klguard-r2-p2,89,14,38.61119592189789,37.54694938659668,103.08333333333333,,,,,,,0.5832775539632367,0.17835498798290558,0.5768408384174109,7.409718503265056,0.005371173689331954,0,,,0.01474254485219717,80,80,80,4,0.058661179384216666,1.0429050467908383,2.644864320755005,0.9585672681729159,0.03751369684468955,0.12954729183508487,0.14834276475343572,0.1913904607922393,"{""build_tower"":0.1913904607922393,""confirm_card_service_selection"":0.012530315278900566,""continue"":0.12954729183508487,""discard_treasure"":0.0002021018593371059,""place_tower"":0.054567502021018593,""purchase_shop_item"":0.09397736459175425,""remove_tower"":0.05598221503637833,""reroll"":0.14834276475343572,""select_card_service_card"":0.012530315278900566,""select_treasure"":0.02324171382376718,""start_defense"":0.1913904607922393,""use_inventory_item"":0.08629749393694422}",0,0,0,0,2.939720863,33.48394044
guarded_R2,klguard-r2-p2,90,15,42.25281031926473,39.717899322509766,119.4375,4.762310966849327,40.996542915701866,36.23423194885254,100,28,0,0.48138657219055836,0.15735049902205556,0.491352423377659,7.617935070867952,0.004825532261194261,0,,,0.013417507521808147,92,92,92,4,0.053299797536886254,0.8465294290495955,2.243875026702881,0.9671224807603447,0.027154059210063322,0.14198499912785628,0.13396127681841968,0.18001046572475143,"{""build_tower"":0.18001046572475143,""confirm_card_service_selection"":0.01726844583987441,""continue"":0.14198499912785628,""discard_treasure"":0.0008721437292865864,""place_tower"":0.05337519623233909,""purchase_shop_item"":0.12087912087912088,""remove_tower"":0.031746031746031744,""reroll"":0.13396127681841968,""select_card_service_card"":0.017617303331589045,""select_treasure"":0.02110587824873539,""start_defense"":0.18001046572475143,""use_inventory_item"":0.10116867259724402}",0,0,0,0,3.5457407720000003,42.590285652
guarded_R2,klguard-r2-p2,91,16,42.523347894350685,42.0234489440918,117.70833333333333,,,,,,,0.5311200578846232,0.16295872680006576,0.5442781791738842,8.126333348050276,0.005793485597302567,0,,,0.01805047318339348,92,92,92,4,0.05746622132542341,1.0244359552212383,4.6343207359313965,0.9660467362300006,0.026098893550427063,0.1366371681415929,0.13805309734513274,0.1838938053097345,"{""build_tower"":0.1838938053097345,""confirm_card_service_selection"":0.012920353982300885,""continue"":0.1366371681415929,""discard_treasure"":0.0,""place_tower"":0.05823008849557522,""purchase_shop_item"":0.11256637168141594,""remove_tower"":0.03663716814159292,""reroll"":0.13805309734513274,""select_card_service_card"":0.012920353982300885,""select_treasure"":0.021946902654867255,""start_defense"":0.1838938053097345,""use_inventory_item"":0.10230088495575221}",0,0,0,0,3.487753105,40.396227373
guarded_R2,klguard-r2-p2,92,17,39.29344562689463,38.57099914550781,105.16666666666667,,,,,,,0.5810764618609799,0.1863834666238308,0.5871504209935665,8.813595202397462,0.005766955070475888,0,,,0.01255536638200283,80,80,80,4,0.06817892314866185,0.9977383658289909,2.3880553245544434,0.9556040715341202,0.0405442301183939,0.11905705229793978,0.13688589540412044,0.19037242472266244,"{""build_tower"":0.19037242472266244,""confirm_card_service_selection"":0.009508716323296355,""continue"":0.11905705229793978,""discard_treasure"":0.0,""place_tower"":0.06121236133122029,""purchase_shop_item"":0.10003961965134707,""remove_tower"":0.06636291600633915,""reroll"":0.13688589540412044,""select_card_service_card"":0.009706814580031696,""select_treasure"":0.022781299524564185,""start_defense"":0.19037242472266244,""use_inventory_item"":0.09370047543581617}",0,0,0,0,3.133557256,34.374789161
guarded_R2,klguard-r2-p2,93,18,38.88928949832916,38.36439895629883,108.5,,,,,,,0.5591806036658854,0.18614395110220303,0.5642827107854511,7.132856132374297,0.004350808684292766,1,46,0.02202858403325081,0.02202858403325081,46,46,84,4,0.04975450848755629,0.9279134318880413,1.8857800960540771,0.9672449803076404,0.030383239522398936,0.12884024577572964,0.14036098310291859,0.1827956989247312,"{""build_tower"":0.1827956989247312,""confirm_card_service_selection"":0.012480798771121352,""continue"":0.12884024577572964,""discard_treasure"":0.00038402457757296467,""place_tower"":0.05933179723502304,""purchase_shop_item"":0.10503072196620583,""remove_tower"":0.056259600614439326,""reroll"":0.14036098310291859,""select_card_service_card"":0.012672811059907835,""select_treasure"":0.02227342549923195,""start_defense"":0.1827956989247312,""use_inventory_item"":0.0967741935483871}",0,0,0,0,3.139139124,24.022002932
guarded_R2,klguard-r2-p2,94,19,40.6308624347051,37.90489959716797,108.91666666666667,,,,,,,0.5224611507067286,0.14333616739268848,0.5364794035752615,7.082231734799178,0.0043130647725590845,0,,,0.011593359522521496,84,84,84,4,0.046215346681752374,0.809561492786521,2.112981081008911,0.9702029605240995,0.02548894082151708,0.1331293037490436,0.15244835501147666,0.18955623565416985,"{""build_tower"":0.18955623565416985,""confirm_card_service_selection"":0.014919663351185922,""continue"":0.1331293037490436,""discard_treasure"":0.00019127773527161438,""place_tower"":0.05891354246365723,""purchase_shop_item"":0.1023335883703137,""remove_tower"":0.03098699311400153,""reroll"":0.15244835501147666,""select_card_service_card"":0.015110941086457537,""select_treasure"":0.021996939556235655,""start_defense"":0.18955623565416985,""use_inventory_item"":0.09085692425401683}",0,0,0,0,3.3123063999999998,37.617620278
guarded_R2,klguard-r2-p2,95,20,41.207937359809875,39.90839958190918,110.60416666666667,5.172371983528137,41.406603932380676,36.23423194885254,104,24,0,0.5181043583989677,0.14453663791020552,0.5055433866523561,6.48954706142505,0.003909119220181657,0,,,0.01062118262052536,84,84,84,4,0.04729598729560772,0.7334188506716773,1.4749321937561035,0.9719274030406528,0.025275562013987275,0.13599547937464682,0.14013938594838954,0.18967790544358637,"{""build_tower"":0.18967790544358637,""confirm_card_service_selection"":0.01619890751553965,""continue"":0.13599547937464682,""discard_treasure"":0.00037671877943115466,""place_tower"":0.058956488980975705,""purchase_shop_item"":0.10755321152759464,""remove_tower"":0.027123752119043134,""reroll"":0.14013938594838954,""select_card_service_card"":0.016575626294970804,""select_treasure"":0.022791486155584857,""start_defense"":0.18967790544358637,""use_inventory_item"":0.09493313241665097}",0,0,0,0,3.315439458,39.865003329
guarded_R2,klguard-r2-p2,96,21,41.93871263662974,41.194549560546875,116.54166666666667,,,,,,,0.48070250880072757,0.13125515974666552,0.504645951430906,6.69614481861077,0.004775423130137246,0,,,0.00931746419519186,88,88,88,4,0.056500534315339544,0.7339071204716509,1.7743592262268066,0.9748429488435838,0.025864083362235266,0.13282087951376476,0.14533428673578835,0.18323203432248839,"{""build_tower"":0.18323203432248839,""confirm_card_service_selection"":0.016803718269574545,""continue"":0.13282087951376476,""discard_treasure"":0.0,""place_tower"":0.062030747229174114,""purchase_shop_item"":0.11512334644261708,""remove_tower"":0.021451555237754737,""reroll"":0.14533428673578835,""select_card_service_card"":0.01716124419020379,""select_treasure"":0.021809081158383984,""start_defense"":0.18323203432248839,""use_inventory_item"":0.10100107257776189}",0,0,0,0,3.5121383330000002,41.842298119
guarded_R2,klguard-r2-p2,97,22,39.864495714505516,37.7110481262207,106.47916666666667,,,,,,,0.5008532382380556,0.13560891095035987,0.5080736938751105,6.940714136420795,0.0034268452069558075,1,33,0.02128101885318756,0.02128101885318756,33,33,80,4,0.03848789643609163,0.8152118650349703,1.8563599586486816,0.9695038314703451,0.02577133522136137,0.13108980630013695,0.15319898258657796,0.19037370377616905,"{""build_tower"":0.19037370377616905,""confirm_card_service_selection"":0.013891606339268244,""continue"":0.13108980630013695,""discard_treasure"":0.0,""place_tower"":0.05713167677558208,""purchase_shop_item"":0.10291528076697319,""remove_tower"":0.03052240266092741,""reroll"":0.15319898258657796,""select_card_service_card"":0.013891606339268244,""select_treasure"":0.022696145568381922,""start_defense"":0.19037370377616905,""use_inventory_item"":0.09391508511054589}",0,0,0,0,3.1422153760000002,20.483471604
guarded_R2,klguard-r2-p2,98,23,41.75190615653992,41.284000396728516,113.20833333333333,,,,,,,0.525744771610155,0.13240201015350472,0.5456018427556212,6.852777642895855,0.004198057531143914,0,,,0.01245045755058527,88,88,88,4,0.045471382793039083,0.8544568311084401,3.164313554763794,0.9770670904953717,0.021318134809420866,0.13433934486566065,0.14298859035701142,0.187523003312477,"{""build_tower"":0.187523003312477,""confirm_card_service_selection"":0.01417004048582996,""continue"":0.13433934486566065,""discard_treasure"":0.000368052999631947,""place_tower"":0.05888847994111152,""purchase_shop_item"":0.10894368789105631,""remove_tower"":0.031284504968715494,""reroll"":0.14298859035701142,""select_card_service_card"":0.014538093485461907,""select_treasure"":0.022451232977548766,""start_defense"":0.187523003312477,""use_inventory_item"":0.09698196540301804}",0,0,0,0,3.324163058,39.545954013
guarded_R2,klguard-r2-p2,99,24,38.770954291025795,36.68544960021973,102.02083333333333,,,,,,,0.5404519608734853,0.11858617059437875,0.5362037755548954,6.617363849618654,0.0034065779117099736,0,,,0.015050804242491722,80,80,80,4,0.041835345700383185,0.8222945183515549,2.3185043334960938,0.9768692722791985,0.01993803969817236,0.12579130079640596,0.1549928527670002,0.1937921176230345,"{""build_tower"":0.1937921176230345,""confirm_card_service_selection"":0.014702879313865632,""continue"":0.12579130079640596,""discard_treasure"":0.00020420665713702266,""place_tower"":0.06289565039820298,""purchase_shop_item"":0.10067388196855218,""remove_tower"":0.025321625484990812,""reroll"":0.1549928527670002,""select_card_service_card"":0.014702879313865632,""select_treasure"":0.02307535225648356,""start_defense"":0.1937921176230345,""use_inventory_item"":0.090055135797427}",0,0,0,0,3.053154586,34.033780177
guarded_R2,klguard-r2-p2,100,25,41.04350817203522,39.25269889831543,106.39583333333333,4.87453530728817,41.10876725614071,36.23423194885254,105,23,0,0.5176525055791119,0.12798794992103096,0.5127673648297787,5.759752323806813,0.003694322899355029,0,,,0.009784452617168427,80,80,80,4,0.04298341856338084,0.77113585062325,1.654052495956421,0.9744876833238999,0.021326648513786496,0.13060505188956334,0.14392010965341687,0.19600548267084394,"{""build_tower"":0.19600548267084394,""confirm_card_service_selection"":0.012923438417857843,""continue"":0.13060505188956334,""discard_treasure"":0.00039161934599569217,""place_tower"":0.0577638535343646,""purchase_shop_item"":0.10377912668885843,""remove_tower"":0.026825925200704915,""reroll"":0.14392010965341687,""select_card_service_card"":0.013119248090855688,""select_treasure"":0.022909731740747993,""start_defense"":0.19600548267084394,""use_inventory_item"":0.09575093009594673}",0,0,0,0,3.161915994,36.466994702
guarded_R2,klguard-r2-p2,101,26,40.72507723172506,39.742300033569336,108.91666666666667,,,,,,,0.4935835174796303,0.11220295303290435,0.4912740068557935,5.6691800418517255,0.0036345462065303135,1,39,0.020034844055771828,0.020034844055771828,39,39,84,4,0.035568019948326625,0.7534750486031557,1.5697699785232544,0.9744664169721372,0.020505231073392288,0.13485080336648814,0.1465187452180566,0.19032134659525632,"{""build_tower"":0.19032134659525632,""confirm_card_service_selection"":0.01664116296863045,""continue"":0.13485080336648814,""discard_treasure"":0.00038255547054322876,""place_tower"":0.06063504208110176,""purchase_shop_item"":0.10845447589900535,""remove_tower"":0.017597551644988524,""reroll"":0.1465187452180566,""select_card_service_card"":0.01702371843917368,""select_treasure"":0.022379495026778884,""start_defense"":0.19032134659525632,""use_inventory_item"":0.09487375669472073}",0,0,0,0,3.308283515,23.67902538
guarded_R2,klguard-r2-p2,102,27,41.80925623575846,41.10224914550781,110.72916666666667,,,,,,,0.4741438263843292,0.09896193312274632,0.4772611391686258,5.810347352912939,0.004810451187776856,0,,,0.014184674248099327,84,84,84,4,0.05036916211247444,0.695682273379394,1.4626545906066895,0.974994056417138,0.01998922799802607,0.1380997177798683,0.15145813734713076,0.19190968955785512,"{""build_tower"":0.19190968955785512,""confirm_card_service_selection"":0.014863593603010348,""continue"":0.1380997177798683,""discard_treasure"":0.0,""place_tower"":0.05343367826904986,""purchase_shop_item"":0.11025399811853245,""remove_tower"":0.012605832549388523,""reroll"":0.15145813734713076,""select_card_service_card"":0.015051740357478834,""select_treasure"":0.022765757290686736,""start_defense"":0.19190968955785512,""use_inventory_item"":0.09764816556914394}",0,0,0,0,3.346756675,38.890921604
guarded_R2,klguard-r2-p2,103,28,39.04171665509542,39.08125114440918,103.41666666666667,,,,,,,0.48002847941012877,0.09422329077133904,0.478770761564374,5.590556626912843,0.004762458286700166,0,,,0.011303011327981949,80,80,80,4,0.05704101559240371,0.7144980400800705,1.5585569143295288,0.9770876727373407,0.021307188493665308,0.1385979049153908,0.15128928283642223,0.19238517324738114,"{""build_tower"":0.19238517324738114,""confirm_card_service_selection"":0.01329572925060435,""continue"":0.1385979049153908,""discard_treasure"":0.0,""place_tower"":0.06506849315068493,""purchase_shop_item"":0.10334407735697018,""remove_tower"":0.012691377921031427,""reroll"":0.15128928283642223,""select_card_service_card"":0.0136986301369863,""select_treasure"":0.022965350523771154,""start_defense"":0.19238517324738114,""use_inventory_item"":0.09427880741337631}",0,0,0,0,3.119437602,34.755399204
guarded_R2,klguard-r2-p2,104,29,41.631660302480064,39.14889907836914,110.25,,,,,,,0.46095629638531327,0.0906068918374695,0.4532614453207879,5.653364500272615,0.005770530939246653,0,,,0.01706821098923683,84,84,84,4,0.06317050808242389,0.7287227947797094,2.002074956893921,0.9792291176140828,0.020011225316141332,0.13624338624338625,0.15003779289493574,0.1923658352229781,"{""build_tower"":0.1923658352229781,""confirm_card_service_selection"":0.018518518518518517,""continue"":0.13624338624338625,""discard_treasure"":0.0003779289493575208,""place_tower"":0.055933484504913075,""purchase_shop_item"":0.10808767951625095,""remove_tower"":0.012849584278155708,""reroll"":0.15003779289493574,""select_card_service_card"":0.01889644746787604,""select_treasure"":0.022297808012093728,""start_defense"":0.1923658352229781,""use_inventory_item"":0.09202569916855631}",0,0,0,0,3.3082485999999998,38.809467894
guarded_R2,klguard-r2-p2,105,30,40.9540479183197,38.797950744628906,108.29166666666667,5.22154313325882,41.45577508211136,36.23423194885254,109,18,1,0.44357438675574923,0.09107714196654973,0.42529862338588353,5.408876329192868,0.004610568158633603,0,,,0.015843892470002174,84,84,84,4,0.05089810373084176,0.6833887774319876,1.1257665157318115,0.9804957165187093,0.017172637284689006,0.14197768372450942,0.15371296652558677,0.19218930357829936,"{""build_tower"":0.19218930357829936,""confirm_card_service_selection"":0.01327433628318584,""continue"":0.14197768372450942,""discard_treasure"":0.00019238168526356292,""place_tower"":0.06079261254328588,""purchase_shop_item"":0.10504040015390535,""remove_tower"":0.01058099268949596,""reroll"":0.15371296652558677,""select_card_service_card"":0.013466717968449404,""select_treasure"":0.021739130434782608,""start_defense"":0.19218930357829936,""use_inventory_item"":0.09484417083493651}",0,0,0,0,3.298973111,38.448969303
guarded_R2,klguard-r2-p2,106,31,41.81404177347819,41.54999923706055,113.0,,,,,,,0.42374197840909245,0.0887087200885254,0.43760748173702846,6.2004923868904145,0.0034961808146569888,0,,,0.00703777652233839,88,88,88,4,0.04326467804441398,0.66839078779925,2.6472785472869873,0.9807467815444201,0.01740496431540867,0.1414085545722714,0.153023598820059,0.18786873156342182,"{""build_tower"":0.18786873156342182,""confirm_card_service_selection"":0.016592920353982302,""continue"":0.1414085545722714,""discard_treasure"":0.0003687315634218289,""place_tower"":0.06065634218289086,""purchase_shop_item"":0.10896017699115045,""remove_tower"":0.007927728613569322,""reroll"":0.153023598820059,""select_card_service_card"":0.01733038348082596,""select_treasure"":0.022492625368731565,""start_defense"":0.18786873156342182,""use_inventory_item"":0.09550147492625369}",0,0,0,0,3.464398252,40.110523765
guarded_R2,klguard-r2-p2,107,32,40.16562290986379,39.39605140686035,108.375,,,,,,,0.4476184379371336,0.10578083864423603,0.44195453858091716,6.338642728877327,0.00511090731188666,0,,,0.011816149577498436,84,84,84,4,0.057352914430555846,0.6870503812318757,1.5952816009521484,0.9787179681881943,0.01886494336871519,0.1374471357170319,0.15071126489811612,0.18896578239138792,"{""build_tower"":0.18896578239138792,""confirm_card_service_selection"":0.017493271818531334,""continue"":0.1374471357170319,""discard_treasure"":0.00038446751249519417,""place_tower"":0.060938100730488276,""purchase_shop_item"":0.10861207227989235,""remove_tower"":0.012687427912341407,""reroll"":0.15071126489811612,""select_card_service_card"":0.01787773933102653,""select_treasure"":0.02229911572472126,""start_defense"":0.18896578239138792,""use_inventory_item"":0.09361783929257977}",0,0,0,0,3.2897545519999998,37.534596807
guarded_R2,klguard-r2-p2,108,33,39.92861239115397,38.297000885009766,106.04166666666667,,,,,,,0.4586646597173913,0.10551813761608173,0.4516919370740652,6.802931060619699,0.00520140312823969,0,,,0.018895156681537628,80,80,80,4,0.05509540932253003,0.6623907756060362,1.4501771926879883,0.9754810024605253,0.02058502924628556,0.1343811394891945,0.15147347740667977,0.19135559921414538,"{""build_tower"":0.19135559921414538,""confirm_card_service_selection"":0.014145383104125737,""continue"":0.1343811394891945,""discard_treasure"":0.0,""place_tower"":0.06286836935166994,""purchase_shop_item"":0.1043222003929273,""remove_tower"":0.01925343811394892,""reroll"":0.15147347740667977,""select_card_service_card"":0.014538310412573674,""select_treasure"":0.022593320235756387,""start_defense"":0.19135559921414538,""use_inventory_item"":0.093713163064833}",0,0,0,0,3.319668091,36.81928833
guarded_R2,klguard-r2-p2,109,34,40.409252087275185,39.055999755859375,110.64583333333333,,,,,,,0.4779996387280752,0.11663044948924163,0.4965376343045916,6.657816620362738,0.004505968252422983,0,,,0.00959840789437294,84,84,84,4,0.05150630684303386,0.7713482316051211,1.624146819114685,0.9810447559816157,0.018704095478391365,0.13763886273771417,0.15138392016569385,0.18640557333835436,"{""build_tower"":0.18640557333835436,""confirm_card_service_selection"":0.01581623046507249,""continue"":0.13763886273771417,""discard_treasure"":0.00018828845791752966,""place_tower"":0.0564865373752589,""purchase_shop_item"":0.10826586330257955,""remove_tower"":0.024665787987196385,""reroll"":0.15138392016569385,""select_card_service_card"":0.01581623046507249,""select_treasure"":0.02146488420259838,""start_defense"":0.18640557333835436,""use_inventory_item"":0.09546224816418754}",0,0,0,0,3.205310325,37.874956424
guarded_R2,klguard-r2-p2,110,35,43.05251467227936,42.02499961853027,120.0,4.779250055551529,41.01348200440407,36.23423194885254,103,25,0,0.46939544370144687,0.1051589255552673,0.4791798426405243,6.884060836278139,0.005013246779674812,0,,,0.013903303071856499,92,92,92,4,0.05990998641304348,0.7407436607324559,2.3231585025787354,0.9768886341240529,0.01905446004567911,0.13524305555555555,0.1484375,0.1829861111111111,"{""build_tower"":0.1829861111111111,""confirm_card_service_selection"":0.019097222222222224,""continue"":0.13524305555555555,""discard_treasure"":0.0,""place_tower"":0.06128472222222222,""purchase_shop_item"":0.11284722222222222,""remove_tower"":0.02013888888888889,""reroll"":0.1484375,""select_card_service_card"":0.019270833333333334,""select_treasure"":0.021354166666666667,""start_defense"":0.1829861111111111,""use_inventory_item"":0.09635416666666667}",0,0,0,0,3.582287535,42.235806876
guarded_R2,klguard-r2-p2,111,36,39.91497913996378,38.0,108.0,,,,,,,0.5092252739870909,0.10702207888874349,0.5197514966130257,7.368822360089777,0.00426873368038135,0,,,0.009776853024959564,84,84,84,4,0.04836309523809524,0.7793269799578757,2.6435678005218506,0.9762582317494244,0.023367525932068627,0.13136574074074073,0.15625,0.1875,"{""build_tower"":0.1875,""confirm_card_service_selection"":0.019483024691358024,""continue"":0.13136574074074073,""discard_treasure"":0.0005787037037037037,""place_tower"":0.06172839506172839,""purchase_shop_item"":0.10416666666666667,""remove_tower"":0.021026234567901234,""reroll"":0.15625,""select_card_service_card"":0.02025462962962963,""select_treasure"":0.022183641975308643,""start_defense"":0.1875,""use_inventory_item"":0.08796296296296297}",0,0,0,0,3.283483624,37.650942842
guarded_R2,klguard-r2-p2,112,37,40.679748018582664,40.0,110.9375,,,,,,,0.5005569872984397,0.1140609167088774,0.5221385022714025,7.823306798491707,0.004756733467599718,0,,,0.009207962080836296,84,84,84,4,0.05159289711376741,0.8072732864391237,2.2232019901275635,0.9789399670245545,0.01948500082029828,0.13183098591549297,0.1592488262910798,0.18629107981220658,"{""build_tower"":0.18629107981220658,""confirm_card_service_selection"":0.017089201877934272,""continue"":0.13183098591549297,""discard_treasure"":0.0005633802816901409,""place_tower"":0.054084507042253524,""purchase_shop_item"":0.10741784037558685,""remove_tower"":0.02403755868544601,""reroll"":0.1592488262910798,""select_card_service_card"":0.018215962441314553,""select_treasure"":0.02215962441314554,""start_defense"":0.18629107981220658,""use_inventory_item"":0.09276995305164319}",0,0,0,0,3.321560943,40.341541887
guarded_R2,klguard-r2-p2,113,38,40.58210368951162,39.18000030517578,111.41666666666667,,,,,,,0.5155670467688019,0.12777024035301848,0.5096500168244044,9.172474563116726,0.005169265003479225,0,,,0.012211186811327934,84,84,84,4,0.06374986939841792,0.8880593308380672,2.4738049507141113,0.9732016748727407,0.021189122726874694,0.13070306656694092,0.14510097232610322,0.18567688855646972,"{""build_tower"":0.18567688855646972,""confirm_card_service_selection"":0.016828721017202692,""continue"":0.13070306656694092,""discard_treasure"":0.00018698578908002991,""place_tower"":0.05983545250560957,""purchase_shop_item"":0.1075168287210172,""remove_tower"":0.036088257292445775,""reroll"":0.14510097232610322,""select_card_service_card"":0.01720269259536275,""select_treasure"":0.022064323111443532,""start_defense"":0.18567688855646972,""use_inventory_item"":0.0931189229618549}",0,0,0,0,3.361509054,38.088948359
guarded_R2,klguard-r2-p2,114,39,40.276520689328514,39.82059860229492,114.75,,,,,,,0.5318638344657424,0.13878801188588413,0.5334956469860944,8.308157099560074,0.0062415908460231794,0,,,0.013859696686267853,88,88,88,4,0.06975561735982244,0.9208873832090334,2.1424267292022705,0.9744505599977603,0.024431174747984518,0.12618010167029775,0.15849673202614378,0.17846768336964416,"{""build_tower"":0.17846768336964416,""confirm_card_service_selection"":0.016521423384168482,""continue"":0.12618010167029775,""discard_treasure"":0.0009077705156136529,""place_tower"":0.05809731299927379,""purchase_shop_item"":0.10893246187363835,""remove_tower"":0.04030501089324619,""reroll"":0.15849673202614378,""select_card_service_card"":0.01670297748729121,""select_treasure"":0.021604938271604937,""start_defense"":0.17846768336964416,""use_inventory_item"":0.09531590413943355}",0,0,0,0,3.351934596,37.744673947
guarded_R2,klguard-r2-p2,115,40,39.01155197620392,37.903249740600586,113.4375,4.477951645851135,40.712183594703674,36.23423194885254,101,27,0,0.5419506678278505,0.13655537164138476,0.5552472760900855,9.958813605721668,0.004630778999171525,1,32,0.02241520769894123,0.02241520769894123,32,32,88,4,0.0478515625,1.0910176206380129,3.58767032623291,0.9724986084906148,0.020021645140580156,0.11974288337924702,0.15353535353535352,0.17502295684113867,"{""build_tower"":0.17502295684113867,""confirm_card_service_selection"":0.019100091827364555,""continue"":0.11974288337924702,""discard_treasure"":0.00018365472910927456,""place_tower"":0.05876951331496786,""purchase_shop_item"":0.11680440771349862,""remove_tower"":0.04242424242424243,""reroll"":0.15353535353535352,""select_card_service_card"":0.01928374655647383,""select_treasure"":0.02056932966023875,""start_defense"":0.17502295684113867,""use_inventory_item"":0.09954086317722681}",0,0,0,0,3.307096098,20.544699047
guarded_R2,klguard-r2-p2,116,41,39.65324783325195,38.42770004272461,110.375,,,,,,,0.5909546798772524,0.16797245155982782,0.5757471134974843,8.261432506097385,0.005816841490308261,0,,,0.016493838280439377,84,84,84,4,0.07082873525186664,1.0549008051554363,2.4045374393463135,0.9703183186464166,0.024357980871129604,0.11721404303510759,0.14816912042280106,0.1830879577198943,"{""build_tower"":0.1830879577198943,""confirm_card_service_selection"":0.013778784446961118,""continue"":0.11721404303510759,""discard_treasure"":0.00037750094375235937,""place_tower"":0.06191015477538694,""purchase_shop_item"":0.10343525858814646,""remove_tower"":0.05983389958474896,""reroll"":0.14816912042280106,""select_card_service_card"":0.013967534918837296,""select_treasure"":0.021895054737636845,""start_defense"":0.1830879577198943,""use_inventory_item"":0.09324273310683277}",0,0,0,0,3.28097314,37.15354452
guarded_R2,klguard-r2-p2,117,42,41.11055632432302,41.01504898071289,112.4375,,,,,,,0.5579203317271497,0.14751889876096397,0.5746822987090457,9.61867257044081,0.005352840945337531,0,,,0.015086205676198006,88,88,88,4,0.06313835905695503,0.9990251192992384,5.3401360511779785,0.9748717241394667,0.021047973465597766,0.12803409301463775,0.14823049842505095,0.18639985176950158,"{""build_tower"":0.18639985176950158,""confirm_card_service_selection"":0.013155456735223272,""continue"":0.12803409301463775,""discard_treasure"":0.00018528812303131369,""place_tower"":0.05725403001667593,""purchase_shop_item"":0.10468778951269224,""remove_tower"":0.04391328515842134,""reroll"":0.14823049842505095,""select_card_service_card"":0.013340744858254585,""select_treasure"":0.022419862886788957,""start_defense"":0.18639985176950158,""use_inventory_item"":0.0959792477302205}",0,0,0,0,3.364713133,37.867142112
guarded_R2,klguard-r2-p2,118,43,39.79193329811096,40.0,114.97916666666667,,,,,,,0.5828923658175398,0.15196000232044826,0.5844565125351603,11.118298439413762,0.004696512105841644,0,,,0.01168617233633995,88,88,88,4,0.05812750820239836,0.9695469696413387,2.520778179168701,0.9757528724635767,0.023353547365827995,0.12176118862112702,0.14477260373256023,0.17648124660264541,"{""build_tower"":0.17648124660264541,""confirm_card_service_selection"":0.016488494292444283,""continue"":0.12176118862112702,""discard_treasure"":0.0001811922449719152,""place_tower"":0.06178655553542308,""purchase_shop_item"":0.11415111433230658,""remove_tower"":0.05019025185722051,""reroll"":0.14477260373256023,""select_card_service_card"":0.016669686537416198,""select_treasure"":0.021380684906685994,""start_defense"":0.17648124660264541,""use_inventory_item"":0.09965573473455336}",0,0,0,0,3.397813368,38.631425185
guarded_R2,klguard-r2-p2,119,44,36.880391558011375,35.811750411987305,101.77083333333333,,,,,,,0.6201205502137077,0.1778995061209772,0.605011473223567,10.592403224642766,0.005812227312458162,0,,,0.01585405133664608,80,80,80,4,0.07070777546614408,1.113136452436447,4.2032599449157715,0.966490054871926,0.02554191234521568,0.11361310133060389,0.15578300921187307,0.1850562947799386,"{""build_tower"":0.1850562947799386,""confirm_card_service_selection"":0.00962128966223132,""continue"":0.11361310133060389,""discard_treasure"":0.0,""place_tower"":0.057318321392016376,""purchase_shop_item"":0.09744114636642784,""remove_tower"":0.07062436028659161,""reroll"":0.15578300921187307,""select_card_service_card"":0.010030706243602866,""select_treasure"":0.02210849539406346,""start_defense"":0.1850562947799386,""use_inventory_item"":0.09334698055271239}",0,0,0,0,2.9911471069999997,32.892844272
guarded_R2,klguard-r2-p2,120,45,38.985087633132935,37.9012508392334,109.33333333333333,3.964920610189438,40.19915255904198,36.23423194885254,94,34,0,0.6135965694245924,0.17241351445081204,0.6011020846310116,10.71744129541747,0.004639582363216462,0,,,0.013032768853008747,84,84,84,4,0.05380394345238095,0.8981181003508114,2.2237014770507812,0.9724558841373039,0.02473879609966562,0.1209984756097561,0.15434451219512196,0.18178353658536586,"{""build_tower"":0.18178353658536586,""confirm_card_service_selection"":0.012766768292682926,""continue"":0.1209984756097561,""discard_treasure"":0.0005716463414634146,""place_tower"":0.057164634146341466,""purchase_shop_item"":0.10213414634146341,""remove_tower"":0.060785060975609755,""reroll"":0.15434451219512196,""select_card_service_card"":0.012957317073170731,""select_treasure"":0.021341463414634148,""start_defense"":0.18178353658536586,""use_inventory_item"":0.09336890243902439}",0,0,0,0,3.273282804,35.654478132
guarded_R2,klguard-r2-p2,121,46,38.73968756198883,38.22400093078613,107.95833333333333,,,,,,,0.6005345848685902,0.17099348045144233,0.5824313811633898,12.069120388391138,0.006582320057940956,1,69,0.022862350568175316,0.022862350568175316,69,69,84,4,0.07697631764239159,1.0661451298257578,3.1545181274414062,0.9715226797788223,0.022527282991047417,0.11732921651871864,0.16229255113855653,0.18351987649556156,"{""build_tower"":0.18351987649556156,""confirm_card_service_selection"":0.011578541103820918,""continue"":0.11732921651871864,""discard_treasure"":0.00019297568506368199,""place_tower"":0.057892705519104595,""purchase_shop_item"":0.09764569664222308,""remove_tower"":0.06059436510999614,""reroll"":0.16229255113855653,""select_card_service_card"":0.011578541103820918,""select_treasure"":0.021999228097259745,""start_defense"":0.18351987649556156,""use_inventory_item"":0.09185642609031262}",0,0,0,0,3.135043761,30.124547922
guarded_R2,klguard-r2-p2,122,47,38.665462374687195,39.34244918823242,112.16666666666667,,,,,,,0.6177622495373731,0.18432724327219596,0.6153721525555566,9.426425078755614,0.005300451223038614,1,21,0.02096003293991089,0.02096003293991089,21,21,88,4,0.060825892857142856,1.1587181999569847,2.2217459678649902,0.9656041104226322,0.02946605159774084,0.11942793462109956,0.14840267459138187,0.17552005943536403,"{""build_tower"":0.17552005943536403,""confirm_card_service_selection"":0.011329866270430906,""continue"":0.11942793462109956,""discard_treasure"":0.0,""place_tower"":0.06110698365527489,""purchase_shop_item"":0.10642644873699851,""remove_tower"":0.07206537890044576,""reroll"":0.14840267459138187,""select_card_service_card"":0.011329866270430906,""select_treasure"":0.020802377414561663,""start_defense"":0.17552005943536403,""use_inventory_item"":0.09806835066864784}",0,0,0,0,3.257843549,16.678685529
guarded_R2,klguard-r2-p2,123,48,38.94788324832916,37.33304977416992,109.625,,,,,,,0.5583400120738798,0.15763764468002361,0.5614139955668223,10.472541508459297,0.004732776983083957,0,,,0.008638009428977966,84,84,84,4,0.06037527242941516,0.9518830747831435,1.8594191074371338,0.9692303429088419,0.024960917110244434,0.12884834663625996,0.1571645762067655,0.1807297605473204,"{""build_tower"":0.1807297605473204,""confirm_card_service_selection"":0.01596351197263398,""continue"":0.12884834663625996,""discard_treasure"":0.0007601672367920942,""place_tower"":0.05701254275940707,""purchase_shop_item"":0.10034207525655645,""remove_tower"":0.05112124667426834,""reroll"":0.1571645762067655,""select_card_service_card"":0.016343595591030026,""select_treasure"":0.021094640820980615,""start_defense"":0.1807297605473204,""use_inventory_item"":0.08988977575066515}",0,0,0,0,3.352716697,38.126052075
guarded_R2,klguard-r2-p2,124,49,40.043262441953026,38.85515022277832,108.85416666666667,,,,,,,0.5657871178369989,0.15461445770788984,0.5752644964626857,10.105521651993868,0.006198988415451909,0,,,0.01586804911494255,84,84,84,4,0.06257927661672943,0.9091961532831192,1.974318265914917,0.9681756079741182,0.024638851483662922,0.1278468899521531,0.15387559808612442,0.18717703349282297,"{""build_tower"":0.18717703349282297,""confirm_card_service_selection"":0.012440191387559809,""continue"":0.1278468899521531,""discard_treasure"":0.00019138755980861245,""place_tower"":0.06028708133971292,""purchase_shop_item"":0.09607655502392344,""remove_tower"":0.05186602870813397,""reroll"":0.15387559808612442,""select_card_service_card"":0.013205741626794259,""select_treasure"":0.02181818181818182,""start_defense"":0.18717703349282297,""use_inventory_item"":0.08803827751196172}",0,0,0,0,3.282137241,36.605627849
guarded_R2,klguard-r2-p2,125,50,39.903677225112915,38.0,112.89583333333333,4.307467103004456,40.541699051856995,36.23423194885254,96,32,0,0.5755683880037606,0.1688343658743747,0.5478312273820242,8.112483581032288,0.006770401832488494,1,27,0.021137407049536705,0.021137407049536705,27,27,88,4,0.06872106481481481,1.0811219568605777,1.8476507663726807,0.9650874236309698,0.025395122208547862,0.12400811957925817,0.1555637571507658,0.1797379590330319,"{""build_tower"":0.1797379590330319,""confirm_card_service_selection"":0.011072153533862336,""continue"":0.12400811957925817,""discard_treasure"":0.00018453589223103894,""place_tower"":0.05554530356154272,""purchase_shop_item"":0.1057390662483853,""remove_tower"":0.05812880605277727,""reroll"":0.1555637571507658,""select_card_service_card"":0.011072153533862336,""select_treasure"":0.02066801992987636,""start_defense"":0.1797379590330319,""use_inventory_item"":0.0985421664513748}",0,0,0,0,3.341080283,18.803514948
guarded_R2,klguard-r2-p2,126,51,40.616981426874794,38.59309959411621,110.95833333333333,,,,,,,0.5176474085949135,0.14645761775655108,0.5148773924225852,7.647707234600225,0.004704205382665805,0,,,0.009802679531276226,84,84,84,4,0.05542387232361805,0.8147740729507946,1.7084839344024658,0.9750063037506632,0.020614790752352702,0.1351858805858055,0.15508824633871574,0.18719489297784453,"{""build_tower"":0.18719489297784453,""confirm_card_service_selection"":0.016147202403304545,""continue"":0.1351858805858055,""discard_treasure"":0.0005632745024408562,""place_tower"":0.05463762673676305,""purchase_shop_item"":0.10458129928651896,""remove_tower"":0.030041306796845663,""reroll"":0.15508824633871574,""select_card_service_card"":0.016334960570784828,""select_treasure"":0.021779947427713105,""start_defense"":0.18719489297784453,""use_inventory_item"":0.0912504693954187}",0,0,0,0,3.246116356,37.685584919
guarded_R2,klguard-r2-p2,127,52,41.650154074033104,39.99729919433594,112.875,,,,,,,0.5073891196841748,0.1342310127872343,0.4951106210549672,6.86634423533627,0.004814888842392148,1,66,0.02111790142953396,0.02111790142953396,66,66,88,4,0.053926542231982406,0.7997007266138539,1.8659502267837524,0.9767675995789955,0.022547288522632283,0.1362126245847176,0.1552233296419343,0.1877076411960133,"{""build_tower"":0.1877076411960133,""confirm_card_service_selection"":0.014950166112956811,""continue"":0.1362126245847176,""discard_treasure"":0.00018456995201181247,""place_tower"":0.053156146179401995,""purchase_shop_item"":0.10409745293466224,""remove_tower"":0.03045404208194906,""reroll"":0.1552233296419343,""select_card_service_card"":0.015319306016980436,""select_treasure"":0.0221483942414175,""start_defense"":0.1877076411960133,""use_inventory_item"":0.09283868586194167}",0,0,0,0,3.336731559,31.92692194
guarded_R2,klguard-r2-p2,128,53,43.28874373435974,42.61614990234375,119.75,,,,,,,0.4611766773539131,0.10370064771737048,0.4626745526557383,6.860006453406458,0.004853804934179568,0,,,0.01451638899743557,92,92,92,4,0.05423655358912504,0.8113960730640785,1.548734426498413,0.9746818743944153,0.023386715931574934,0.1419624217118998,0.15483646485734168,0.18423799582463465,"{""build_tower"":0.18423799582463465,""confirm_card_service_selection"":0.016353514265831592,""continue"":0.1419624217118998,""discard_treasure"":0.00017397355601948505,""place_tower"":0.05793319415448852,""purchase_shop_item"":0.11012526096033402,""remove_tower"":0.01791927627000696,""reroll"":0.15483646485734168,""select_card_service_card"":0.016701461377870562,""select_treasure"":0.021572720946416143,""start_defense"":0.18423799582463465,""use_inventory_item"":0.09394572025052192}",0,0,0,0,3.69038458,43.684170884
guarded_R2,klguard-r2-p2,129,54,39.45229379336039,38.703800201416016,105.10416666666667,,,,,,,0.47164314759995674,0.10192801281487747,0.46459737829864023,7.047076062858461,0.004519231341100749,0,,,0.015097398310899734,80,80,80,4,0.04842994650825858,0.6836170818656683,1.5525188446044922,0.9814283583810339,0.017531283129937947,0.14132804757185333,0.16650148662041625,0.1908820614469772,"{""build_tower"":0.1908820614469772,""confirm_card_service_selection"":0.01427155599603568,""continue"":0.14132804757185333,""discard_treasure"":0.0005946481665014867,""place_tower"":0.06124876114965312,""purchase_shop_item"":0.09871159563924678,""remove_tower"":0.012091179385530228,""reroll"":0.16650148662041625,""select_card_service_card"":0.01466798810703667,""select_treasure"":0.022398414271555995,""start_defense"":0.1908820614469772,""use_inventory_item"":0.08642220019821606}",0,0,0,0,3.204927594,37.620378732
guarded_R2,klguard-r2-p2,130,55,41.75881044069926,41.288949966430664,114.97916666666667,4.58287501335144,40.81710696220398,36.23423194885254,96,32,0,0.45282677737301685,0.10756980803856064,0.44503035938197916,7.09796248475688,0.005846817944405881,0,,,0.013658346608281136,88,88,88,4,0.05156504544852809,0.7268748439171098,1.9465672969818115,0.9836364383684395,0.015868479131974957,0.14585975720239175,0.15872440659539772,0.18517847436129733,"{""build_tower"":0.18517847436129733,""confirm_card_service_selection"":0.01848160898713535,""continue"":0.14585975720239175,""discard_treasure"":0.0001811922449719152,""place_tower"":0.052364558796883495,""purchase_shop_item"":0.10744700126834572,""remove_tower"":0.013770610617865555,""reroll"":0.15872440659539772,""select_card_service_card"":0.019387570211994925,""select_treasure"":0.02228664613154557,""start_defense"":0.18517847436129733,""use_inventory_item"":0.09113969922087335}",0,0,0,0,3.361636172,43.326766984
guarded_R2,klguard-r2-p2,131,56,42.68492293357849,40.78014945983887,116.64583333333333,,,,,,,0.4548753572093659,0.10905107608746206,0.4520448033105243,7.433300193390514,0.003303716936774105,0,,,0.008120021782815456,88,88,88,4,0.04318372905254364,0.7562248903242025,1.5188666582107544,0.9803153919250488,0.020516744264486162,0.1457403107697803,0.14984818717628148,0.18628326486872657,"{""build_tower"":0.18628326486872657,""confirm_card_service_selection"":0.015181282371852116,""continue"":0.1457403107697803,""discard_treasure"":0.0005358099660653688,""place_tower"":0.06036792284336489,""purchase_shop_item"":0.10859081978924807,""remove_tower"":0.014466869083764959,""reroll"":0.14984818717628148,""select_card_service_card"":0.015538489015895695,""select_treasure"":0.021968208608680123,""start_defense"":0.18628326486872657,""use_inventory_item"":0.09519557063761386}",0,0,0,0,3.528735423,42.008075532
guarded_R2,klguard-r2-p2,132,57,40.706143736839294,39.62624931335449,110.35416666666667,,,,,,,0.44435655659904927,0.10077525973885332,0.44906704198746455,7.463054474699143,0.0036110449621370813,0,,,0.00869887787848711,84,84,84,4,0.04234082843842251,0.6928113106460798,1.344028115272522,0.9798312168279265,0.017725482538697265,0.13819142911081744,0.16027940343590713,0.18784217481593354,"{""build_tower"":0.18784217481593354,""confirm_card_service_selection"":0.014914102322069096,""continue"":0.13819142911081744,""discard_treasure"":0.00018878610534264677,""place_tower"":0.05531432886539551,""purchase_shop_item"":0.10855201057202189,""remove_tower"":0.013970171795355861,""reroll"":0.16027940343590713,""select_card_service_card"":0.014914102322069096,""select_treasure"":0.021521616009061734,""start_defense"":0.18784217481593354,""use_inventory_item"":0.0964696998300925}",0,0,0,0,3.26829823,37.734070083
guarded_R2,klguard-r2-p2,133,58,40.86954375108083,41.20899963378906,109.83333333333333,,,,,,,0.45465474371431946,0.10809651119836451,0.43976610828013646,7.191107086951849,0.005012904243942883,0,,,0.016953619197010994,84,84,84,4,0.05274171763587566,0.6872302563417525,1.5411162376403809,0.9803423119241903,0.01877507454316531,0.13372534142640363,0.15515933232169954,0.19006069802731412,"{""build_tower"":0.19006069802731412,""confirm_card_service_selection"":0.017830045523520487,""continue"":0.13372534142640363,""discard_treasure"":0.0005690440060698028,""place_tower"":0.054628224582701064,""purchase_shop_item"":0.1062215477996965,""remove_tower"":0.019916540212443094,""reroll"":0.15515933232169954,""select_card_service_card"":0.01839908952959029,""select_treasure"":0.02295144157814871,""start_defense"":0.19006069802731412,""use_inventory_item"":0.09047799696509863}",0,0,0,0,3.294860776,39.905467981
guarded_R2,klguard-r2-p2,134,59,40.67566021283468,39.63859939575195,112.35416666666667,,,,,,,0.45755256773402386,0.1023983779097234,0.45635201036930084,7.590806988569171,0.004848038976640303,0,,,0.014069341123104095,88,88,88,4,0.0506089154461568,0.8301383094354109,5.510590076446533,0.9756930151726948,0.023175827015868643,0.13962544038568514,0.14574448358983869,0.18449842388281104,"{""build_tower"":0.18449842388281104,""confirm_card_service_selection"":0.020953087335434824,""continue"":0.13962544038568514,""discard_treasure"":0.00018542555164101615,""place_tower"":0.06712404969404784,""purchase_shop_item"":0.10791767105507138,""remove_tower"":0.017430001854255518,""reroll"":0.14574448358983869,""select_card_service_card"":0.021323938438716855,""select_treasure"":0.02206564064528092,""start_defense"":0.18449842388281104,""use_inventory_item"":0.0886334136844057}",0,0,0,0,3.53075858,38.360483882
guarded_R2,klguard-r2-p2,135,60,41.37312706311544,39.39739990234375,111.10416666666667,4.199554651975632,40.43378660082817,36.23423194885254,97,31,0,0.4428635973301322,0.10289199868394298,0.45153961046820595,8.055820872632001,0.004001696235826828,0,,,0.010189449414610863,84,84,84,4,0.03735389768899906,0.7001568469263258,1.3803694248199463,0.9763518148864135,0.02116981247395632,0.13800862553909618,0.15750984436527282,0.18938683667729234,"{""build_tower"":0.18938683667729234,""confirm_card_service_selection"":0.015750984436527282,""continue"":0.13800862553909618,""discard_treasure"":0.000562535158447403,""place_tower"":0.06056628539283705,""purchase_shop_item"":0.10538158634914682,""remove_tower"":0.015375960997562348,""reroll"":0.15750984436527282,""select_card_service_card"":0.01593849615600975,""select_treasure"":0.021751359459966247,""start_defense"":0.18938683667729234,""use_inventory_item"":0.09038064879054941}",0,0,0,0,3.343242908,38.449148201
guarded_R2,klguard-r2-p2,136,61,42.483877301216125,41.755550384521484,116.27083333333333,,,,,,,0.4541876666845114,0.11193142401134072,0.45757354999130423,7.844624098808202,0.00364234773383032,0,,,0.008958657272160053,88,88,88,4,0.04270068253390491,0.6529853262684562,1.1997032165527344,0.9788610430359252,0.020271789663555948,0.14352266618885504,0.14656871528399928,0.1861673535208744,"{""build_tower"":0.1861673535208744,""confirm_card_service_selection"":0.012900913814728543,""continue"":0.14352266618885504,""discard_treasure"":0.00035835871707579287,""place_tower"":0.05733739473212686,""purchase_shop_item"":0.11234545780326106,""remove_tower"":0.01899301200501702,""reroll"":0.14656871528399928,""select_card_service_card"":0.012900913814728543,""select_treasure"":0.02203906110016126,""start_defense"":0.1861673535208744,""use_inventory_item"":0.1006987994982978}",0,0,0,0,3.5004805340000003,40.383522095000004
guarded_R2,klguard-r2-p2,137,62,41.95008532206217,42.152299880981445,116.64583333333333,,,,,,,0.47102552333109743,0.11211312688645829,0.4854256747798486,9.806154058408532,0.005632607651353861,0,,,0.01633906550705433,88,88,88,4,0.05413970133205029,0.7894517057998613,1.6194761991500854,0.9774362995591357,0.019722201364030214,0.14056081443114843,0.15556349348097875,0.18271119842829076,"{""build_tower"":0.18271119842829076,""confirm_card_service_selection"":0.015538489015895695,""continue"":0.14056081443114843,""discard_treasure"":0.0001786033220217896,""place_tower"":0.05661725308090731,""purchase_shop_item"":0.11198428290766209,""remove_tower"":0.021253795320592964,""reroll"":0.15556349348097875,""select_card_service_card"":0.015717092337917484,""select_treasure"":0.021611001964636542,""start_defense"":0.18271119842829076,""use_inventory_item"":0.09555277728165744}",0,0,0,0,3.5277343549999998,43.180548603
guarded_R2,klguard-r2-p2,138,63,40.864306370417275,39.45854949951172,113.125,,,,,,,0.5006244295470775,0.13622698002203015,0.5150934423912655,8.44447038284956,0.0070865816510790455,0,,,0.014587802812457085,88,88,88,4,0.06424761944535104,0.8068477809429169,3.588608980178833,0.9780025164851184,0.01899846524148333,0.13554327808471456,0.1578268876611418,0.1841620626151013,"{""build_tower"":0.1841620626151013,""confirm_card_service_selection"":0.011602209944751382,""continue"":0.13554327808471456,""discard_treasure"":0.001289134438305709,""place_tower"":0.05930018416206261,""purchase_shop_item"":0.10349907918968693,""remove_tower"":0.03591160220994475,""reroll"":0.1578268876611418,""select_card_service_card"":0.011602209944751382,""select_treasure"":0.02117863720073665,""start_defense"":0.1841620626151013,""use_inventory_item"":0.09392265193370165}",0,0,0,0,3.406317987,38.388761562
guarded_R2,klguard-r2-p2,139,64,41.47309982776642,39.05805015563965,114.77083333333333,,,,,,,0.490213678011178,0.1294550686777426,0.5002833090367771,10.187818546667689,0.0053731646702155035,1,84,0.021571069955825806,0.021571069955825806,84,84,88,4,0.05113334399426267,0.8727289927857262,1.81769859790802,0.976343376379833,0.020473244113170287,0.13015066255218732,0.1519332002178254,0.18388092212742785,"{""build_tower"":0.18388092212742785,""confirm_card_service_selection"":0.01379560718823743,""continue"":0.13015066255218732,""discard_treasure"":0.0005445634416409512,""place_tower"":0.06062806316935923,""purchase_shop_item"":0.10927573062261753,""remove_tower"":0.030677073879106915,""reroll"":0.1519332002178254,""select_card_service_card"":0.014340170629878381,""select_treasure"":0.021964058812851697,""start_defense"":0.18388092212742785,""use_inventory_item"":0.09892902523143947}",0,0,0,0,3.381370927,39.567616464
guarded_R2,klguard-r2-p2,140,65,40.624306440353394,39.0890007019043,113.52083333333333,4.044109508395195,40.278341457247734,36.23423194885254,92,36,0,0.5469154875486547,0.16046437054211715,0.5598108836195685,10.856331388093876,0.005791554658489159,0,,,0.018327943980693817,88,88,88,4,0.057646982964466915,0.8700645284896548,2.3910343647003174,0.9770331280316504,0.0219223418336531,0.12919801798495137,0.1536061662690402,0.1822352725270692,"{""build_tower"":0.1822352725270692,""confirm_card_service_selection"":0.01284639383373096,""continue"":0.12919801798495137,""discard_treasure"":0.0005505597357313268,""place_tower"":0.061295650578087724,""purchase_shop_item"":0.10754266837951917,""remove_tower"":0.03927326114883465,""reroll"":0.1536061662690402,""select_card_service_card"":0.013029913745641402,""select_treasure"":0.021288309781611305,""start_defense"":0.1822352725270692,""use_inventory_item"":0.09689851348871352}",0,0,0,0,3.258111327,37.443187552
guarded_R2,klguard-r2-p2,141,66,40.005201975504555,37.536251068115234,112.5,,,,,,,0.5820396102653238,0.18648433787775337,0.5754834562540054,11.084262147522281,0.005876496743377918,0,,,0.017871296033263206,88,88,88,4,0.058120265222069895,0.8565860096026551,3.7274956703186035,0.9731099332140638,0.025914350503378293,0.12203703703703704,0.14629629629629629,0.18092592592592593,"{""build_tower"":0.18092592592592593,""confirm_card_service_selection"":0.011111111111111112,""continue"":0.12203703703703704,""discard_treasure"":0.0024074074074074076,""place_tower"":0.0637037037037037,""purchase_shop_item"":0.10740740740740741,""remove_tower"":0.05407407407407407,""reroll"":0.14629629629629629,""select_card_service_card"":0.011111111111111112,""select_treasure"":0.021111111111111112,""start_defense"":0.18092592592592593,""use_inventory_item"":0.09888888888888889}",0,0,0,0,3.376827757,38.8567496
guarded_R2,klguard-r2-p2,142,67,39.69526060422262,39.37165069580078,111.125,,,,,,,0.5999481409723642,0.19024854825498794,0.6013622002469169,11.354497424659218,0.006364978593006122,1,36,0.03656388446688652,0.03656388446688652,36,36,84,4,0.05652603362169531,1.0523916615380182,2.564544439315796,0.9779886321516293,0.020750300714834816,0.12429696287964004,0.14810648668916385,0.18147731533558306,"{""build_tower"":0.18147731533558306,""confirm_card_service_selection"":0.012373453318335208,""continue"":0.12429696287964004,""discard_treasure"":0.0022497187851518562,""place_tower"":0.0562429696287964,""purchase_shop_item"":0.10742407199100112,""remove_tower"":0.05474315710536183,""reroll"":0.14810648668916385,""select_card_service_card"":0.01274840644919385,""select_treasure"":0.021372328458942633,""start_defense"":0.18147731533558306,""use_inventory_item"":0.09748781402324709}",0,0,0,0,3.293642345,21.591760548
guarded_R2,klguard-r2-p2,143,68,39.39692727724711,37.90744972229004,108.95833333333333,,,,,,,0.5813546016535018,0.17468852594331635,0.5688860515753428,10.408591065781769,0.005935367165139247,0,,,0.015930309891700745,84,84,84,4,0.05894125399312803,0.8554049481948217,1.8970249891281128,0.973141780150765,0.02277911599681136,0.11720841300191205,0.15850860420650095,0.18432122370936901,"{""build_tower"":0.18432122370936901,""confirm_card_service_selection"":0.011472275334608031,""continue"":0.11720841300191205,""discard_treasure"":0.0019120458891013384,""place_tower"":0.0615678776290631,""purchase_shop_item"":0.10172084130019121,""remove_tower"":0.052581261950286805,""reroll"":0.15850860420650095,""select_card_service_card"":0.011472275334608031,""select_treasure"":0.02198852772466539,""start_defense"":0.18432122370936901,""use_inventory_item"":0.09292543021032505}",0,0,0,0,3.25830078,37.679223938
guarded_R2,klguard-r2-p2,144,69,39.51492281754812,38.49909973144531,107.10416666666667,,,,,,,0.5789274178306588,0.16161199581940566,0.5823201852894965,10.422699879789839,0.008204753961243634,0,,,0.01802477054297924,84,84,84,4,0.07442912073539835,0.9711625409268198,4.400822162628174,0.9782049762788059,0.02182974400264876,0.1268235751799261,0.1575568955456137,0.18809570122544253,"{""build_tower"":0.18809570122544253,""confirm_card_service_selection"":0.012643454580820852,""continue"":0.1268235751799261,""discard_treasure"":0.0007780587434351293,""place_tower"":0.05932697918692861,""purchase_shop_item"":0.1001750632172729,""remove_tower"":0.04162614277377942,""reroll"":0.1575568955456137,""select_card_service_card"":0.012837969266679634,""select_treasure"":0.02236918887375997,""start_defense"":0.18809570122544253,""use_inventory_item"":0.08967127018089865}",0,0,0,0,3.08385673,37.620960306
guarded_R2,klguard-r2-p2,145,70,40.47507492701212,39.15704917907715,113.08333333333333,4.479403272271156,40.713635221123695,36.23423194885254,94,34,0,0.5717542361873219,0.16442668971826788,0.5312386610928703,8.505424512621158,0.006860756854139789,1,51,0.02210228517651558,0.02210228517651558,51,51,88,4,0.06552837489574563,0.8505672584561741,2.4402565956115723,0.97244861085205,0.02150351603896442,0.1343036109064112,0.14885777450257923,0.18257184966838613,"{""build_tower"":0.18257184966838613,""confirm_card_service_selection"":0.007737656595431098,""continue"":0.1343036109064112,""discard_treasure"":0.0018422991893883567,""place_tower"":0.06061164333087694,""purchase_shop_item"":0.10759027266028003,""remove_tower"":0.04163596168017686,""reroll"":0.14885777450257923,""select_card_service_card"":0.007737656595431098,""select_treasure"":0.021370670596904937,""start_defense"":0.18257184966838613,""use_inventory_item"":0.10316875460574797}",0,0,0,0,3.3565231730000002,26.100832399
guarded_R2,klguard-r2-p2,146,71,40.6673686504364,39.81129837036133,113.8125,,,,,,,0.5311540424808144,0.13613265876924882,0.5273489702831615,8.452901242004996,0.005247974604770372,1,55,0.02252233400940895,0.02252233400940895,55,55,88,4,0.04847586859356273,0.8115627180446278,1.5528554916381836,0.9789922040913638,0.016131279640831053,0.13490755994874612,0.16199890170236134,0.18158520959179938,"{""build_tower"":0.18158520959179938,""confirm_card_service_selection"":0.015742266154127767,""continue"":0.13490755994874612,""discard_treasure"":0.001098297638660077,""place_tower"":0.055830129965220576,""purchase_shop_item"":0.10982976386600769,""remove_tower"":0.026908292147171883,""reroll"":0.16199890170236134,""select_card_service_card"":0.015742266154127767,""select_treasure"":0.021050704740984808,""start_defense"":0.18158520959179938,""use_inventory_item"":0.09372139849899323}",0,0,0,0,3.387578103,28.225007907
guarded_R2,klguard-r2-p2,147,72,41.92583358287811,40.09639930725098,113.54166666666667,,,,,,,0.5290528640592429,0.12477080281132047,0.5253617770292542,7.911840522565227,0.004135540078023455,0,,,0.008330773562192917,88,88,88,4,0.048956493783572856,0.7348922552032904,1.4473448991775513,0.9763221361467923,0.020550892233255912,0.1401834862385321,0.14862385321100918,0.18788990825688073,"{""build_tower"":0.18788990825688073,""confirm_card_service_selection"":0.0163302752293578,""continue"":0.1401834862385321,""discard_treasure"":0.0009174311926605505,""place_tower"":0.05761467889908257,""purchase_shop_item"":0.10770642201834862,""remove_tower"":0.02055045871559633,""reroll"":0.14862385321100918,""select_card_service_card"":0.017064220183486238,""select_treasure"":0.02220183486238532,""start_defense"":0.18788990825688073,""use_inventory_item"":0.09302752293577982}",0,0,0,0,3.420172041,40.899862302
guarded_R2,klguard-r2-p2,148,73,42.18260637919108,40.920000076293945,114.625,,,,,,,0.5409000576851266,0.13201992269206264,0.5434622287072919,8.046029277468492,0.005188867708134446,0,,,0.009484667330980301,88,88,88,4,0.06512248613448306,0.7497340061447837,2.091879367828369,0.9746514089928907,0.018981051779436795,0.14631043256997456,0.15648854961832062,0.18702290076335878,"{""build_tower"":0.18702290076335878,""confirm_card_service_selection"":0.014358415121773901,""continue"":0.14631043256997456,""discard_treasure"":0.0005452562704471102,""place_tower"":0.056888404216648494,""purchase_shop_item"":0.10378044347509996,""remove_tower"":0.019265721555797893,""reroll"":0.15648854961832062,""select_card_service_card"":0.014540167211922937,""select_treasure"":0.021992002908033444,""start_defense"":0.18702290076335878,""use_inventory_item"":0.09178480552526354}",0,0,0,0,3.365029895,39.527693328
guarded_R2,klguard-r2-p2,149,74,41.514606515566506,39.82485008239746,114.54166666666667,,,,,,,0.5523477123926894,0.1206919690788036,0.5292047661813822,8.0608229226594,0.004535878287862777,0,,,0.012387634254992008,88,88,88,4,0.04867094357243993,0.7455888424407352,1.9999955892562866,0.9739771098569783,0.02063437377695333,0.1409603492178974,0.15223717715532922,0.1842488177519098,"{""build_tower"":0.1842488177519098,""confirm_card_service_selection"":0.018006547835576574,""continue"":0.1409603492178974,""discard_treasure"":0.0009094216078574026,""place_tower"":0.05820298290287377,""purchase_shop_item"":0.11040378319388869,""remove_tower"":0.015642051655147326,""reroll"":0.15223717715532922,""select_card_service_card"":0.018370316478719534,""select_treasure"":0.021280465623863223,""start_defense"":0.1842488177519098,""use_inventory_item"":0.09548926882502728}",0,0,0,0,3.483368014,40.216743245
guarded_R2,klguard-r2-p2,150,75,42.621710419654846,41.909950256347656,114.83333333333333,4.394166514277458,40.62839846313,36.23423194885254,101,27,0,0.5627357048373625,0.11037073021455306,0.5608594758944078,8.426344201871382,0.00544577858500733,1,55,0.022069042548537254,0.022069042548537254,55,55,88,4,0.053204378417947076,0.8732635275884109,3.8199405670166016,0.9769333058899734,0.018725088247182695,0.13443396226415094,0.1620101596516691,0.18849782293178519,"{""build_tower"":0.18849782293178519,""confirm_card_service_selection"":0.01179245283018868,""continue"":0.13443396226415094,""discard_treasure"":0.000725689404934688,""place_tower"":0.06059506531204644,""purchase_shop_item"":0.10522496371552975,""remove_tower"":0.018142235123367198,""reroll"":0.1620101596516691,""select_card_service_card"":0.01179245283018868,""select_treasure"":0.022133526850507984,""start_defense"":0.18849782293178519,""use_inventory_item"":0.09615384615384616}",0,0,0,0,3.491095227,28.819690695
guarded_R2,klguard-r2-p2,151,76,42.82873551050822,40.0,117.02083333333333,,,,,,,0.5473592584404935,0.1164754711064863,0.550816569138657,8.370439688574976,0.0055336067966064465,0,,,0.011747058480978012,88,88,88,4,0.06158937674693086,0.7875320559198206,2.0214226245880127,0.9754676614035351,0.02174618129025806,0.13281110913298913,0.15488695032935731,0.18693252625956916,"{""build_tower"":0.18693252625956916,""confirm_card_service_selection"":0.01424247819120527,""continue"":0.13281110913298913,""discard_treasure"":0.0010681858643403952,""place_tower"":0.05501157201353035,""purchase_shop_item"":0.11109132989140111,""remove_tower"":0.023856150970268827,""reroll"":0.15488695032935731,""select_card_service_card"":0.01424247819120527,""select_treasure"":0.021541748264197972,""start_defense"":0.18693252625956916,""use_inventory_item"":0.09738294463236603}",0,0,0,0,3.6170839580000003,43.239265905
guarded_R2,klguard-r2-p2,152,77,40.561922788619995,39.901899337768555,107.02083333333333,,,,,,,0.5708829465471779,0.12275349797421037,0.5535777970438912,7.725422255931712,0.005862277081957602,0,,,0.012530941516160965,84,84,84,4,0.06028153450183925,0.8404373696872166,1.9771784543991089,0.9714029684168263,0.022079513663248646,0.13393030951917462,0.14833560443838817,0.19271948608137046,"{""build_tower"":0.19271948608137046,""confirm_card_service_selection"":0.01167996885341639,""continue"":0.13393030951917462,""discard_treasure"":0.0007786645902277594,""place_tower"":0.059178508857309714,""purchase_shop_item"":0.10434105509051976,""remove_tower"":0.02433326844461748,""reroll"":0.14833560443838817,""select_card_service_card"":0.01187463500097333,""select_treasure"":0.023165271559275842,""start_defense"":0.19271948608137046,""use_inventory_item"":0.09694374148335605}",0,0,0,0,3.228910988,37.202939448
guarded_R2,klguard-r2-p2,153,78,41.97186899185181,41.030099868774414,111.89583333333333,,,,,,,0.5507559672286577,0.10328721949776674,0.5519940824735732,7.736740442318218,0.005587429340050134,0,,,0.014537486247718334,84,84,84,4,0.06529740421544938,0.7697308546020871,1.5158705711364746,0.9743556890255093,0.021830428047992644,0.1461552783466766,0.15229938558927575,0.19083969465648856,"{""build_tower"":0.19083969465648856,""confirm_card_service_selection"":0.015453360640476635,""continue"":0.1461552783466766,""discard_treasure"":0.0003723701359150996,""place_tower"":0.05753118599888289,""purchase_shop_item"":0.10426363805622789,""remove_tower"":0.013032954757028486,""reroll"":0.15229938558927575,""select_card_service_card"":0.015639545708434184,""select_treasure"":0.022528393222863527,""start_defense"":0.19083969465648856,""use_inventory_item"":0.09104449823124186}",0,0,0,0,3.473531935,40.635673049
guarded_R2,klguard-r2-p2,154,79,42.51279346148173,39.18404960632324,115.77083333333333,,,,,,,0.5381628607438799,0.10371126364634953,0.5295863378856142,7.969059984314763,0.004906592249580619,1,59,0.027854975312948227,0.027854975312948227,59,59,88,4,0.05545089949490661,0.7163037455688088,1.2821180820465088,0.9720734289793109,0.02124377342194996,0.14504228900485874,0.15080079179413353,0.18697138743926578,"{""build_tower"":0.18697138743926578,""confirm_card_service_selection"":0.018175274428648552,""continue"":0.14504228900485874,""discard_treasure"":0.0007198128486593485,""place_tower"":0.05992441965089077,""purchase_shop_item"":0.10941155299622098,""remove_tower"":0.009717473456901205,""reroll"":0.15080079179413353,""select_card_service_card"":0.01835522764081339,""select_treasure"":0.021594385459780457,""start_defense"":0.18697138743926578,""use_inventory_item"":0.09231599784056145}",0,0,0,0,3.51824919,37.204113754
guarded_R2,klguard-r2-p2,155,80,45.19558127721151,43.469499588012695,127.77083333333333,5.269604802131653,41.50383675098419,36.23423194885254,103,25,0,0.5524597088234022,0.11101666130339838,0.544134767105182,7.635666441200028,0.00408092975112595,0,,,0.01332884281873703,96,96,96,4,0.0441788238628457,0.7007970940321684,1.8829402923583984,0.9818679291725951,0.017638431570958346,0.15196478069460298,0.1483776292189793,0.18066199249959236,"{""build_tower"":0.18066199249959236,""confirm_card_service_selection"":0.017446600358715147,""continue"":0.15196478069460298,""discard_treasure"":0.00016305233980107615,""place_tower"":0.05136148703733898,""purchase_shop_item"":0.1196804174139899,""remove_tower"":0.009620088048263493,""reroll"":0.1483776292189793,""select_card_service_card"":0.017609652698516224,""select_treasure"":0.02152290885374205,""start_defense"":0.18066199249959236,""use_inventory_item"":0.10092939833686614}",0,0,0,0,3.836113595,47.893426124
guarded_R2,klguard-r2-p2,156,81,43.36298759778341,41.86804962158203,116.4375,,,,,,,0.5517721717814223,0.08803288758092383,0.5575037060136144,8.10385548542083,0.003986386759152083,0,,,0.012986786663532257,88,88,88,4,0.044135164892808956,0.6997632374140349,1.3004326820373535,0.9750023376591622,0.022930075774307956,0.14528538200035784,0.15101091429593846,0.18947933440687065,"{""build_tower"":0.18947933440687065,""confirm_card_service_selection"":0.015029522275899088,""continue"":0.14528538200035784,""discard_treasure"":0.0007156915369475756,""place_tower"":0.05600286276614779,""purchase_shop_item"":0.11182680264805869,""remove_tower"":0.008946144211844694,""reroll"":0.15101091429593846,""select_card_service_card"":0.015029522275899088,""select_treasure"":0.022186437645374844,""start_defense"":0.18947933440687065,""use_inventory_item"":0.09500805152979067}",0,0,0,0,3.516840992,43.440197886
guarded_R2,klguard-r2-p2,157,82,41.48903131484985,39.716800689697266,113.58333333333333,,,,,,,0.5704021015676204,0.10199042054143653,0.5792504701424729,8.129559699309095,0.005196615694155133,0,,,0.01755647361278534,88,88,88,4,0.056269157508557495,0.7106140611523931,1.359559178352356,0.9805872610461709,0.018693100883286785,0.14490095377842993,0.16085840058694056,0.185986793837124,"{""build_tower"":0.185986793837124,""confirm_card_service_selection"":0.018708730741012473,""continue"":0.14490095377842993,""discard_treasure"":0.0007336757153338225,""place_tower"":0.05374174614820249,""purchase_shop_item"":0.10950110051357301,""remove_tower"":0.009537784299339692,""reroll"":0.16085840058694056,""select_card_service_card"":0.018708730741012473,""select_treasure"":0.021460014673514306,""start_defense"":0.185986793837124,""use_inventory_item"":0.08987527512839324}",0,0,0,0,3.420041992,40.147942925
guarded_R2,klguard-r2-p2,158,83,41.344998041788735,39.90320014953613,111.29166666666667,,,,,,,0.5832034135743321,0.10468379034179327,0.5639308715860049,7.975254905550064,0.004981499613980607,0,,,0.011751048266887665,84,84,84,4,0.05942912772297859,0.6573194006369227,1.138485312461853,0.9809303975199867,0.018641621717030092,0.1512542119056533,0.15687008611007114,0.18906776488206664,"{""build_tower"":0.18906776488206664,""confirm_card_service_selection"":0.014601272931486334,""continue"":0.1512542119056533,""discard_treasure"":0.0009359790340696368,""place_tower"":0.055971546237364285,""purchase_shop_item"":0.10557843504305503,""remove_tower"":0.007300636465743167,""reroll"":0.15687008611007114,""select_card_service_card"":0.014788468738300262,""select_treasure"":0.021901909397229503,""start_defense"":0.18906776488206664,""use_inventory_item"":0.09266192437289404}",0,0,0,0,3.3271474899999998,39.538278008
guarded_R2,klguard-r2-p2,159,84,40.16413346926371,38.52129936218262,104.875,,,,,,,0.5589578524366197,0.09907273548143496,0.5629420164972544,8.15722288768871,0.004275430197776586,0,,,0.009803940542042255,80,80,80,4,0.05311063884291798,0.6631517145782709,1.1165492534637451,0.9787701764996494,0.017668397701345383,0.15176797775129122,0.14918553833929282,0.1950735001986492,"{""build_tower"":0.1950735001986492,""confirm_card_service_selection"":0.01728247914183552,""continue"":0.15176797775129122,""discard_treasure"":0.0001986491855383393,""place_tower"":0.056615017878426696,""purchase_shop_item"":0.1011124354390147,""remove_tower"":0.006158124751688518,""reroll"":0.14918553833929282,""select_card_service_card"":0.01748112832737386,""select_treasure"":0.02284465633690902,""start_defense"":0.1950735001986492,""use_inventory_item"":0.08720699245133096}",0,0,0,0,3.18199295,35.411625299
guarded_R2,klguard-r2-p2,160,85,43.831901947657265,43.22584915161133,121.625,5.164574295282364,41.3988062441349,36.23423194885254,108,20,0,0.5565050954107149,0.09952934792132648,0.5684734858248545,8.342644997432597,0.005223624286926402,0,,,0.011311966925859451,92,92,92,4,0.056432863312732916,0.7228824133458345,1.8313876390457153,0.9820248734568038,0.01739893146061703,0.15501884206920177,0.15159301130524153,0.1831106543336759,"{""build_tower"":0.1831106543336759,""confirm_card_service_selection"":0.016101404590613225,""continue"":0.15501884206920177,""discard_treasure"":0.0008564576909900651,""place_tower"":0.053614251455978076,""purchase_shop_item"":0.1132237067488866,""remove_tower"":0.008907159986296678,""reroll"":0.15159301130524153,""select_card_service_card"":0.016101404590613225,""select_treasure"":0.021240150736553613,""start_defense"":0.1831106543336759,""use_inventory_item"":0.09712230215827339}",0,0,0,0,3.644122846,42.188264629
guarded_R2,klguard-r2-p2,161,86,42.58238339424133,40.0,115.8125,,,,,,,0.5636854785607198,0.11149636693511382,0.5376483855599706,8.295170526738406,0.0055869987797698495,0,,,0.01734708808362484,88,88,88,4,0.06074674774638631,0.6735955348069017,1.1648401021957397,0.9801237096964441,0.019202070935121315,0.15524374887569706,0.14786832164058283,0.18780356179168917,"{""build_tower"":0.18780356179168917,""confirm_card_service_selection"":0.011872638963842417,""continue"":0.15524374887569706,""discard_treasure"":0.0016189962223421479,""place_tower"":0.05990286022665947,""purchase_shop_item"":0.10703363914373089,""remove_tower"":0.011512862025544163,""reroll"":0.14786832164058283,""select_card_service_card"":0.012232415902140673,""select_treasure"":0.021766504767044434,""start_defense"":0.18780356179168917,""use_inventory_item"":0.0953408886490376}",0,0,0,0,3.560469704,41.780886405
guarded_R2,klguard-r2-p2,162,87,42.89107894897461,42.78839874267578,117.35416666666667,,,,,,,0.557300250225888,0.09724720042873589,0.5341613227708718,8.108850272435854,0.004950395046142089,0,,,0.012935075908899307,92,92,92,4,0.054177989130434784,0.7713612626999036,1.6409534215927124,0.9794801659778601,0.018185156731582854,0.1542694834013847,0.15657731226699806,0.1858689863305521,"{""build_tower"":0.1858689863305521,""confirm_card_service_selection"":0.01331439730161548,""continue"":0.1542694834013847,""discard_treasure"":0.00017752529735487306,""place_tower"":0.05698562045091426,""purchase_shop_item"":0.1081129060891177,""remove_tower"":0.009231315462453399,""reroll"":0.15657731226699806,""select_card_service_card"":0.013491922598970352,""select_treasure"":0.021658086277294514,""start_defense"":0.1858689863305521,""use_inventory_item"":0.09444345819279247}",0,0,0,0,3.670798276,42.939164764
guarded_R2,klguard-r2-p2,163,88,41.15380040804545,39.99760055541992,109.22916666666667,,,,,,,0.5446211001299719,0.07881097940980447,0.5505181238764808,7.754788931741386,0.004568800480936059,1,63,0.02563318982720375,0.02563318982720375,63,63,84,4,0.047688108942811454,0.760221738190878,1.938297152519226,0.9809173118200754,0.01527347919043331,0.1520122067518596,0.1598321571619302,0.19168415029563227,"{""build_tower"":0.19168415029563227,""confirm_card_service_selection"":0.014495517833301545,""continue"":0.1520122067518596,""discard_treasure"":0.00019073049780659929,""place_tower"":0.05531184436391379,""purchase_shop_item"":0.10318519931337021,""remove_tower"":0.004005340453938585,""reroll"":0.1598321571619302,""select_card_service_card"":0.015067709326721343,""select_treasure"":0.022315468243372116,""start_defense"":0.19168415029563227,""use_inventory_item"":0.09021552546252146}",0,0,0,0,3.300305616,31.096815211
guarded_R2,klguard-r2-p2,164,89,42.832358280817665,41.46985054016113,118.0625,,,,,,,0.5488316936288109,0.07066622040324902,0.530010164755842,7.7346290821260695,0.006231741113162531,0,,,0.01588897779583931,92,92,92,4,0.06170661879055526,0.7593959790209065,2.8662893772125244,0.9811609722422254,0.01561380085616332,0.1498147167813658,0.16534321510499383,0.1842244573848597,"{""build_tower"":0.1842244573848597,""confirm_card_service_selection"":0.015881418740074114,""continue"":0.1498147167813658,""discard_treasure"":0.0003529204164460914,""place_tower"":0.05734956767248985,""purchase_shop_item"":0.10675842597494264,""remove_tower"":0.005293806246691371,""reroll"":0.16534321510499383,""select_card_service_card"":0.01641079936474325,""select_treasure"":0.021881065819657666,""start_defense"":0.1842244573848597,""use_inventory_item"":0.09246514910887595}",0,0,0,0,3.784538421,44.057903156
guarded_R2,klguard-r2-p2,165,90,42.646805922190346,40.824649810791016,117.47916666666667,5.019914984703064,41.2541469335556,36.23423194885254,107,21,0,0.5243281751482176,0.05098663995358762,0.5158254837860232,7.891049831777581,0.005509072752196833,0,,,0.011359681375324726,92,92,92,4,0.059509656513514725,0.8685528396264367,9.736127853393555,0.9797981439233033,0.01594320278230083,0.1454158538748005,0.16137613051959568,0.18513920907962406,"{""build_tower"":0.18513920907962406,""confirm_card_service_selection"":0.017556304309274694,""continue"":0.1454158538748005,""discard_treasure"":0.0005320092214931725,""place_tower"":0.05852101436424898,""purchase_shop_item"":0.11225394573505941,""remove_tower"":0.0015960276644795177,""reroll"":0.16137613051959568,""select_card_service_card"":0.018088313530767865,""select_treasure"":0.021635041674055683,""start_defense"":0.18513920907962406,""use_inventory_item"":0.09274694094697641}",0,0,0,0,3.691188579,43.405092965
guarded_R2,klguard-r2-p2,166,91,40.81649160385132,39.564048767089844,109.83333333333333,,,,,,,0.5244913536621032,0.06772597141808746,0.5331859152231898,8.030536184503156,0.004731946572584482,0,,,0.017897261306643486,84,84,84,4,0.04850260421101536,0.6950013414025307,1.3173437118530273,0.9806174437299315,0.015543051319019426,0.15477996965098634,0.15231411229135053,0.18949165402124432,"{""build_tower"":0.18949165402124432,""confirm_card_service_selection"":0.01707132018209408,""continue"":0.15477996965098634,""discard_treasure"":0.0007587253414264037,""place_tower"":0.05861153262518968,""purchase_shop_item"":0.1054628224582701,""remove_tower"":0.0037936267071320183,""reroll"":0.15231411229135053,""select_card_service_card"":0.017830045523520487,""select_treasure"":0.022382397572078907,""start_defense"":0.18949165402124432,""use_inventory_item"":0.08801213960546282}",0,0,0,0,3.517436884,40.481268678
guarded_R2,klguard-r2-p2,167,92,43.14405004183451,42.118499755859375,116.20833333333333,,,,,,,0.5283306602794122,0.0635253586011947,0.5228098613972013,8.134209075321523,0.004578433529104586,0,,,0.009695046581327915,88,88,88,4,0.05474199766335501,0.7101359617981043,1.283817172050476,0.9806169640015582,0.01583731645421887,0.15310147006095376,0.15453567586948727,0.18913589100035855,"{""build_tower"":0.18913589100035855,""confirm_card_service_selection"":0.015955539619935462,""continue"":0.15310147006095376,""discard_treasure"":0.00017927572606669058,""place_tower"":0.0645392613840086,""purchase_shop_item"":0.10290426676228039,""remove_tower"":0.003764790247400502,""reroll"":0.15453567586948727,""select_card_service_card"":0.015955539619935462,""select_treasure"":0.02240946575833632,""start_defense"":0.18913589100035855,""use_inventory_item"":0.08838293295087846}",0,0,0,0,3.589441517,42.308319883
guarded_R2,klguard-r2-p2,168,93,42.66037702560425,40.1971492767334,114.54166666666667,,,,,,,0.502701019893276,0.06613750932865502,0.4876275678927248,7.806607185465751,0.004871565944974712,0,,,0.012752847746014595,88,88,88,4,0.05363307444548065,0.6931622587144375,1.413309931755066,0.9801738093262149,0.016803492183416067,0.15296471444161513,0.1391415060021826,0.18952346307748272,"{""build_tower"":0.18952346307748272,""confirm_card_service_selection"":0.015096398690432885,""continue"":0.15296471444161513,""discard_treasure"":0.0003637686431429611,""place_tower"":0.061295016369588944,""purchase_shop_item"":0.11295016369588941,""remove_tower"":0.004001455074572572,""reroll"":0.1391415060021826,""select_card_service_card"":0.015642051655147326,""select_treasure"":0.022189887231720627,""start_defense"":0.18952346307748272,""use_inventory_item"":0.09730811204074209}",0,0,0,0,3.592515728,43.616085505
guarded_R2,klguard-r2-p2,169,94,42.84008526802063,41.7309513092041,114.29166666666667,,,,,,,0.505505985164679,0.06165199034186231,0.48893365399404004,8.30437276375103,0.004683932532192226,0,,,0.010764727368950844,88,88,88,4,0.05090715386904776,0.7646846388551322,1.7376805543899536,0.9808171224870447,0.016879287230866877,0.14746627779803134,0.15421071819176085,0.19066715275246082,"{""build_tower"":0.19066715275246082,""confirm_card_service_selection"":0.015311702515493984,""continue"":0.14746627779803134,""discard_treasure"":0.0014582573824279985,""place_tower"":0.054866934013853445,""purchase_shop_item"":0.10955158585490339,""remove_tower"":0.004921618665694495,""reroll"":0.15421071819176085,""select_card_service_card"":0.015676266861100983,""select_treasure"":0.022602989427633977,""start_defense"":0.19066715275246082,""use_inventory_item"":0.0925993437841779}",0,0,0,0,3.52087039,42.492671353
guarded_R2,klguard-r2-p2,170,95,43.27149788538615,42.11305046081543,116.58333333333333,5.087287709116936,41.321519657969475,36.23423194885254,100,28,0,0.49240616974902657,0.03771698548007228,0.4926595701412721,8.390725646261425,0.005017527764018517,0,,,0.011806503869593143,88,88,88,4,0.0592450606636703,0.6417171284556389,1.262164831161499,0.9800257330158464,0.018329741263931446,0.14581844174410294,0.15618298784846318,0.1887062187276626,"{""build_tower"":0.1887062187276626,""confirm_card_service_selection"":0.017869907076483203,""continue"":0.14581844174410294,""discard_treasure"":0.00035739814152966406,""place_tower"":0.05682630450321658,""purchase_shop_item"":0.10954253037884203,""remove_tower"":0.0014295925661186562,""reroll"":0.15618298784846318,""select_card_service_card"":0.01858470335954253,""select_treasure"":0.022516082916368835,""start_defense"":0.1887062187276626,""use_inventory_item"":0.09345961401000714}",0,0,0,0,3.5993038349999997,44.116354783
guarded_R2,klguard-r2-p2,171,96,42.282287200291954,41.38920021057129,112.625,,,,,,,0.4894594065437369,0.04558086954888069,0.5092732923274691,9.042944541509382,0.00545748168690352,0,,,0.017108064144849777,88,88,88,4,0.059715317308225414,0.7646912583573298,2.486268997192383,0.9804314221470838,0.017907446800646456,0.1413244543100259,0.15704772475027748,0.19108398076211616,"{""build_tower"":0.19108398076211616,""confirm_card_service_selection"":0.016278209396966333,""continue"":0.1413244543100259,""discard_treasure"":0.0007399186089530152,""place_tower"":0.05549389567147614,""purchase_shop_item"":0.11098779134295228,""remove_tower"":0.0020347761746207916,""reroll"":0.15704772475027748,""select_card_service_card"":0.016463189049204588,""select_treasure"":0.022752497225305215,""start_defense"":0.19108398076211616,""use_inventory_item"":0.09470958194598594}",0,0,0,0,3.466749607,42.192046964
guarded_R2,klguard-r2-p2,172,97,43.6171061595281,42.265899658203125,120.4375,,,,,,,0.5053746146829682,0.062395815325500543,0.5148406986395518,9.968228857257218,0.005131846212389064,1,75,0.023163359612226486,0.023163359612226486,75,75,92,4,0.05586689035097758,0.8455386078357696,1.9907431602478027,0.9773705527769022,0.02222592091066358,0.14063310845874416,0.15862307559245806,0.18457014357377616,"{""build_tower"":0.18457014357377616,""confirm_card_service_selection"":0.015049299429164505,""continue"":0.14063310845874416,""discard_treasure"":0.0006919218128351496,""place_tower"":0.05708354955889985,""purchase_shop_item"":0.11278325549212939,""remove_tower"":0.011589690364988756,""reroll"":0.15862307559245806,""select_card_service_card"":0.015395260335582079,""select_treasure"":0.021622556651098426,""start_defense"":0.18457014357377616,""use_inventory_item"":0.09738799515654731}",0,0,0,0,3.6624820270000003,38.702742525
guarded_R2,klguard-r2-p2,173,98,43.062483390172325,42.47094917297363,118.39583333333333,,,,,,,0.5406139017340206,0.08196297002916732,0.5246791160768933,8.72202948835737,0.005482557384873922,1,72,0.02549557015299797,0.02549557015299797,72,72,92,4,0.04862174909147951,0.8254671713544263,1.7921761274337769,0.9758742283880887,0.02226011646385102,0.1335562203061763,0.14851310927327116,0.18564138659158894,"{""build_tower"":0.18564138659158894,""confirm_card_service_selection"":0.01337321837057892,""continue"":0.1335562203061763,""discard_treasure"":0.0005278901988386416,""place_tower"":0.06000351926799226,""purchase_shop_item"":0.1164877705437269,""remove_tower"":0.017420376561675173,""reroll"":0.14851310927327116,""select_card_service_card"":0.0135491817701918,""select_treasure"":0.021995424951610065,""start_defense"":0.18564138659158894,""use_inventory_item"":0.10329051557276087}",0,0,0,0,3.572384758,36.410737706
guarded_R2,klguard-r2-p2,174,99,42.250033378601074,40.0,115.16666666666667,,,,,,,0.48878130951957766,0.046933485953680396,0.48907306451689114,8.521237377676037,0.005755732167120765,0,,,0.01305521372705698,88,88,88,4,0.0618061265823516,0.7026120102541014,1.4802099466323853,0.9816722140249432,0.017442035128955136,0.14055716353111433,0.15412445730824892,0.18632416787264833,"{""build_tower"":0.18632416787264833,""confirm_card_service_selection"":0.01085383502170767,""continue"":0.14055716353111433,""discard_treasure"":0.0009044862518089725,""place_tower"":0.06711287988422576,""purchase_shop_item"":0.11251808972503619,""remove_tower"":0.00723589001447178,""reroll"":0.15412445730824892,""select_card_service_card"":0.01085383502170767,""select_treasure"":0.021888567293777136,""start_defense"":0.18632416787264833,""use_inventory_item"":0.10130246020260492}",0,0,0,0,3.617594058,41.771659833
guarded_R2,klguard-r2-p2,175,100,41.04553151130676,41.018598556518555,110.58333333333333,4.702054902911186,40.936286851763725,36.23423194885254,101,27,0,0.5087534029525228,0.043947790407213756,0.5043015717750504,8.36358544068612,0.00523858621657577,0,,,0.0199978556483984,84,84,84,4,0.059230939618178775,0.6995241106266067,1.5098446607589722,0.9783214252777922,0.016876430306140156,0.136586284853052,0.16428033157498115,0.18877166541070084,"{""build_tower"":0.18877166541070084,""confirm_card_service_selection"":0.014318010550113038,""continue"":0.136586284853052,""discard_treasure"":0.00018839487565938207,""place_tower"":0.06254709871891484,""purchase_shop_item"":0.10795026375282592,""remove_tower"":0.00452147701582517,""reroll"":0.16428033157498115,""select_card_service_card"":0.014506405425772419,""select_treasure"":0.02279577995478523,""start_defense"":0.18877166541070084,""use_inventory_item"":0.09476262245666918}",0,0,0,0,3.431583763,38.73445154
guarded_R2,klguard-r2-p2,176,101,42.32601245244344,40.840599060058594,118.89583333333333,,,,,,,0.4882169366619218,0.04101516720715945,0.49305085319539776,8.602747487835526,0.004019307611088152,0,,,0.010548336431384087,92,92,92,4,0.047687386830701776,0.6855390016799388,1.5530192852020264,0.9822711552193666,0.014588806434008091,0.14140529174697739,0.16295777115822674,0.1817066760119152,"{""build_tower"":0.1817066760119152,""confirm_card_service_selection"":0.01717189416506045,""continue"":0.14140529174697739,""discard_treasure"":0.0005256702295426669,""place_tower"":0.06272998072542492,""purchase_shop_item"":0.11389521640091116,""remove_tower"":0.0031540213772560015,""reroll"":0.16295777115822674,""select_card_service_card"":0.01734711757490801,""select_treasure"":0.021202032591554232,""start_defense"":0.1817066760119152,""use_inventory_item"":0.09619765200630805}",0,0,0,0,3.697975164,43.404888761
guarded_R2,klguard-r2-p2,177,102,41.47819185256958,38.99424934387207,111.54166666666667,,,,,,,0.4913309215757693,0.04731278359765834,0.47857957297847387,8.232994680306604,0.0052220483796970385,0,,,0.019948069006204605,84,84,84,4,0.05533059251805147,0.7000160589814186,1.5259820222854614,0.9827407013194162,0.015474661785577024,0.14437803511393352,0.15988046320508031,0.18901755696675382,"{""build_tower"":0.18901755696675382,""confirm_card_service_selection"":0.011953679491968622,""continue"":0.14437803511393352,""discard_treasure"":0.0005603287261860292,""place_tower"":0.0674262233843855,""purchase_shop_item"":0.1057153530070975,""remove_tower"":0.004109077325364214,""reroll"":0.15988046320508031,""select_card_service_card"":0.011953679491968622,""select_treasure"":0.022039596563317145,""start_defense"":0.18901755696675382,""use_inventory_item"":0.09394844975719088}",0,0,0,0,3.443451007,39.625590045
guarded_R2,klguard-r2-p2,178,103,43.815783301989235,43.30430030822754,120.875,,,,,,,0.44198924253223304,0.04199274819707775,0.419505728651648,7.864716944878454,0.005725412727908564,0,,,0.01390050072222948,92,92,92,4,0.061957520857939256,0.6575175880090051,1.1990934610366821,0.9818830452693742,0.017875266139921936,0.1439158910720441,0.16270251637366426,0.1847638745260255,"{""build_tower"":0.1847638745260255,""confirm_card_service_selection"":0.013788348845225784,""continue"":0.1439158910720441,""discard_treasure"":0.0013788348845225785,""place_tower"":0.058255773871078935,""purchase_shop_item"":0.11340916925198208,""remove_tower"":0.002068252326783868,""reroll"":0.16270251637366426,""select_card_service_card"":0.013788348845225784,""select_treasure"":0.022578421234057223,""start_defense"":0.1847638745260255,""use_inventory_item"":0.09858669424336436}",0,0,0,0,3.696868263,45.492478042
guarded_R2,klguard-r2-p2,179,104,44.54862920443217,44.84110069274902,119.97916666666667,,,,,,,0.40172567129973347,0.04366834430212281,0.41395800787469617,7.655911692112195,0.0048516407299382044,0,,,0.010162252932786942,92,92,92,4,0.05203195884013954,0.6529285600003989,1.3672168254852295,0.9797005722368067,0.018892954650294523,0.1484632748741101,0.15714533773224518,0.18944261156450773,"{""build_tower"":0.18944261156450773,""confirm_card_service_selection"":0.01580135440180587,""continue"":0.1484632748741101,""discard_treasure"":0.0005209237714881056,""place_tower"":0.05070324709150894,""purchase_shop_item"":0.1130404584129189,""remove_tower"":0.0006945650286508074,""reroll"":0.15714533773224518,""select_card_service_card"":0.016148636916131272,""select_treasure"":0.022226080916825836,""start_defense"":0.18944261156450773,""use_inventory_item"":0.09637089772529953}",0,0,0,0,3.635690543,44.51413137
guarded_R2,klguard-r2-p2,180,105,42.8836145401001,41.46339988708496,115.91666666666667,4.992466390132904,41.22669833898544,36.23423194885254,103,25,0,0.4138659003955404,0.04485157673473171,0.4177930361845277,7.664994421249908,0.0049618269438062934,0,,,0.01283799298107624,88,88,88,4,0.04898584828796712,0.6239414912733164,1.5941067934036255,0.9801257218931294,0.018787048174999654,0.14845434938892882,0.15276779295470885,0.18817397555715312,"{""build_tower"":0.18817397555715312,""confirm_card_service_selection"":0.012940330697340043,""continue"":0.14845434938892882,""discard_treasure"":0.0005391804457225018,""place_tower"":0.05859094176851186,""purchase_shop_item"":0.11358734723220705,""remove_tower"":0.0008986340762041696,""reroll"":0.15276779295470885,""select_card_service_card"":0.013299784327821711,""select_treasure"":0.022106398274622574,""start_defense"":0.18817397555715312,""use_inventory_item"":0.10046728971962617}",0,0,0,0,3.499259874,47.122643379
guarded_R2,klguard-r2-p2,181,106,43.054660161336265,40.91054916381836,114.9375,,,,,,,0.42288595717522015,0.03857931439512952,0.45034598355943506,7.636054875179201,0.0050781190681370636,0,,,0.012123552151024342,88,88,88,4,0.04930570245381783,0.6116244213824923,1.2015844583511353,0.9752301756576041,0.0194486007835208,0.15026282399854993,0.15769439912996194,0.19032082653616095,"{""build_tower"":0.19032082653616095,""confirm_card_service_selection"":0.009606670291825267,""continue"":0.15026282399854993,""discard_treasure"":0.00036251586006887804,""place_tower"":0.06108392242160594,""purchase_shop_item"":0.10839224216059452,""remove_tower"":0.00018125793003443902,""reroll"":0.15769439912996194,""select_card_service_card"":0.009606670291825267,""select_treasure"":0.022294725394236,""start_defense"":0.19032082653616095,""use_inventory_item"":0.0998731194489759}",0,0,0,0,3.566967041,41.853501142
guarded_R2,klguard-r2-p2,182,107,40.36422920227051,39.639801025390625,106.375,,,,,,,0.4481432823983477,0.03873757414422812,0.4523518718779087,8.061666937972992,0.004523849955897674,0,,,0.012104475870728493,80,80,80,4,0.051304639084264636,0.6112987384200096,1.3359512090682983,0.9822067342934334,0.016677120269741864,0.15139052095573835,0.16039952996474735,0.1929103016059538,"{""build_tower"":0.1929103016059538,""confirm_card_service_selection"":0.012142577359968664,""continue"":0.15139052095573835,""discard_treasure"":0.00019584802193497845,""place_tower"":0.058166862514688604,""purchase_shop_item"":0.10321190755973364,""remove_tower"":0.0003916960438699569,""reroll"":0.16039952996474735,""select_card_service_card"":0.012338425381903642,""select_treasure"":0.022914218566392478,""start_defense"":0.1929103016059538,""use_inventory_item"":0.09302781041911477}",0,0,0,0,3.279948431,37.773749888
guarded_R2,klguard-r2-p2,183,108,41.995321114857994,39.82715034484863,111.125,,,,,,,0.45777383995571885,0.037175901518802124,0.46612208726860227,8.03863097921462,0.004634109282982362,0,,,0.01199989952147007,84,84,84,4,0.0478154900927274,0.701843720461641,1.4800100326538086,0.9741704895089649,0.0195425915908778,0.14979377577802774,0.16366704161979753,0.19272590926134234,"{""build_tower"":0.19272590926134234,""confirm_card_service_selection"":0.011998500187476566,""continue"":0.14979377577802774,""discard_treasure"":0.0005624296962879641,""place_tower"":0.06017997750281215,""purchase_shop_item"":0.10236220472440945,""remove_tower"":0.00018747656542932134,""reroll"":0.16366704161979753,""select_card_service_card"":0.012373453318335208,""select_treasure"":0.022122234720659918,""start_defense"":0.19272590926134234,""use_inventory_item"":0.09130108736407949}",0,0,0,0,3.552819361,41.441700984
guarded_R2,klguard-r2-p2,184,109,44.036383390426636,42.62389945983887,117.64583333333333,,,,,,,0.44689042369077564,0.03599785177331172,0.46748550819314044,8.740901329040936,0.004813676443119761,1,69,0.028691977262496948,0.028691977262496948,69,69,92,4,0.050905797252620476,0.7599585643713025,3.241750717163086,0.976946597970159,0.02012248494176437,0.1505224012750133,0.14751195324951302,0.19072073667434036,"{""build_tower"":0.19072073667434036,""confirm_card_service_selection"":0.011156366212148043,""continue"":0.1505224012750133,""discard_treasure"":0.0008854258898530193,""place_tower"":0.06375066406941739,""purchase_shop_item"":0.11138657694350983,""remove_tower"":0.0005312555339118116,""reroll"":0.14751195324951302,""select_card_service_card"":0.011156366212148043,""select_treasure"":0.02248981760226669,""start_defense"":0.19072073667434036,""use_inventory_item"":0.09916769966353817}",0,0,0,0,3.709966315,35.338912677
guarded_R2,klguard-r2-p2,185,110,43.9192210038503,43.175899505615234,118.35416666666667,6.299926683306694,42.53415863215923,36.23423194885254,114,14,0,0.4702231660195358,0.03893388620897885,0.48013413697481155,9.037308954714709,0.005970881409498558,0,,,0.012988099828362465,92,92,92,4,0.0570045613238345,0.8065496589178625,2.808748960494995,0.97899696121069,0.020047874068436417,0.14962154550255236,0.1679281816581588,0.18922724872381622,"{""build_tower"":0.18922724872381622,""confirm_card_service_selection"":0.007745115296602711,""continue"":0.14962154550255236,""discard_treasure"":0.0007041013906002464,""place_tower"":0.06002464354867101,""purchase_shop_item"":0.10631930998063721,""remove_tower"":0.0007041013906002464,""reroll"":0.1679281816581588,""select_card_service_card"":0.007921140644252773,""select_treasure"":0.022179193803907763,""start_defense"":0.18922724872381622,""use_inventory_item"":0.09839816933638444}",0,0,0,0,3.706099069,42.78410798
guarded_R2,klguard-r2-p2,186,111,44.65955408414205,43.735300064086914,121.25,,,,,,,0.47829225562851846,0.040227047630658555,0.465115289973176,9.458962080680609,0.004606489238142331,0,,,0.0096632344648242,92,92,92,4,0.05608504131922255,0.701828361529371,1.2827818393707275,0.97649029765659,0.01942664011300582,0.15137457044673538,0.1534364261168385,0.1879725085910653,"{""build_tower"":0.1879725085910653,""confirm_card_service_selection"":0.00859106529209622,""continue"":0.15137457044673538,""discard_treasure"":0.0006872852233676976,""place_tower"":0.0634020618556701,""purchase_shop_item"":0.11391752577319587,""remove_tower"":0.0001718213058419244,""reroll"":0.1534364261168385,""select_card_service_card"":0.00859106529209622,""select_treasure"":0.021821305841924397,""start_defense"":0.1879725085910653,""use_inventory_item"":0.10206185567010309}",0,0,0,0,3.789646292,43.511187874
guarded_R2,klguard-r2-p2,187,112,42.7397186756134,42.86599922180176,113.5,,,,,,,0.49275133392004944,0.04389417415652115,0.4936423846943812,8.784380904121488,0.005218902920267448,0,,,0.012859143316745758,88,88,88,4,0.06357520523438738,0.7213719378818165,1.2277636528015137,0.9773094453789313,0.017750540663572876,0.15088105726872247,0.16207782672540383,0.191079295154185,"{""build_tower"":0.191079295154185,""confirm_card_service_selection"":0.0069750367107195305,""continue"":0.15088105726872247,""discard_treasure"":0.0,""place_tower"":0.05837004405286344,""purchase_shop_item"":0.10811306901615271,""remove_tower"":0.00018355359765051394,""reroll"":0.16207782672540383,""select_card_service_card"":0.007158590308370044,""select_treasure"":0.022209985315712187,""start_defense"":0.191079295154185,""use_inventory_item"":0.10187224669603524}",0,0,0,0,3.5185613350000002,39.382448648
guarded_R2,klguard-r2-p2,188,113,42.20041267077128,39.37355041503906,112.08333333333333,,,,,,,0.4914909708627842,0.043190399532953894,0.4856096018444408,9.230703965199291,0.006036592579892964,0,,,0.013969356194138527,88,88,88,4,0.06707208806818182,0.9722101447934454,10.408180236816406,0.9769809579350642,0.01806014245481823,0.1479553903345725,0.1657992565055762,0.19107806691449813,"{""build_tower"":0.19107806691449813,""confirm_card_service_selection"":0.009107806691449814,""continue"":0.1479553903345725,""discard_treasure"":0.0007434944237918215,""place_tower"":0.05985130111524164,""purchase_shop_item"":0.10594795539033457,""remove_tower"":0.0001858736059479554,""reroll"":0.1657992565055762,""select_card_service_card"":0.00929368029739777,""select_treasure"":0.021933085501858737,""start_defense"":0.19107806691449813,""use_inventory_item"":0.09702602230483272}",0,0,0,0,3.467230196,41.666269908
guarded_R2,klguard-r2-p2,189,114,44.12741247812907,43.73509979248047,121.16666666666667,,,,,,,0.4913964020294268,0.04725052078690576,0.4784248629989831,9.482779559741305,0.0059286929339696535,0,,,0.016714008525013924,92,92,92,4,0.0663194854784271,0.7080432850381603,1.4502058029174805,0.97970133157067,0.016462967832289312,0.15113480055020634,0.1626547455295736,0.18552269601100413,"{""build_tower"":0.18552269601100413,""confirm_card_service_selection"":0.007049518569463549,""continue"":0.15113480055020634,""discard_treasure"":0.000171939477303989,""place_tower"":0.061210453920220086,""purchase_shop_item"":0.11124484181568088,""remove_tower"":0.000171939477303989,""reroll"":0.1626547455295736,""select_card_service_card"":0.007393397524071527,""select_treasure"":0.02218019257221458,""start_defense"":0.18552269601100413,""use_inventory_item"":0.10574277854195323}",0,0,0,0,3.751217504,43.616927491
guarded_R2,klguard-r2-p2,190,115,45.440885384877525,43.202598571777344,128.16666666666666,6.5826796889305115,42.81691163778305,36.23423194885254,116,12,0,0.501095553076519,0.05242671903506102,0.4966933366656303,10.382655701643476,0.005227711310590166,1,100,0.020407266914844513,0.020407266914844513,100,100,100,4,0.0555859375,0.8822496920824051,13.95353889465332,0.9797337278554706,0.015476255798712374,0.1469440832249675,0.15897269180754225,0.18059167750325097,"{""build_tower"":0.18059167750325097,""confirm_card_service_selection"":0.005689206762028608,""continue"":0.1469440832249675,""discard_treasure"":0.0019505851755526658,""place_tower"":0.06778283485045514,""purchase_shop_item"":0.1207737321196359,""remove_tower"":0.000812743823146944,""reroll"":0.15897269180754225,""select_card_service_card"":0.005689206762028608,""select_treasure"":0.021456436931079324,""start_defense"":0.18059167750325097,""use_inventory_item"":0.10874512353706112}",0,0,0,0,4.112195978,53.593770294
guarded_R2,klguard-r2-p2,191,116,45.96226453781128,43.570199966430664,124.20833333333333,,,,,,,0.4732293732663171,0.04883191416480745,0.4669482598179265,9.430153811830374,0.007077117343609835,1,38,0.021931147202849388,0.021931147202849388,38,38,96,4,0.057960304088498414,0.8206030734275517,1.9663312435150146,0.9799324862575978,0.016754391234523307,0.14944649446494465,0.15414290506541428,0.18835961086883596,"{""build_tower"":0.18835961086883596,""confirm_card_service_selection"":0.004696410600469641,""continue"":0.14944649446494465,""discard_treasure"":0.0015095605501509561,""place_tower"":0.06138879570613888,""purchase_shop_item"":0.11606843341160684,""remove_tower"":0.0005031868500503186,""reroll"":0.15414290506541428,""select_card_service_card"":0.004696410600469641,""select_treasure"":0.022307950352230797,""start_defense"":0.18835961086883596,""use_inventory_item"":0.10852063066085206}",0,0,0,0,3.965247496,27.241278036
guarded_R2,klguard-r2-p2,192,117,42.3034956852595,40.0,112.45833333333333,,,,,,,0.45937588754082703,0.031228260681540734,0.4700311083685268,9.411157142793579,0.004722016935250973,0,,,0.009591836482286453,88,88,88,4,0.048747417432340706,0.7477733746848323,2.470273971557617,0.9788769399349888,0.01825744852381335,0.14857354575768802,0.16339384957391626,0.19136717302704706,"{""build_tower"":0.19136717302704706,""confirm_card_service_selection"":0.007224898110411263,""continue"":0.14857354575768802,""discard_treasure"":0.0003705075954057058,""place_tower"":0.06113375324194146,""purchase_shop_item"":0.10652093367914042,""remove_tower"":0.0001852537977028529,""reroll"":0.16339384957391626,""select_card_service_card"":0.007410151908114116,""select_treasure"":0.02223045572434235,""start_defense"":0.19136717302704706,""use_inventory_item"":0.10022230455724343}",0,0,0,0,3.473181578,41.208098498
guarded_R2,klguard-r2-p2,193,118,43.05052296320597,41.82079887390137,115.20833333333333,,,,,,,0.4622572531471608,0.033196362499469306,0.4627552411772988,9.696061585899653,0.004039362591108577,0,,,0.007347325794398785,88,88,88,4,0.048777970993383366,0.6382589153945446,1.1685301065444946,0.9797332324315118,0.017176205324093727,0.15135623869801085,0.1654611211573237,0.19023508137432188,"{""build_tower"":0.19023508137432188,""confirm_card_service_selection"":0.007775768535262206,""continue"":0.15135623869801085,""discard_treasure"":0.00018083182640144665,""place_tower"":0.0593128390596745,""purchase_shop_item"":0.10687160940325498,""remove_tower"":0.00018083182640144665,""reroll"":0.1654611211573237,""select_card_service_card"":0.007775768535262206,""select_treasure"":0.022061482820976492,""start_defense"":0.19023508137432188,""use_inventory_item"":0.09855334538878843}",0,0,0,0,3.587520876,40.595518754
guarded_R2,klguard-r2-p2,194,119,43.21439782778422,40.47234916687012,116.45833333333333,,,,,,,0.46610673175960576,0.037582883018974535,0.47557997331023216,9.608526604357863,0.004559187912294957,0,,,0.009260513819754124,88,88,88,4,0.05417349794879556,0.700532575222579,1.298189640045166,0.9819631294925707,0.015054864729542962,0.14776386404293382,0.16100178890876565,0.189087656529517,"{""build_tower"":0.189087656529517,""confirm_card_service_selection"":0.008586762075134168,""continue"":0.14776386404293382,""discard_treasure"":0.00035778175313059033,""place_tower"":0.06386404293381037,""purchase_shop_item"":0.10930232558139535,""remove_tower"":0.0,""reroll"":0.16100178890876565,""select_card_service_card"":0.008586762075134168,""select_treasure"":0.022003577817531306,""start_defense"":0.189087656529517,""use_inventory_item"":0.10035778175313059}",0,0,0,0,3.710029734,43.401632223
guarded_R2,klguard-r2-p2,195,120,43.673495610555015,43.47254943847656,117.45833333333333,6.181052520871162,42.4152844697237,36.23423194885254,114,14,0,0.45748857137383425,0.044878147746394446,0.44824542797615996,9.67816295222528,0.005406094676098529,0,,,0.013585163280367851,92,92,92,4,0.051970108695652176,0.6554149339056533,2.2287354469299316,0.97880030561122,0.01889173930723463,0.15200425682866264,0.15519687832564738,0.18854203618304363,"{""build_tower"":0.18854203618304363,""confirm_card_service_selection"":0.006917346576800284,""continue"":0.15200425682866264,""discard_treasure"":0.000709471443774388,""place_tower"":0.061014544164597374,""purchase_shop_item"":0.1131606952820149,""remove_tower"":0.000709471443774388,""reroll"":0.15519687832564738,""select_card_service_card"":0.006917346576800284,""select_treasure"":0.022525718339836822,""start_defense"":0.18854203618304363,""use_inventory_item"":0.10376019865200425}",0,0,0,0,3.682029418,43.159528627
guarded_R2,klguard-r2-p2,196,121,44.1292290687561,43.39039993286133,120.25,,,,,,,0.4522801863105732,0.044978733720444246,0.4647363936123641,9.740925359734337,0.004699510774185989,0,,,0.011434094980359077,92,92,92,4,0.04617988172432651,0.6681894789571348,1.9346047639846802,0.9814349426864658,0.015882212891364874,0.14882189882189883,0.15471240471240472,0.18693693693693694,"{""build_tower"":0.18693693693693694,""confirm_card_service_selection"":0.008662508662508662,""continue"":0.14882189882189883,""discard_treasure"":0.001386001386001386,""place_tower"":0.060464310464310465,""purchase_shop_item"":0.11607761607761607,""remove_tower"":0.00017325017325017325,""reroll"":0.15471240471240472,""select_card_service_card"":0.009009009009009009,""select_treasure"":0.022002772002772,""start_defense"":0.18693693693693694,""use_inventory_item"":0.10481635481635482}",0,0,0,0,3.839520454,44.334854378
guarded_R2,klguard-r2-p2,197,122,44.04898929595947,42.523651123046875,115.60416666666667,,,,,,,0.46866409898600836,0.04342814335752975,0.48048704253001645,10.086203553622457,0.00487450114525762,0,,,0.009762040339410305,88,88,88,4,0.05206622759049589,0.6791725836016915,1.133812427520752,0.9779741865964069,0.01931736759037118,0.1483150117138223,0.1598486213732204,0.1937285997477023,"{""build_tower"":0.1937285997477023,""confirm_card_service_selection"":0.007388718688051901,""continue"":0.1483150117138223,""discard_treasure"":0.001081275905568571,""place_tower"":0.05874932420255902,""purchase_shop_item"":0.10740673995314472,""remove_tower"":0.001081275905568571,""reroll"":0.1598486213732204,""select_card_service_card"":0.007388718688051901,""select_treasure"":0.02270679401693999,""start_defense"":0.1937285997477023,""use_inventory_item"":0.09857632005766805}",0,0,0,0,3.732998304,43.030691423
guarded_R2,klguard-r2-p2,198,123,44.70356893539429,41.85555076599121,119.6875,,,,,,,0.49448588170632723,0.041447882981086,0.49016134571610837,10.303712948310835,0.00539421284089545,1,57,0.020234858617186546,0.020234858617186546,57,57,92,4,0.05550016495480872,0.797218027867769,1.6528356075286865,0.9784583983230138,0.018781863163103877,0.15021758050478676,0.1535248041775457,0.18990426457789383,"{""build_tower"":0.18990426457789383,""confirm_card_service_selection"":0.005918189730200174,""continue"":0.15021758050478676,""discard_treasure"":0.0008703220191470844,""place_tower"":0.06492602262837249,""purchase_shop_item"":0.11035683202785031,""remove_tower"":0.00017406440382941688,""reroll"":0.1535248041775457,""select_card_service_card"":0.006092254134029591,""select_treasure"":0.02193211488250653,""start_defense"":0.18990426457789383,""use_inventory_item"":0.1061792863359443}",0,0,0,0,3.8506392529999998,32.989998074
guarded_R2,klguard-r2-p2,199,124,42.65978328386942,41.58284950256348,112.625,,,,,,,0.49476965894652347,0.037007028539954696,0.48639872670173645,9.789273916874638,0.005861367408546026,0,,,0.015608282759785652,88,88,88,4,0.049257220700383186,0.701674314046448,2.449415445327759,0.9786295921380398,0.01994395744986832,0.1492785793562708,0.1526082130965594,0.1933037365889752,"{""build_tower"":0.1933037365889752,""confirm_card_service_selection"":0.0059193488716241215,""continue"":0.1492785793562708,""discard_treasure"":0.0011098779134295228,""place_tower"":0.06455789863115058,""purchase_shop_item"":0.10839807621161672,""remove_tower"":0.0003699593044765076,""reroll"":0.1526082130965594,""select_card_service_card"":0.0059193488716241215,""select_treasure"":0.022567517573066964,""start_defense"":0.1933037365889752,""use_inventory_item"":0.10266370699223086}",0,0,0,0,3.605956533,40.93712423
guarded_R2,klguard-r2-p2,200,125,44.38939801851908,43.573551177978516,118.22916666666667,7.145046919584274,43.37927886843681,36.23423194885254,116,12,0,0.491271907727248,0.03715760171573122,0.5030704020805981,10.236057007039866,0.004822461650368636,0,,,0.013646523468196392,92,92,92,4,0.055470527433182884,0.7181807973462603,2.610386610031128,0.9785605158039334,0.01910949448811943,0.14889867841409693,0.15330396475770924,0.19118942731277533,"{""build_tower"":0.19118942731277533,""confirm_card_service_selection"":0.009515418502202643,""continue"":0.14889867841409693,""discard_treasure"":0.0005286343612334801,""place_tower"":0.0586784140969163,""purchase_shop_item"":0.11242290748898678,""remove_tower"":0.0001762114537444934,""reroll"":0.15330396475770924,""select_card_service_card"":0.009691629955947136,""select_treasure"":0.022202643171806168,""start_defense"":0.19118942731277533,""use_inventory_item"":0.10220264317180616}",0,0,0,0,3.669256298,43.039355871
guarded_R2,klguard-r2-p2,201,126,45.7962646484375,43.411800384521484,123.04166666666667,,,,,,,0.5109947533405671,0.04094621482594415,0.5000091133018335,11.078737863440775,0.005383391067809384,0,,,0.01862543262541294,96,96,96,4,0.04895923756218205,0.8101875241845846,5.285049915313721,0.9749942832832665,0.020880945744769026,0.1486623772434812,0.1466305452082628,0.18929901794784965,"{""build_tower"":0.18929901794784965,""confirm_card_service_selection"":0.007280731459532679,""continue"":0.1486623772434812,""discard_treasure"":0.0006772773450728074,""place_tower"":0.06603454114459871,""purchase_shop_item"":0.11615306467998646,""remove_tower"":0.0005079580088046055,""reroll"":0.1466305452082628,""select_card_service_card"":0.007280731459532679,""select_treasure"":0.022350152387402643,""start_defense"":0.18929901794784965,""use_inventory_item"":0.10582458516762615}",0,0,0,0,3.91252129,45.970662525
guarded_R2,klguard-r2-p2,202,127,46.51899973551432,45.82684898376465,127.5,,,,,,,0.5285239725546799,0.03698247991410808,0.5373704325069081,11.06730455576571,0.0055577984651646066,1,44,0.02074238657951355,0.02074238657951355,44,44,96,4,0.04590149884196845,0.7498608692125841,1.2149497270584106,0.9761053212437488,0.019535340562773246,0.14983660130718954,0.1553921568627451,0.1854575163398693,"{""build_tower"":0.1854575163398693,""confirm_card_service_selection"":0.006045751633986928,""continue"":0.14983660130718954,""discard_treasure"":0.000980392156862745,""place_tower"":0.0619281045751634,""purchase_shop_item"":0.11781045751633987,""remove_tower"":0.0004901960784313725,""reroll"":0.1553921568627451,""select_card_service_card"":0.006045751633986928,""select_treasure"":0.021405228758169935,""start_defense"":0.1854575163398693,""use_inventory_item"":0.10915032679738562}",0,0,0,0,3.972421989,27.798356499
guarded_R2,klguard-r2-p2,203,128,43.66708771387736,43.117300033569336,120.97916666666667,,,,,,,0.5636592379900203,0.0422272862901488,0.5604559928178787,11.455021415665085,0.0049733317477464725,0,,,0.013135123066604137,92,92,92,4,0.0510641498207722,0.7185861014801523,1.3938554525375366,0.9792979835642908,0.016466038453433175,0.14069226795247117,0.17840537282589977,0.18374375753401068,"{""build_tower"":0.18374375753401068,""confirm_card_service_selection"":0.00447735491648011,""continue"":0.14069226795247117,""discard_treasure"":0.00034441191665231615,""place_tower"":0.0661270879972447,""purchase_shop_item"":0.11038401928706733,""remove_tower"":0.0012054417082831067,""reroll"":0.17840537282589977,""select_card_service_card"":0.00447735491648011,""select_treasure"":0.02152574479076976,""start_defense"":0.18374375753401068,""use_inventory_item"":0.10487342862063027}",0,0,0,0,3.886583216,44.90762325
guarded_R2,klguard-r2-p2,204,129,45.68652502695719,43.115251541137695,124.75,,,,,,,0.5578666866532318,0.041238297557302746,0.5527095034097632,10.90992839811504,0.0062355977939863765,0,,,0.01671973429620266,96,96,96,4,0.06055175778844083,0.7333657837783297,1.5281413793563843,0.9752027592649436,0.019281744685334463,0.14211756847027388,0.16733466933867736,0.18653974615898464,"{""build_tower"":0.18653974615898464,""confirm_card_service_selection"":0.002338009352037408,""continue"":0.14211756847027388,""discard_treasure"":0.0,""place_tower"":0.05811623246492986,""purchase_shop_item"":0.11589846359385438,""remove_tower"":0.0033400133600534404,""reroll"":0.16733466933867736,""select_card_service_card"":0.002338009352037408,""select_treasure"":0.022211088844355378,""start_defense"":0.18653974615898464,""use_inventory_item"":0.11322645290581163}",0,0,0,0,3.955728687,47.464013782
guarded_R2,klguard-r2-p2,205,130,44.4453874429067,42.84995079040527,121.10416666666667,7.717190802097321,43.95142275094986,36.23423194885254,114,14,0,0.530616607457854,0.04875891498115468,0.527408897228863,11.622939856753357,0.006597516308157419,0,,,0.014834891073405743,92,92,92,4,0.07239441022924754,0.7083086070159207,1.114970326423645,0.9796675416909277,0.016252676834878715,0.14760020643385516,0.158437983829348,0.1863065542749011,"{""build_tower"":0.1863065542749011,""confirm_card_service_selection"":0.004472733528298641,""continue"":0.14760020643385516,""discard_treasure"":0.0003440564252537416,""place_tower"":0.06468260794770342,""purchase_shop_item"":0.11353862033373473,""remove_tower"":0.0030965078272836744,""reroll"":0.158437983829348,""select_card_service_card"":0.004644761740925512,""select_treasure"":0.022019611216239462,""start_defense"":0.1863065542749011,""use_inventory_item"":0.10854980216755548}",0,0,0,0,3.879378557,45.6780097
guarded_R2,klguard-r2-p2,206,131,44.116451819737755,43.13934898376465,116.8125,,,,,,,0.5064088763389228,0.03992018076099005,0.4943243404003707,10.477288162523795,0.003876649595450875,0,,,0.010092751123011112,88,88,88,4,0.04361441117626699,0.7056867785074494,1.1738923788070679,0.9788318385959643,0.018989681350913914,0.14749420367397895,0.161227037631532,0.19225967540574282,"{""build_tower"":0.19225967540574282,""confirm_card_service_selection"":0.0017834849295523454,""continue"":0.14749420367397895,""discard_treasure"":0.0,""place_tower"":0.05849830568931692,""purchase_shop_item"":0.109505974674514,""remove_tower"":0.0032102728731942215,""reroll"":0.161227037631532,""select_card_service_card"":0.0017834849295523454,""select_treasure"":0.02282860709827002,""start_defense"":0.19225967540574282,""use_inventory_item"":0.10914927768860354}",0,0,0,0,3.754446266,41.43403927
guarded_R2,klguard-r2-p2,207,132,45.943057934443154,43.828800201416016,123.58333333333333,,,,,,,0.5268130771247119,0.0549789858747474,0.5168177869457465,12.5486083990979,0.004645100612693708,1,52,0.028726141899824142,0.028726141899824142,52,52,96,4,0.04238827583881525,0.7782798936733832,1.7400729656219482,0.9782804327534914,0.01997055480993974,0.14817936614969657,0.16587997302764665,0.18880647336480108,"{""build_tower"":0.18880647336480108,""confirm_card_service_selection"":0.0020229265003371545,""continue"":0.14817936614969657,""discard_treasure"":0.00033715441672285906,""place_tower"":0.05748482805124747,""purchase_shop_item"":0.10923803101820634,""remove_tower"":0.00724881995954147,""reroll"":0.16587997302764665,""select_card_service_card"":0.0020229265003371545,""select_treasure"":0.02208361429534727,""start_defense"":0.18880647336480108,""use_inventory_item"":0.1078894133513149}",0,0,0,0,3.839820643,30.874996221
guarded_R2,klguard-r2-p2,208,133,44.79159585634867,43.82499885559082,123.85416666666667,,,,,,,0.519333102788538,0.06873299572121486,0.5487063017984232,12.303084899296104,0.006003244770321696,0,,,0.017598334699869156,96,96,96,4,0.05659565174331268,0.7804885413497686,2.4775614738464355,0.9765503844389762,0.020628832639583077,0.1423044575273339,0.16534903280067284,0.18368376787216148,"{""build_tower"":0.18368376787216148,""confirm_card_service_selection"":0.002523128679562658,""continue"":0.1423044575273339,""discard_treasure"":0.0005046257359125315,""place_tower"":0.06627417998317914,""purchase_shop_item"":0.1103448275862069,""remove_tower"":0.012279226240538267,""reroll"":0.16534903280067284,""select_card_service_card"":0.002523128679562658,""select_treasure"":0.02203532380151388,""start_defense"":0.18368376787216148,""use_inventory_item"":0.10849453322119428}",0,0,0,0,3.79978659,45.044613472
guarded_R2,klguard-r2-p2,209,134,44.3668688138326,42.7818489074707,121.0,,,,,,,0.5769568751223877,0.08321001221358769,0.5627414676788691,11.531219604736044,0.005987856435092761,1,74,0.02474457211792469,0.02474457211792469,74,74,92,4,0.05024857955003107,0.7484192956943769,2.048058271408081,0.9740347229803313,0.020400955473356273,0.14170110192837465,0.1590909090909091,0.18715564738292012,"{""build_tower"":0.18715564738292012,""confirm_card_service_selection"":0.002238292011019284,""continue"":0.14170110192837465,""discard_treasure"":0.0001721763085399449,""place_tower"":0.061639118457300274,""purchase_shop_item"":0.11139807162534435,""remove_tower"":0.014979338842975207,""reroll"":0.1590909090909091,""select_card_service_card"":0.002238292011019284,""select_treasure"":0.021866391184573,""start_defense"":0.18715564738292012,""use_inventory_item"":0.11036501377410468}",0,0,0,0,3.739345819,38.840831973
guarded_R2,klguard-r2-p2,210,135,44.3020293712616,43.12105178833008,119.75,7.6928821206092834,43.92711406946182,36.23423194885254,116,12,0,0.5433881087203236,0.05713797032003545,0.5471561690387519,11.78119060184652,0.0060259639460879125,0,,,0.01569022797048092,92,92,92,4,0.06665514899498742,0.7199363135125326,1.678155779838562,0.9795220806180608,0.017874551805384133,0.14144050104384134,0.17258176757132915,0.18789144050104384,"{""build_tower"":0.18789144050104384,""confirm_card_service_selection"":0.0010438413361169101,""continue"":0.14144050104384134,""discard_treasure"":0.0,""place_tower"":0.061412665274878216,""purchase_shop_item"":0.10768963117606124,""remove_tower"":0.008698677800974252,""reroll"":0.17258176757132915,""select_card_service_card"":0.0010438413361169101,""select_treasure"":0.021920668058455117,""start_defense"":0.18789144050104384,""use_inventory_item"":0.10838552540013918}",0,0,0,0,3.838361576,44.194181846
guarded_R2,klguard-r2-p2,211,136,45.104525089263916,43.75055122375488,120.04166666666667,,,,,,,0.5395666892112198,0.06972423411120683,0.551217292961867,13.251679819079408,0.005243458822959561,0,,,0.012424510903656483,92,92,92,4,0.0573036424289255,0.7248727847700533,1.3399708271026611,0.9767648258981977,0.018566549735386736,0.1480388753904894,0.15619576535925025,0.1905588337382853,"{""build_tower"":0.1905588337382853,""confirm_card_service_selection"":0.0008677542519958348,""continue"":0.1480388753904894,""discard_treasure"":0.0,""place_tower"":0.0593543908365151,""purchase_shop_item"":0.11367580701145436,""remove_tower"":0.005032974661575842,""reroll"":0.15619576535925025,""select_card_service_card"":0.0008677542519958348,""select_treasure"":0.02221450885109337,""start_defense"":0.1905588337382853,""use_inventory_item"":0.11263450190905935}",0,0,0,0,3.7147117659999997,42.585052373
guarded_R2,klguard-r2-p2,212,137,44.04355422655741,43.64629936218262,117.4375,,,,,,,0.5892512620400012,0.0866648575345225,0.592355069582877,12.009075464448644,0.005406782231612733,0,,,0.014416391029953957,92,92,92,4,0.0634765625,0.8553449126041454,3.153404951095581,0.9764591254536797,0.02026445154890256,0.13766187688486783,0.1640943764413695,0.19070427532375378,"{""build_tower"":0.19070427532375378,""confirm_card_service_selection"":0.0007095973035302466,""continue"":0.13766187688486783,""discard_treasure"":0.00017739932588256165,""place_tower"":0.06492815327301757,""purchase_shop_item"":0.10856838744012773,""remove_tower"":0.008515167642362959,""reroll"":0.1640943764413695,""select_card_service_card"":0.0007095973035302466,""select_treasure"":0.02270711371296789,""start_defense"":0.19070427532375378,""use_inventory_item"":0.11051978002483591}",0,0,0,0,3.7133329919999998,41.202144984
guarded_R2,klguard-r2-p2,213,138,44.958839654922485,44.19330024719238,121.8125,,,,,,,0.5989312387672614,0.09589968163036074,0.5982679193434508,13.21809431136327,0.005143164867268238,0,,,0.01009462121874094,92,92,92,4,0.05795330671674531,0.7676029386727706,1.4459251165390015,0.9809064395306447,0.018769772095686716,0.14246622199418504,0.1616213442791175,0.18813066529844363,"{""build_tower"":0.18813066529844363,""confirm_card_service_selection"":0.0011971951428082776,""continue"":0.14246622199418504,""discard_treasure"":0.0006841115101761587,""place_tower"":0.06430648195655891,""purchase_shop_item"":0.11304942705661022,""remove_tower"":0.00547289208140927,""reroll"":0.1616213442791175,""select_card_service_card"":0.0011971951428082776,""select_treasure"":0.022062596203181118,""start_defense"":0.18813066529844363,""use_inventory_item"":0.1116812040362579}",0,0,0,0,3.926345474,45.211638506
guarded_R2,klguard-r2-p2,214,139,44.53613519668579,43.152549743652344,121.8125,,,,,,,0.6302343512928401,0.10701747662466307,0.6463392014088838,12.98198727063772,0.005606707100132949,0,,,0.01439494639635086,92,92,92,4,0.06274527627164903,0.8440367132425308,1.4963281154632568,0.9797940660700657,0.018751847304646737,0.13819052505558407,0.16777834787070292,0.18624935864545922,"{""build_tower"":0.18624935864545922,""confirm_card_service_selection"":0.0011971951428082776,""continue"":0.13819052505558407,""discard_treasure"":0.000513083632632119,""place_tower"":0.06362237044638276,""purchase_shop_item"":0.11065503677099367,""remove_tower"":0.012485035060714897,""reroll"":0.16777834787070292,""select_card_service_card"":0.0011971951428082776,""select_treasure"":0.022575679835813236,""start_defense"":0.18624935864545922,""use_inventory_item"":0.10928681375064135}",0,0,0,0,3.819907141,45.344506003
guarded_R2,klguard-r2-p2,215,140,44.82261029879252,44.0,119.91666666666667,8.23621952533722,44.47045147418976,36.23423194885254,115,13,0,0.6582851926102687,0.11216330990513142,0.6642145156860352,14.056066179250557,0.005686435409208773,1,90,0.021212726831436157,0.021212726831436157,90,90,92,4,0.05881356398264567,0.8195655269755258,1.360506296157837,0.9794634625208343,0.018196788191309442,0.13533703961084087,0.16990965948575398,0.18988881167477414,"{""build_tower"":0.18988881167477414,""confirm_card_service_selection"":0.0008686587908269632,""continue"":0.13533703961084087,""discard_treasure"":0.0005211952744961779,""place_tower"":0.05802640722724114,""purchase_shop_item"":0.11344683808200139,""remove_tower"":0.007644197359277276,""reroll"":0.16990965948575398,""select_card_service_card"":0.0008686587908269632,""select_treasure"":0.022063933287004865,""start_defense"":0.18988881167477414,""use_inventory_item"":0.11153578874218208}",0,0,0,0,3.867222944,42.793763454
guarded_R2,klguard-r2-p2,216,141,44.15495419502258,43.23834991455078,119.08333333333333,,,,,,,0.6845704699835694,0.14427125966674953,0.6748713908656951,15.108152501277038,0.006046250299116382,1,31,0.02044433355331421,0.02044433355331421,31,31,92,4,0.0518133160808394,0.972023404413654,2.242790699005127,0.9767669454505581,0.020276155241805573,0.13261021693491953,0.15552834149755074,0.18894331700489853,"{""build_tower"":0.18894331700489853,""confirm_card_service_selection"":0.0015745276417074878,""continue"":0.13261021693491953,""discard_treasure"":0.0005248425472358292,""place_tower"":0.0638558432470259,""purchase_shop_item"":0.11301609517144856,""remove_tower"":0.017844646606018196,""reroll"":0.15552834149755074,""select_card_service_card"":0.0015745276417074878,""select_treasure"":0.02239328201539538,""start_defense"":0.18894331700489853,""use_inventory_item"":0.11319104268719384}",0,0,0,0,3.662413585,22.344464125000002
guarded_R2,klguard-r2-p2,217,142,42.578004240989685,40.81875038146973,118.29166666666667,,,,,,,0.714755503874728,0.18139830022234754,0.7067905249802963,14.626068975807817,0.00836077657969208,0,,,0.018484415486454964,92,92,92,4,0.07589865888914336,1.0119655423838159,4.14900541305542,0.9778092293529063,0.018841017179353083,0.11976047904191617,0.16555125044029587,0.18316308559351885,"{""build_tower"":0.18316308559351885,""confirm_card_service_selection"":0.0005283550545966889,""continue"":0.11976047904191617,""discard_treasure"":0.0008805917576611482,""place_tower"":0.06428319830926382,""purchase_shop_item"":0.11570975695667489,""remove_tower"":0.029587883057414582,""reroll"":0.16555125044029587,""select_card_service_card"":0.0005283550545966889,""select_treasure"":0.021310320535399788,""start_defense"":0.18316308559351885,""use_inventory_item"":0.11553363860514265}",0,0,0,0,3.721419776,41.240164182
guarded_R2,klguard-r2-p2,218,143,41.44174595673879,37.53879928588867,110.54166666666667,,,,,,,0.7086944971911937,0.1726757215076689,0.6858699719111124,11.98880793529084,0.005860670810155473,1,48,0.023760532960295677,0.023760532960295677,48,48,84,4,0.06320354501561572,0.9940363516410192,2.563690423965454,0.9795847124333444,0.018309539427892083,0.11722578213343385,0.15454202789295138,0.19129287598944592,"{""build_tower"":0.19129287598944592,""confirm_card_service_selection"":0.0007538635506973238,""continue"":0.11722578213343385,""discard_treasure"":0.00018846588767433095,""place_tower"":0.06125141349415756,""purchase_shop_item"":0.11402186204297023,""remove_tower"":0.030719939690915944,""reroll"":0.15454202789295138,""select_card_service_card"":0.0007538635506973238,""select_treasure"":0.022427440633245383,""start_defense"":0.19129287598944592,""use_inventory_item"":0.11552958914436487}",0,0,0,0,3.397861965,26.038704432
guarded_R2,klguard-r2-p2,219,144,44.7018772761027,44.192949295043945,121.10416666666667,,,,,,,0.6538065603612391,0.14025445277935075,0.6527762257534525,13.105017890464737,0.006879694727736616,0,,,0.013674634508788586,92,92,92,4,0.07790871604305247,0.8014198586992596,1.5253139734268188,0.9782437174800234,0.01921668804615088,0.13039738517116808,0.16531911233442284,0.18768277997591604,"{""build_tower"":0.18768277997591604,""confirm_card_service_selection"":0.0013762257010149664,""continue"":0.13039738517116808,""discard_treasure"":0.0006881128505074832,""place_tower"":0.0648546361603303,""purchase_shop_item"":0.1149148460347497,""remove_tower"":0.010149664544985377,""reroll"":0.16531911233442284,""select_card_service_card"":0.0013762257010149664,""select_treasure"":0.022363667641493206,""start_defense"":0.18768277997591604,""use_inventory_item"":0.113194563908481}",0,0,0,0,3.7914126919999998,42.4068952
guarded_R2,klguard-r2-p2,220,145,43.40647312005361,40.0,117.0,7.9302235543727875,44.16445550322533,36.23423194885254,110,18,0,0.6504378735601721,0.13729274678631737,0.6500660763545469,13.21958057689677,0.006474832929784084,0,,,0.01925387978553772,88,88,88,4,0.06362748582085426,0.8356572203338146,2.063920736312866,0.9825431111226671,0.015134175477380102,0.13425925925925927,0.16132478632478633,0.1892806267806268,"{""build_tower"":0.1892806267806268,""confirm_card_service_selection"":0.0007122507122507123,""continue"":0.13425925925925927,""discard_treasure"":0.0008903133903133903,""place_tower"":0.06908831908831908,""purchase_shop_item"":0.1111111111111111,""remove_tower"":0.01103988603988604,""reroll"":0.16132478632478633,""select_card_service_card"":0.0007122507122507123,""select_treasure"":0.021367521367521368,""start_defense"":0.1892806267806268,""use_inventory_item"":0.11093304843304844}",0,0,0,0,3.8292879539999998,43.06159371
guarded_R2,klguard-r2-p2,221,146,42.715145905812584,39.915449142456055,114.47916666666667,,,,,,,0.6689216900167214,0.14478185361059576,0.6472188726304069,12.956212512554773,0.0063186002284748525,1,63,0.020386122167110443,0.020386122167110443,63,63,88,4,0.06715759226963633,0.7714367187212384,1.2857885360717773,0.9792287471604132,0.019249490398744292,0.13048225659690627,0.16305732484076432,0.19017288444040037,"{""build_tower"":0.19017288444040037,""confirm_card_service_selection"":0.0003639672429481347,""continue"":0.13048225659690627,""discard_treasure"":0.00018198362147406734,""place_tower"":0.06933575978161965,""purchase_shop_item"":0.10937215650591446,""remove_tower"":0.015832575068243857,""reroll"":0.16305732484076432,""select_card_service_card"":0.0003639672429481347,""select_treasure"":0.02165605095541401,""start_defense"":0.19017288444040037,""use_inventory_item"":0.10900818926296633}",0,0,0,0,3.580975949,32.572643281
guarded_R2,klguard-r2-p2,222,147,42.307387391726174,40.730499267578125,110.375,,,,,,,0.6759435545371598,0.12425413463352798,0.6500230094660884,12.093283859395932,0.005519203715780547,1,23,0.024150429293513298,0.024150429293513298,23,23,84,4,0.03472307032865027,0.8927133342494136,1.4751206636428833,0.9790545369892117,0.020162872870319655,0.135522838807097,0.169120422801057,0.19441298603246507,"{""build_tower"":0.19441298603246507,""confirm_card_service_selection"":0.00037750094375235937,""continue"":0.135522838807097,""discard_treasure"":0.0007550018875047187,""place_tower"":0.05813514533786335,""purchase_shop_item"":0.10570026425066063,""remove_tower"":0.010003775009437523,""reroll"":0.169120422801057,""select_card_service_card"":0.00037750094375235937,""select_treasure"":0.022650056625141562,""start_defense"":0.19441298603246507,""use_inventory_item"":0.10853152132880332}",0,0,0,0,3.42189015,18.668173309
guarded_R2,klguard-r2-p2,223,148,47.253068685531616,45.36929893493652,131.75,,,,,,,0.6339709548759282,0.11318464881759169,0.6251569753885269,13.725195364377008,0.005742425394564634,0,,,0.011396506801247597,100,100,100,4,0.0665755208954215,0.7757977247238159,1.4235981702804565,0.9732894063389574,0.019273720970377325,0.1347248576850095,0.18453510436432638,0.18216318785578747,"{""build_tower"":0.18216318785578747,""confirm_card_service_selection"":0.0007906388361796331,""continue"":0.1347248576850095,""discard_treasure"":0.0004743833017077799,""place_tower"":0.061511701454775455,""purchase_shop_item"":0.11353573687539532,""remove_tower"":0.004743833017077799,""reroll"":0.18453510436432638,""select_card_service_card"":0.0007906388361796331,""select_treasure"":0.021347248576850095,""start_defense"":0.18216318785578747,""use_inventory_item"":0.11321948134092347}",0,0,0,0,4.221317291,49.638236021
guarded_R2,klguard-r2-p2,224,149,43.40061688423157,41.73090171813965,117.10416666666667,,,,,,,0.6426513633541102,0.10804068578640898,0.6420061242851344,13.772964881587734,0.005900263871270991,0,,,0.01743551529943943,88,88,88,4,0.06422954827377741,0.8322968120602044,1.297374963760376,0.9803816421870412,0.018957562786950308,0.1382316313823163,0.18092866038071517,0.18822273616794163,"{""build_tower"":0.18822273616794163,""confirm_card_service_selection"":0.0012453300124533001,""continue"":0.1382316313823163,""discard_treasure"":0.0001779042874933286,""place_tower"":0.06333392634762498,""purchase_shop_item"":0.10620885963351717,""remove_tower"":0.003558085749866572,""reroll"":0.18092866038071517,""select_card_service_card"":0.0012453300124533001,""select_treasure"":0.022593844511652732,""start_defense"":0.18822273616794163,""use_inventory_item"":0.10603095534602384}",0,0,0,0,3.655163221,42.351726459
guarded_R2,klguard-r2-p2,225,150,44.18730425834656,43.469499588012695,118.60416666666667,7.985467284917831,44.21969923377037,36.23423194885254,112,16,0,0.6204431555829231,0.10322909235908381,0.6113858786614045,11.929469601482829,0.006671875565742717,0,,,0.01908273994922638,92,92,92,4,0.07365633903638176,0.7895777691965518,2.233370304107666,0.9817825470732712,0.01713540668234877,0.13753732654136658,0.16933075707008607,0.19040927454769013,"{""build_tower"":0.19040927454769013,""confirm_card_service_selection"":0.0003513086246267346,""continue"":0.13753732654136658,""discard_treasure"":0.0003513086246267346,""place_tower"":0.0634112067451256,""purchase_shop_item"":0.10943263657122783,""remove_tower"":0.0045670121201475495,""reroll"":0.16933075707008607,""select_card_service_card"":0.0003513086246267346,""select_treasure"":0.022132443351484277,""start_defense"":0.19040927454769013,""use_inventory_item"":0.1117161426313016}",0,0,0,0,3.714221382,41.400402637
guarded_R2,klguard-r2-p2,226,151,43.24906047185262,41.96199989318848,117.54166666666667,,,,,,,0.6481067910590541,0.10070377304467625,0.6461338919142018,11.84091363868487,0.005927955468391504,0,,,0.013966704718768597,92,92,92,4,0.06412194296717644,0.9550797767613245,11.57438850402832,0.9818847637055816,0.01576280903638057,0.14002126905352713,0.18380007089684508,0.18752215526409075,"{""build_tower"":0.18752215526409075,""confirm_card_service_selection"":0.0005317263381779511,""continue"":0.14002126905352713,""discard_treasure"":0.0010634526763559022,""place_tower"":0.06451612903225806,""purchase_shop_item"":0.10333215171924849,""remove_tower"":0.00336760014179369,""reroll"":0.18380007089684508,""select_card_service_card"":0.0005317263381779511,""select_treasure"":0.02197802197802198,""start_defense"":0.18752215526409075,""use_inventory_item"":0.10581354129741226}",0,0,0,0,3.671592994,41.655972949
guarded_R2,klguard-r2-p2,227,152,44.39664808909098,43.21595001220703,120.1875,,,,,,,0.619022730453569,0.09689907603594776,0.6136848123177238,12.601600364583911,0.005268112181669415,0,,,0.011144214309751987,92,92,92,4,0.06259297641277638,0.7818021187963693,1.464116096496582,0.9782011270315696,0.01886395765873401,0.14629918530074537,0.1752470098803952,0.187727509100364,"{""build_tower"":0.187727509100364,""confirm_card_service_selection"":0.0003466805338880222,""continue"":0.14629918530074537,""discard_treasure"":0.0003466805338880222,""place_tower"":0.06309585716762003,""purchase_shop_item"":0.1060842433697348,""remove_tower"":0.003813485872768244,""reroll"":0.1752470098803952,""select_card_service_card"":0.0003466805338880222,""select_treasure"":0.022534234702721444,""start_defense"":0.187727509100364,""use_inventory_item"":0.10643092390362281}",0,0,0,0,3.928309866,44.094008774
guarded_R2,klguard-r2-p2,228,153,45.11994179089864,43.73870086669922,122.45833333333333,,,,,,,0.623469223702817,0.09449234932780305,0.6244715560566295,12.798653721253007,0.0065223106472071125,1,77,0.022899385541677475,0.022899385541677475,77,77,92,4,0.06066710221302974,0.7405271023124843,1.2316606044769287,0.9791234125248655,0.01739516895790787,0.14256549846886696,0.17676080299421573,0.18764886015651583,"{""build_tower"":0.18764886015651583,""confirm_card_service_selection"":0.0008506294658046955,""continue"":0.14256549846886696,""discard_treasure"":0.0,""place_tower"":0.0639673358285131,""purchase_shop_item"":0.1070091867982307,""remove_tower"":0.0028921401837359645,""reroll"":0.17676080299421573,""select_card_service_card"":0.0008506294658046955,""select_treasure"":0.021435862538278325,""start_defense"":0.18764886015651583,""use_inventory_item"":0.1083701939435182}",0,0,0,0,3.841863553,38.470218579
guarded_R2,klguard-r2-p2,229,154,45.681689739227295,43.91914939880371,127.08333333333333,,,,,,,0.6325656906594649,0.11859876161707542,0.6350475829094648,13.15329741403438,0.007291270401007448,0,,,0.015597131103277206,96,96,96,4,0.07817567070014775,0.7920542800178131,1.237046480178833,0.9832040946915405,0.017361394100589678,0.15032786885245902,0.19475409836065574,0.18278688524590164,"{""build_tower"":0.18278688524590164,""confirm_card_service_selection"":0.0006557377049180328,""continue"":0.15032786885245902,""discard_treasure"":0.0006557377049180328,""place_tower"":0.06032786885245902,""purchase_shop_item"":0.10131147540983607,""remove_tower"":0.002459016393442623,""reroll"":0.19475409836065574,""select_card_service_card"":0.0006557377049180328,""select_treasure"":0.021311475409836064,""start_defense"":0.18278688524590164,""use_inventory_item"":0.1019672131147541}",0,0,0,0,3.996154413,45.530904134
guarded_R2,klguard-r2-p2,230,155,45.10492300987244,43.29680061340332,126.91666666666667,8.31769460439682,44.55192655324936,36.23423194885254,116,12,0,0.6225773333668824,0.12094376988153516,0.622954341272513,13.298961045471904,0.006273244735515012,0,,,0.01627015508711338,96,96,96,4,0.07124996815885727,0.8234456007679304,1.4548677206039429,0.9840422887232201,0.01726099237566814,0.1490479317137229,0.18532501641497046,0.18056467498358503,"{""build_tower"":0.18056467498358503,""confirm_card_service_selection"":0.001149047931713723,""continue"":0.1490479317137229,""discard_treasure"":0.0004924491135915955,""place_tower"":0.06385423506237689,""purchase_shop_item"":0.10669730794484569,""remove_tower"":0.003282994090610637,""reroll"":0.18532501641497046,""select_card_service_card"":0.0013131976362442547,""select_treasure"":0.021011162179908074,""start_defense"":0.18056467498358503,""use_inventory_item"":0.10669730794484569}",0,0,0,0,3.975663606,46.873448364
guarded_R2,klguard-r2-p2,231,156,41.07881474494934,39.528099060058594,111.89583333333333,,,,,,,0.6402973451130413,0.11454141357416354,0.6210547577903931,12.889084408371067,0.007985567792581923,1,83,0.02207544818520546,0.02207544818520546,83,83,84,4,0.08422409770000412,0.8752713867698807,1.4721931219100952,0.9826134937197248,0.013531441722686091,0.14150065164773784,0.19903183764662075,0.1865574380934649,"{""build_tower"":0.1865574380934649,""confirm_card_service_selection"":0.0005585552038726494,""continue"":0.14150065164773784,""discard_treasure"":0.0001861850679575498,""place_tower"":0.062185812697821634,""purchase_shop_item"":0.0979333457456712,""remove_tower"":0.0022342208154905977,""reroll"":0.19903183764662075,""select_card_service_card"":0.0005585552038726494,""select_treasure"":0.021969838018990877,""start_defense"":0.1865574380934649,""use_inventory_item"":0.10072612176503444}",0,0,0,0,3.54714618,39.343860839
guarded_R2,klguard-r2-p2,232,157,46.35529597600301,43.485300064086914,131.08333333333334,,,,,,,0.6011523595272338,0.11191167452454583,0.5932068821787834,12.698949051002895,0.005947478920052163,0,,,0.013441966846585274,100,100,100,4,0.07224873304367066,0.772559754550457,1.6433446407318115,0.9807233420031617,0.01721315355040133,0.14415130324221234,0.17705022250476796,0.1797520661157025,"{""build_tower"":0.1797520661157025,""confirm_card_service_selection"":0.001589319771137953,""continue"":0.14415130324221234,""discard_treasure"":0.0001589319771137953,""place_tower"":0.06675143038779402,""purchase_shop_item"":0.11331849968213605,""remove_tower"":0.0017482517482517483,""reroll"":0.17705022250476796,""select_card_service_card"":0.001589319771137953,""select_treasure"":0.021137952956134774,""start_defense"":0.1797520661157025,""use_inventory_item"":0.11300063572790846}",0,0,0,0,4.217493339,48.700444517
guarded_R2,klguard-r2-p2,233,158,44.58584785461426,43.73569869995117,123.5625,,,,,,,0.5880853246757919,0.1055900094520667,0.5959661677479744,12.563430138107536,0.005762419581003542,0,,,0.014382035471498966,96,96,96,4,0.06406420337346692,0.8221441886077324,2.680572032928467,0.9822193705457045,0.016617535749295104,0.1492159838138594,0.17619288484235374,0.18310571573090542,"{""build_tower"":0.18310571573090542,""confirm_card_service_selection"":0.0011802394199966278,""continue"":0.1492159838138594,""discard_treasure"":0.0005058168942842691,""place_tower"":0.06137244983982465,""purchase_shop_item"":0.10993087169111448,""remove_tower"":0.0008430281571404484,""reroll"":0.17619288484235374,""select_card_service_card"":0.0011802394199966278,""select_treasure"":0.021412915191367392,""start_defense"":0.18310571573090542,""use_inventory_item"":0.11195413926825155}",0,0,0,0,3.817098166,44.718150479
guarded_R2,klguard-r2-p2,234,159,45.35143121083578,43.826250076293945,123.39583333333333,,,,,,,0.6231458145805442,0.11921053397776826,0.636033900702993,12.641296730353828,0.006668638446797104,0,,,0.016760502010583878,96,96,96,4,0.07349214109126478,0.8716953403005997,2.889101505279541,0.9813099513937024,0.016363187596046675,0.14654735775789296,0.1887556981259497,0.1868985311497552,"{""build_tower"":0.1868985311497552,""confirm_card_service_selection"":0.00016883336147222692,""continue"":0.14654735775789296,""discard_treasure"":0.0,""place_tower"":0.05892284315380719,""purchase_shop_item"":0.10383251730541955,""remove_tower"":0.0011818335303055885,""reroll"":0.1887556981259497,""select_card_service_card"":0.00016883336147222692,""select_treasure"":0.022117170352861724,""start_defense"":0.1868985311497552,""use_inventory_item"":0.10450785075130846}",0,0,0,0,3.889178137,45.243052178
guarded_R2,klguard-r2-p2,235,160,44.54099774360657,43.56760025024414,124.22916666666667,8.96660327911377,45.20083522796631,36.23423194885254,119,9,0,0.6326212286733635,0.11333287446241264,0.6282277619466186,13.198097008667904,0.006376934812408308,0,,,0.015193426981568336,96,96,96,4,0.07224555127322674,0.8180740987882018,1.8577415943145752,0.9776147807579182,0.019411812458808225,0.14137179272178432,0.19386214992453463,0.18195539158141874,"{""build_tower"":0.18195539158141874,""confirm_card_service_selection"":0.0008385041086701325,""continue"":0.14137179272178432,""discard_treasure"":0.0001677008217340265,""place_tower"":0.06272010732852591,""purchase_shop_item"":0.1069931242663089,""remove_tower"":0.001341606573872212,""reroll"":0.19386214992453463,""select_card_service_card"":0.0008385041086701325,""select_treasure"":0.021633406003689418,""start_defense"":0.18195539158141874,""use_inventory_item"":0.1063223209793728}",0,0,0,0,3.926647535,46.685647359
guarded_R2,klguard-r2-p2,236,161,46.369633515675865,44.39765167236328,130.5,,,,,,,0.6453573455213965,0.12811591938377506,0.6291598758101463,13.051191798872283,0.006893838674623112,0,,,0.015390419401228428,100,100,100,4,0.07432812504470349,0.78112394541502,1.6631011962890625,0.9792504147069443,0.018797325836494565,0.13952745849297574,0.1966794380587484,0.18039591315453385,"{""build_tower"":0.18039591315453385,""confirm_card_service_selection"":0.0007982120051085569,""continue"":0.13952745849297574,""discard_treasure"":0.00031928480204342275,""place_tower"":0.05874840357598978,""purchase_shop_item"":0.109514687100894,""remove_tower"":0.0019157088122605363,""reroll"":0.1966794380587484,""select_card_service_card"":0.0007982120051085569,""select_treasure"":0.021711366538952746,""start_defense"":0.18039591315453385,""use_inventory_item"":0.10919540229885058}",0,0,0,0,4.17719877,50.110517142
guarded_R2,klguard-r2-p2,237,162,43.6536918481191,42.24825096130371,118.79166666666667,,,,,,,0.6045963399136166,0.10870118726080581,0.6081468961808992,12.460810367040494,0.005592458056288824,0,,,0.013521223329007626,92,92,92,4,0.06217973610467237,0.7559902493072592,1.699034333229065,0.9811591113254374,0.018729231583521418,0.14521220624342335,0.18449666783584706,0.18730270080673447,"{""build_tower"":0.18730270080673447,""confirm_card_service_selection"":0.00035075412136092597,""continue"":0.14521220624342335,""discard_treasure"":0.000526131182041389,""place_tower"":0.061732725359522976,""purchase_shop_item"":0.1047001052262364,""remove_tower"":0.00175377060680463,""reroll"":0.18449666783584706,""select_card_service_card"":0.00035075412136092597,""select_treasure"":0.021922132585057874,""start_defense"":0.18730270080673447,""use_inventory_item"":0.10434935110487548}",0,0,0,0,3.684890932,48.154652796
guarded_R2,klguard-r2-p2,238,163,47.59062306086222,44.29825019836426,135.25,,,,,,,0.6044382005360569,0.11687309525901823,0.6137401083341012,13.19202226797985,0.005061022339532428,0,,,0.010493369773030281,104,104,104,4,0.05939884247401586,0.7288171030007876,1.403441071510315,0.9805632715447483,0.01824258643990526,0.14386937769562538,0.17914356130622305,0.1786814540973506,"{""build_tower"":0.1786814540973506,""confirm_card_service_selection"":0.0006161429451632779,""continue"":0.14386937769562538,""discard_treasure"":0.0006161429451632779,""place_tower"":0.06438693776956254,""purchase_shop_item"":0.11752926678989525,""remove_tower"":0.0007701786814540973,""reroll"":0.17914356130622305,""select_card_service_card"":0.0006161429451632779,""select_treasure"":0.02048675292667899,""start_defense"":0.1786814540973506,""use_inventory_item"":0.11460258780036968}",0,0,0,0,4.294048396,50.802840014
guarded_R2,klguard-r2-p2,239,164,46.26279377937317,44.284000396728516,131.625,,,,,,,0.6209334530833152,0.11035342756587052,0.6070174586772918,12.97640427017146,0.0059213208198343635,0,,,0.013369614258408546,100,100,100,4,0.06632722698152066,0.7608260062336921,1.2804608345031738,0.978551695936761,0.02075519443489611,0.1419753086419753,0.18122823678379235,0.17822095599873378,"{""build_tower"":0.17822095599873378,""confirm_card_service_selection"":0.0011079455523899967,""continue"":0.1419753086419753,""discard_treasure"":0.00031655587211142766,""place_tower"":0.06616017727128838,""purchase_shop_item"":0.11585944919278253,""remove_tower"":0.0014245014245014246,""reroll"":0.18122823678379235,""select_card_service_card"":0.0011079455523899967,""select_treasure"":0.021209243431465654,""start_defense"":0.17822095599873378,""use_inventory_item"":0.11316872427983539}",0,0,0,0,4.209542903,50.447043157
guarded_R2,klguard-r2-p2,240,165,44.70145829518636,43.05094909667969,123.89583333333333,8.817955642938614,45.05218759179115,36.23423194885254,121,7,0,0.6188752982867931,0.10390846510131252,0.6100723474798068,12.464034217493348,0.005303565182824149,1,71,0.020071620121598244,0.020071620121598244,71,71,96,4,0.05777128339863159,0.8484267235641748,2.7728309631347656,0.9788253869173078,0.019633698306279257,0.14477888010761727,0.19253405078190686,0.18362199428283169,"{""build_tower"":0.18362199428283169,""confirm_card_service_selection"":0.0016815200941651253,""continue"":0.14477888010761727,""discard_treasure"":0.0005044560282495376,""place_tower"":0.05868505128636287,""purchase_shop_item"":0.10509500588532034,""remove_tower"":0.0035311921977467632,""reroll"":0.19253405078190686,""select_card_service_card"":0.0016815200941651253,""select_treasure"":0.021691609214730116,""start_defense"":0.18362199428283169,""use_inventory_item"":0.10257272574407264}",0,0,0,0,3.929836488,37.411305567
guarded_R2,klguard-r2-p2,241,166,45.84618536631266,44.0137996673584,125.8125,,,,,,,0.6036284235712994,0.09843261259967145,0.6089896392077208,12.846903826886164,0.0057693706905913205,0,,,0.017730968073010445,96,96,96,4,0.06292414715668808,0.777018430021902,1.6099904775619507,0.9823093493477374,0.018312020886999864,0.14307004470938897,0.18910415631727107,0.18546116906772644,"{""build_tower"":0.18546116906772644,""confirm_card_service_selection"":0.0014903129657228018,""continue"":0.14307004470938897,""discard_treasure"":0.000662361318099023,""place_tower"":0.059778108958436826,""purchase_shop_item"":0.10746812386156648,""remove_tower"":0.0008279516476237788,""reroll"":0.18910415631727107,""select_card_service_card"":0.0014903129657228018,""select_treasure"":0.021692333167743005,""start_defense"":0.18546116906772644,""use_inventory_item"":0.10349395595297235}",0,0,0,0,3.945343857,47.442325197
guarded_R2,klguard-r2-p2,242,167,44.34802691141764,43.13629913330078,122.60416666666667,,,,,,,0.5891838996057638,0.09865541407134407,0.5898579631162726,12.8975055375017,0.005091187826110399,0,,,0.012552031315863132,92,92,92,4,0.05633317314736221,0.747312774800736,1.3076168298721313,0.9811800562755508,0.017458784900119772,0.14732370433305012,0.18351741716227699,0.18436703483432457,"{""build_tower"":0.18436703483432457,""confirm_card_service_selection"":0.0023789294817332203,""continue"":0.14732370433305012,""discard_treasure"":0.0003398470688190314,""place_tower"":0.06066270178419711,""purchase_shop_item"":0.10858113848768054,""remove_tower"":0.0006796941376380628,""reroll"":0.18351741716227699,""select_card_service_card"":0.0023789294817332203,""select_treasure"":0.02141036533559898,""start_defense"":0.18436703483432457,""use_inventory_item"":0.10399320305862363}",0,0,0,0,3.789022513,45.548845095
guarded_R2,klguard-r2-p2,243,168,46.34506471951803,46.09844970703125,132.39583333333334,,,,,,,0.5943695298470147,0.09609398808325384,0.5987065768241883,13.281433477763263,0.00522540218084032,0,,,0.01233693677932024,100,100,100,4,0.06373111676424742,0.7843317621946335,1.3214360475540161,0.980185394862739,0.018667639829218388,0.14335169158143193,0.185051140833989,0.17828481510621558,"{""build_tower"":0.17828481510621558,""confirm_card_service_selection"":0.0007867820613690008,""continue"":0.14335169158143193,""discard_treasure"":0.0009441384736428009,""place_tower"":0.06420141620771047,""purchase_shop_item"":0.11424075531077892,""remove_tower"":0.001101494885916601,""reroll"":0.185051140833989,""select_card_service_card"":0.0007867820613690008,""select_treasure"":0.021243115656963022,""start_defense"":0.17828481510621558,""use_inventory_item"":0.11172305271439811}",0,0,0,0,4.198197606,50.027982398
guarded_R2,klguard-r2-p2,244,169,45.073856274286904,43.387451171875,124.5625,,,,,,,0.6170015646177247,0.09408642833323977,0.6138633443042636,12.550876650694585,0.0067905037397319274,0,,,0.01986595243215561,96,96,96,4,0.07486040170382087,0.8107424837847551,1.5120896100997925,0.981647005722631,0.01779096918956687,0.14316775380498412,0.18682053855159725,0.18381000167252048,"{""build_tower"":0.18381000167252048,""confirm_card_service_selection"":0.0011707643418631879,""continue"":0.14316775380498412,""discard_treasure"":0.0011707643418631879,""place_tower"":0.06171600602107376,""purchase_shop_item"":0.10837932764676367,""remove_tower"":0.0005017561465127947,""reroll"":0.18682053855159725,""select_card_service_card"":0.0011707643418631879,""select_treasure"":0.021910018397725373,""start_defense"":0.18381000167252048,""use_inventory_item"":0.10637230306071249}",0,0,0,0,3.861797276,46.819889904
guarded_R2,klguard-r2-p2,245,170,45.93192489941915,43.91469955444336,126.9375,8.288381338119507,44.522613286972046,36.23423194885254,118,10,0,0.5987496359379794,0.07936453745237888,0.5905779471827878,12.473044420204031,0.00518284892005896,1,72,0.02155279368162155,0.02155279368162155,72,72,96,4,0.06267334644993146,0.7649424080219533,1.1777000427246094,0.9776955251396335,0.02090741605691922,0.14459215493188907,0.17741670769735762,0.18398161825045134,"{""build_tower"":0.18398161825045134,""confirm_card_service_selection"":0.0008206138191367143,""continue"":0.14459215493188907,""discard_treasure"":0.0008206138191367143,""place_tower"":0.060561299852289516,""purchase_shop_item"":0.11308058427703922,""remove_tower"":0.0003282455276546857,""reroll"":0.17741670769735762,""select_card_service_card"":0.0008206138191367143,""select_treasure"":0.021664204825209258,""start_defense"":0.18398161825045134,""use_inventory_item"":0.11193172493024782}",0,0,0,0,3.948772651,39.351134184
guarded_R2,klguard-r2-p2,246,171,47.580126921335854,45.3807487487793,134.5625,,,,,,,0.588087725830915,0.0817775824182091,0.5840588518633292,13.06269113113467,0.005994303722743028,0,,,0.018222857266664505,104,104,104,4,0.06336706522135781,0.7781245685540713,1.6466519832611084,0.9773177885825199,0.02261643832585273,0.14630747793776128,0.17974918718067812,0.17959436445270166,"{""build_tower"":0.17959436445270166,""confirm_card_service_selection"":0.0007741136398823347,""continue"":0.14630747793776128,""discard_treasure"":0.0006192909119058678,""place_tower"":0.06130980027868091,""purchase_shop_item"":0.1161170459823502,""remove_tower"":0.0,""reroll"":0.17974918718067812,""select_card_service_card"":0.0007741136398823347,""select_treasure"":0.021055891004799505,""start_defense"":0.17959436445270166,""use_inventory_item"":0.11410435051865614}",0,0,0,0,4.413569802,50.689780506
guarded_R2,klguard-r2-p2,247,172,45.14166005452474,44.465301513671875,124.72916666666667,,,,,,,0.5982721517915895,0.07341482982737216,0.5997098305573066,13.105820010104873,0.005111306658174423,0,,,0.011285138316452503,96,96,96,4,0.06323201092891395,0.7820315652837356,1.413009762763977,0.9842597327438963,0.01648590567250115,0.14264239184900618,0.18974444630031737,0.18423250375814265,"{""build_tower"":0.18423250375814265,""confirm_card_service_selection"":0.00033405712376816435,""continue"":0.14264239184900618,""discard_treasure"":0.0005010856856522465,""place_tower"":0.06413896776348756,""purchase_shop_item"":0.10623016535827627,""remove_tower"":0.0,""reroll"":0.18974444630031737,""select_card_service_card"":0.00033405712376816435,""select_treasure"":0.021713713044930683,""start_defense"":0.18423250375814265,""use_inventory_item"":0.1058961082345081}",0,0,0,0,3.967985682,46.130357857999996
guarded_R2,klguard-r2-p2,248,173,45.29330428441366,43.65114974975586,125.5,,,,,,,0.6020875741543371,0.0704475622733773,0.5998530971507231,12.774040091975062,0.005657157949561527,0,,,0.014271968975663185,96,96,96,4,0.06783040372344355,0.796291095825533,1.3308742046356201,0.9816019211453821,0.017224722367245704,0.14160026560424968,0.1759628154050465,0.18359893758300133,"{""build_tower"":0.18359893758300133,""confirm_card_service_selection"":0.00049800796812749,""continue"":0.14160026560424968,""discard_treasure"":0.00049800796812749,""place_tower"":0.06308100929614874,""purchase_shop_item"":0.1145418326693227,""remove_tower"":0.0,""reroll"":0.1759628154050465,""select_card_service_card"":0.00049800796812749,""select_treasure"":0.02158034528552457,""start_defense"":0.18359893758300133,""use_inventory_item"":0.1145418326693227}",0,0,0,0,3.902073986,46.581467353
guarded_R2,klguard-r2-p2,249,174,43.31467088063558,41.829999923706055,115.35416666666667,,,,,,,0.6238566833575652,0.07050491834496751,0.6216310631822456,12.497811734282902,0.005233302534200199,0,,,0.010579288005828857,88,88,88,4,0.06529266001995314,0.8253917904062704,1.6050063371658325,0.9828149267234824,0.014694319921545684,0.1415929203539823,0.18114502438143398,0.19071699476250678,"{""build_tower"":0.19071699476250678,""confirm_card_service_selection"":0.00036120642947444465,""continue"":0.1415929203539823,""discard_treasure"":0.0012642225031605564,""place_tower"":0.05869604478959725,""purchase_shop_item"":0.10691710312443561,""remove_tower"":0.0007224128589488893,""reroll"":0.18114502438143398,""select_card_service_card"":0.00036120642947444465,""select_treasure"":0.022756005056890013,""start_defense"":0.19071699476250678,""use_inventory_item"":0.10474986454758894}",0,0,0,0,3.6363929820000003,42.408505949
guarded_R2,klguard-r2-p2,250,175,45.83429563045502,44.00950050354004,123.25,8.234130501747131,44.46836245059967,36.23423194885254,119,9,0,0.6135153404971075,0.0620930226500344,0.61353089619014,13.115078432035833,0.0063242515484710615,1,72,0.02841387875378132,0.02841387875378132,72,72,96,4,0.06635974714946416,0.9122311419083012,5.525672435760498,0.9831249847475915,0.017496149744450424,0.14587559161595673,0.17478025693035834,0.1889790398918188,"{""build_tower"":0.1889790398918188,""confirm_card_service_selection"":0.000676132521974307,""continue"":0.14587559161595673,""discard_treasure"":0.0011832319134550372,""place_tower"":0.061020960108181206,""purchase_shop_item"":0.10868830290736985,""remove_tower"":0.00016903313049357674,""reroll"":0.17478025693035834,""select_card_service_card"":0.000676132521974307,""select_treasure"":0.022481406355645706,""start_defense"":0.1889790398918188,""use_inventory_item"":0.10649087221095335}",0,0,0,0,3.90799072,36.983633416
guarded_R2,klguard-r2-p2,251,176,46.28865416844686,44.09950065612793,126.27083333333333,,,,,,,0.6237912547852357,0.06798194917396397,0.634376912281431,12.701071635138627,0.00590506511296804,1,29,0.04295913875102997,0.04295913875102997,29,29,96,4,0.05123361816693996,0.9075905516229826,1.6785506010055542,0.981272815623392,0.016704870184184983,0.14799538030028048,0.17752846065005776,0.18627289226200297,"{""build_tower"":0.18627289226200297,""confirm_card_service_selection"":0.000494967827091239,""continue"":0.14799538030028048,""discard_treasure"":0.000989935654182478,""place_tower"":0.059396139250948686,""purchase_shop_item"":0.10938788978716384,""remove_tower"":0.00032997855139415937,""reroll"":0.17752846065005776,""select_card_service_card"":0.000494967827091239,""select_treasure"":0.02227355221910576,""start_defense"":0.18627289226200297,""use_inventory_item"":0.10856294340867843}",0,0,0,0,4.077544919,22.996517721
guarded_R2,klguard-r2-p2,252,177,45.65087906519572,43.32345008850098,128.08333333333334,,,,,,,0.6232060809169423,0.07067836610366027,0.6005201657302678,13.082880569399947,0.006102172292717114,0,,,0.017303066328167915,100,100,100,4,0.072421875,0.8823968908935785,7.976158142089844,0.9796206624237273,0.016915339501574634,0.14459986987638257,0.19063109954456733,0.1815224463240078,"{""build_tower"":0.1815224463240078,""confirm_card_service_selection"":0.0008132726089785296,""continue"":0.14459986987638257,""discard_treasure"":0.0014638906961613532,""place_tower"":0.05936890045543266,""purchase_shop_item"":0.10897852960312297,""remove_tower"":0.00032530904359141186,""reroll"":0.19063109954456733,""select_card_service_card"":0.0008132726089785296,""select_treasure"":0.02114508783344177,""start_defense"":0.1815224463240078,""use_inventory_item"":0.10881587508132726}",0,0,0,0,4.053375233,47.136798521
guarded_R2,klguard-r2-p2,253,178,45.2280562321345,43.64765167236328,124.66666666666667,,,,,,,0.6077422509099246,0.07088518657331545,0.6214019060134888,12.833278217427248,0.0069351053935614955,0,,,0.013553821481764317,96,96,96,4,0.07765028214392562,0.7685508128876487,1.8925352096557617,0.9815747216709867,0.016916031076107174,0.1438836898395722,0.19067513368983957,0.18415775401069517,"{""build_tower"":0.18415775401069517,""confirm_card_service_selection"":0.0008355614973262032,""continue"":0.1438836898395722,""discard_treasure"":0.001002673796791444,""place_tower"":0.060828877005347594,""purchase_shop_item"":0.10728609625668449,""remove_tower"":0.0,""reroll"":0.19067513368983957,""select_card_service_card"":0.0008355614973262032,""select_treasure"":0.021724598930481284,""start_defense"":0.18415775401069517,""use_inventory_item"":0.10461229946524064}",0,0,0,0,3.958811849,46.995050296
guarded_R2,klguard-r2-p2,254,179,45.269943714141846,44.0,126.33333333333333,,,,,,,0.6066579287671525,0.07834376096790854,0.6055483017116785,13.046500760414606,0.00492005749015334,0,,,0.011320576071739197,96,96,96,4,0.060550574058045946,0.8072832956289252,1.4235950708389282,0.9814556738716134,0.01589552529427844,0.14676781002638523,0.19574538258575197,0.18222295514511874,"{""build_tower"":0.18222295514511874,""confirm_card_service_selection"":0.00032981530343007914,""continue"":0.14676781002638523,""discard_treasure"":0.0009894459102902375,""place_tower"":0.06068601583113457,""purchase_shop_item"":0.10471635883905013,""remove_tower"":0.00016490765171503957,""reroll"":0.19574538258575197,""select_card_service_card"":0.00032981530343007914,""select_treasure"":0.020943271767810027,""start_defense"":0.18222295514511874,""use_inventory_item"":0.10488126649076517}",0,0,0,0,3.98851722,46.701578935
guarded_R2,klguard-r2-p2,255,180,44.24407505989075,40.30165100097656,121.0,9.009437650442123,45.24366959929466,36.23423194885254,122,6,0,0.6149389058702273,0.08607294939239657,0.6192117495381314,12.777920429175845,0.006889021048150228,0,,,0.016243193298578262,92,92,92,4,0.07996232706405547,0.8148510789741641,1.3655887842178345,0.9813456177582798,0.016118247709844425,0.1487603305785124,0.1940426997245179,0.1862947658402204,"{""build_tower"":0.1862947658402204,""confirm_card_service_selection"":0.0003443526170798898,""continue"":0.1487603305785124,""discard_treasure"":0.0003443526170798898,""place_tower"":0.060778236914600554,""purchase_shop_item"":0.10089531680440772,""remove_tower"":0.0003443526170798898,""reroll"":0.1940426997245179,""select_card_service_card"":0.0003443526170798898,""select_treasure"":0.021177685950413222,""start_defense"":0.1862947658402204,""use_inventory_item"":0.10037878787878787}",0,0,0,0,3.921928507,44.326181281
guarded_R2,klguard-r2-p2,256,181,45.45608115196228,43.3890495300293,127.66666666666667,,,,,,,0.6314176211599477,0.08481817786120716,0.628234318147103,12.567672491962634,0.0055573269020593825,0,,,0.014225563034415245,96,96,96,4,0.0661539714395379,0.7832410658399264,1.501700758934021,0.9770015364978601,0.020372465466304373,0.1462140992167102,0.20740861618798956,0.18113577023498695,"{""build_tower"":0.18113577023498695,""confirm_card_service_selection"":0.00016318537859007833,""continue"":0.1462140992167102,""discard_treasure"":0.0008159268929503916,""place_tower"":0.054177545691906005,""purchase_shop_item"":0.10443864229765012,""remove_tower"":0.00016318537859007833,""reroll"":0.20740861618798956,""select_card_service_card"":0.00016318537859007833,""select_treasure"":0.020887728459530026,""start_defense"":0.18113577023498695,""use_inventory_item"":0.10329634464751958}",0,0,0,0,4.01267694,47.742823097
guarded_R2,klguard-r2-p2,257,182,48.215099811553955,46.72884941101074,138.33333333333334,,,,,,,0.5977317152671833,0.09167273893892476,0.5914401085330889,13.208442273509297,0.0055899692999026645,0,,,0.012318636290729046,104,104,104,4,0.06032652250276162,0.767644327133894,1.271278738975525,0.9816393890343813,0.016151718840074655,0.15346385542168675,0.1855421686746988,0.17680722891566264,"{""build_tower"":0.17680722891566264,""confirm_card_service_selection"":0.0006024096385542169,""continue"":0.15346385542168675,""discard_treasure"":0.001355421686746988,""place_tower"":0.06144578313253012,""purchase_shop_item"":0.11219879518072289,""remove_tower"":0.00015060240963855423,""reroll"":0.1855421686746988,""select_card_service_card"":0.0006024096385542169,""select_treasure"":0.02078313253012048,""start_defense"":0.17680722891566264,""use_inventory_item"":0.11024096385542169}",0,0,0,0,4.374993969,53.254945823
guarded_R2,klguard-r2-p2,258,183,45.60884356498718,43.38274955749512,126.97916666666667,,,,,,,0.6251098479860189,0.08278768272980118,0.6203183500717083,12.732912019375974,0.00654080891627018,0,,,0.017861757427453995,96,96,96,4,0.07138833062102397,0.7880551911269625,1.22258460521698,0.978824595831884,0.016472450903772067,0.1494667760459393,0.20049220672682527,0.1826086956521739,"{""build_tower"":0.1826086956521739,""confirm_card_service_selection"":0.00016406890894175554,""continue"":0.1494667760459393,""discard_treasure"":0.0009844134536505333,""place_tower"":0.0605414273995078,""purchase_shop_item"":0.10123051681706316,""remove_tower"":0.00016406890894175554,""reroll"":0.20049220672682527,""select_card_service_card"":0.00016406890894175554,""select_treasure"":0.02100082034454471,""start_defense"":0.1826086956521739,""use_inventory_item"":0.10057424118129614}",0,0,0,0,4.229251997,48.338652136
guarded_R2,klguard-r2-p2,259,184,46.2037521203359,44.10020065307617,130.39583333333334,,,,,,,0.6026687379593275,0.08257609060450687,0.599816061258316,13.08220700100377,0.006154394926411442,1,100,0.02288464456796646,0.02288464456796646,100,100,100,4,0.07009748633950949,0.7820795169472694,1.3622137308120728,0.9761149177302272,0.021713954992592335,0.1503435053522927,0.1936411567343026,0.18006071257389358,"{""build_tower"":0.18006071257389358,""confirm_card_service_selection"":0.002077009106886084,""continue"":0.1503435053522927,""discard_treasure"":0.0017574692442882249,""place_tower"":0.056239015817223195,""purchase_shop_item"":0.10848378335197316,""remove_tower"":0.0,""reroll"":0.1936411567343026,""select_card_service_card"":0.002077009106886084,""select_treasure"":0.02092986100015977,""start_defense"":0.18006071257389358,""use_inventory_item"":0.104329765138201}",0,0,0,0,4.167734156,48.960329871
guarded_R2,klguard-r2-p2,260,185,47.57908137639364,45.5492000579834,133.08333333333334,8.970827341079712,45.20505928993225,36.23423194885254,117,11,0,0.5751884800893726,0.07643711982085837,0.5898174369335174,12.266279682546347,0.00582807957967816,0,,,0.013188665732741356,100,100,100,4,0.060949026569724084,0.7288900554180145,1.4888907670974731,0.9761493140481062,0.021781877735629677,0.15059486537257358,0.18252974326862867,0.18159048215403883,"{""build_tower"":0.18159048215403883,""confirm_card_service_selection"":0.0012523481527864746,""continue"":0.15059486537257358,""discard_treasure"":0.0010958046336881652,""place_tower"":0.058860363180964305,""purchase_shop_item"":0.11161552911709455,""remove_tower"":0.000469630557294928,""reroll"":0.18252974326862867,""select_card_service_card"":0.0012523481527864746,""select_treasure"":0.021289918597370068,""start_defense"":0.18159048215403883,""use_inventory_item"":0.10785848465873513}",0,0,0,0,4.202835342,48.989939576
guarded_R2,klguard-r2-p2,261,186,45.97447085380554,43.65369987487793,126.54166666666667,,,,,,,0.5712729612701882,0.07178845695548287,0.5765354155816815,12.330465416786828,0.00573554500765154,1,88,0.022811122238636017,0.022811122238636017,88,88,96,4,0.0607922088608823,0.7164213904602961,1.2581578493118286,0.9789817844050595,0.01724638993133946,0.1501481725386895,0.18060586104708595,0.1845571287454725,"{""build_tower"":0.1845571287454725,""confirm_card_service_selection"":0.0004939084622983208,""continue"":0.1501481725386895,""discard_treasure"":0.0018109976950938427,""place_tower"":0.0572933816266052,""purchase_shop_item"":0.10997695093842608,""remove_tower"":0.00032927230819888045,""reroll"":0.18060586104708595,""select_card_service_card"":0.0004939084622983208,""select_treasure"":0.021896608495225553,""start_defense"":0.1845571287454725,""use_inventory_item"":0.10783668093513335}",0,0,0,0,3.981231378,44.659092745
guarded_R2,klguard-r2-p2,262,187,44.79689780871073,42.85874938964844,124.33333333333333,,,,,,,0.601000964928113,0.06599353453270379,0.5940117835998535,12.680759410612946,0.005948577358822149,0,,,0.014691535383462906,96,96,96,4,0.0652994792520379,0.8329596513261398,1.6988146305084229,0.9837611704376664,0.01483223182731308,0.14560991957104558,0.19638069705093833,0.18347855227882037,"{""build_tower"":0.18347855227882037,""confirm_card_service_selection"":0.0003351206434316354,""continue"":0.14560991957104558,""discard_treasure"":0.0013404825737265416,""place_tower"":0.05864611260053619,""purchase_shop_item"":0.10556300268096515,""remove_tower"":0.0001675603217158177,""reroll"":0.19638069705093833,""select_card_service_card"":0.0003351206434316354,""select_treasure"":0.020777479892761394,""start_defense"":0.18347855227882037,""use_inventory_item"":0.10388739946380697}",0,0,0,0,3.964341604,45.926091451
guarded_R2,klguard-r2-p2,263,188,45.0798126856486,43.21220016479492,123.1875,,,,,,,0.5668349745895296,0.06819129502474082,0.593217410457631,12.521634996350961,0.006654019774259723,0,,,0.01795906014740467,96,96,96,4,0.07093749994722505,0.7890796984235445,4.0026774406433105,0.9828779206722009,0.014091834683010044,0.14662607813292744,0.18298663960764416,0.18619989852866564,"{""build_tower"":0.18619989852866564,""confirm_card_service_selection"":0.0,""continue"":0.14662607813292744,""discard_treasure"":0.0008455944529003889,""place_tower"":0.062235751733468625,""purchase_shop_item"":0.10722137662776932,""remove_tower"":0.0006764755623203111,""reroll"":0.18298663960764416,""select_card_service_card"":0.0,""select_treasure"":0.0213089802130898,""start_defense"":0.18619989852866564,""use_inventory_item"":0.10569930661254862}",0,0,0,0,3.938823071,52.23289691
guarded_R2,klguard-r2-p2,264,189,44.56027706464132,42.8617000579834,122.64583333333333,,,,,,,0.5978302155032014,0.06965490185822061,0.5932478392901628,12.001809030270968,0.0066155964007313505,0,,,0.01234666258096695,92,92,92,4,0.07631557046071342,0.7009884271284809,1.0902684926986694,0.977512418448156,0.017423693799292265,0.1491421776796331,0.18158654662816376,0.184474265330389,"{""build_tower"":0.184474265330389,""confirm_card_service_selection"":0.00033973161202649905,""continue"":0.1491421776796331,""discard_treasure"":0.0016986580601324954,""place_tower"":0.06251061661287582,""purchase_shop_item"":0.1066757261763207,""remove_tower"":0.0005095974180397486,""reroll"":0.18158654662816376,""select_card_service_card"":0.00033973161202649905,""select_treasure"":0.02174282316969594,""start_defense"":0.184474265330389,""use_inventory_item"":0.10650586037030746}",0,0,0,0,3.936600774,53.604253862
guarded_R2,klguard-r2-p2,265,190,45.125064770380654,43.158700942993164,124.79166666666667,9.263537496328354,45.49776944518089,36.23423194885254,116,11,1,0.5921578916515301,0.06674388032453472,0.5889142301554481,13.01244023170702,0.004889445912861372,0,,,0.012867285870015621,96,96,96,4,0.05284447770100087,0.7346774314840635,1.270717740058899,0.9796102537594299,0.017872166470624506,0.15158597662771287,0.17979966611018364,0.18397328881469116,"{""build_tower"":0.18397328881469116,""confirm_card_service_selection"":0.000667779632721202,""continue"":0.15158597662771287,""discard_treasure"":0.002003338898163606,""place_tower"":0.06560934891485809,""purchase_shop_item"":0.10701168614357262,""remove_tower"":0.000333889816360601,""reroll"":0.17979966611018364,""select_card_service_card"":0.000667779632721202,""select_treasure"":0.021869782971619366,""start_defense"":0.18397328881469116,""use_inventory_item"":0.1025041736227045}",0,0,0,0,4.129148136,47.165379882
guarded_R2,klguard-r2-p2,266,191,45.70141259829203,43.51155090332031,127.16666666666667,,,,,,,0.5981693771391893,0.06599026140904968,0.6030972891797622,12.83115787883628,0.004745733358011724,0,,,0.009634695015847683,96,96,96,4,0.05882282017652566,0.7100251438096166,1.5016207695007324,0.9795576902865457,0.017575310387959082,0.14793577981651376,0.17857142857142858,0.18299475753604194,"{""build_tower"":0.18299475753604194,""confirm_card_service_selection"":0.000655307994757536,""continue"":0.14793577981651376,""discard_treasure"":0.000655307994757536,""place_tower"":0.06585845347313238,""purchase_shop_item"":0.11009174311926606,""remove_tower"":0.00081913499344692,""reroll"":0.17857142857142858,""select_card_service_card"":0.000655307994757536,""select_treasure"":0.021133682830930537,""start_defense"":0.18299475753604194,""use_inventory_item"":0.1076343381389253}",0,0,0,0,4.082850253,48.160681418
guarded_R2,klguard-r2-p2,267,192,44.919589598973594,43.65895080566406,121.75,,,,,,,0.5983263141365364,0.061875224766916065,0.5915384597104528,12.296109137054767,0.004776819454570575,0,,,0.00964410975575447,92,92,92,4,0.054568934618778854,0.6656904317762541,1.2396596670150757,0.9830585977161997,0.016220037957005527,0.15023956194387406,0.1795003422313484,0.18720054757015742,"{""build_tower"":0.18720054757015742,""confirm_card_service_selection"":0.00034223134839151266,""continue"":0.15023956194387406,""discard_treasure"":0.000513347022587269,""place_tower"":0.05835044490075291,""purchase_shop_item"":0.108145106091718,""remove_tower"":0.00017111567419575633,""reroll"":0.1795003422313484,""select_card_service_card"":0.00034223134839151266,""select_treasure"":0.022073921971252568,""start_defense"":0.18720054757015742,""use_inventory_item"":0.10592060232717317}",0,0,0,0,3.974305951,45.182939072
guarded_R2,klguard-r2-p2,268,193,43.938727060953774,43.57259941101074,120.45833333333333,,,,,,,0.6268678519077681,0.06545815237988786,0.6332464282927306,12.772342606665374,0.004757609378262002,0,,,0.009462796151638031,92,92,92,4,0.055597826150124485,0.7239158156773319,1.4608731269836426,0.9817809087572407,0.01683309214675556,0.1471809062608094,0.18903493600830162,0.18574887582151506,"{""build_tower"":0.18574887582151506,""confirm_card_service_selection"":0.0010377032168799724,""continue"":0.1471809062608094,""discard_treasure"":0.0003459010722933241,""place_tower"":0.06157039086821169,""purchase_shop_item"":0.10290556900726393,""remove_tower"":0.0003459010722933241,""reroll"":0.18903493600830162,""select_card_service_card"":0.0010377032168799724,""select_treasure"":0.022137668626772744,""start_defense"":0.18574887582151506,""use_inventory_item"":0.10290556900726393}",0,0,0,0,3.836370786,42.497663568
guarded_R2,klguard-r2-p2,269,194,47.28288753827413,45.547950744628906,130.5625,,,,,,,0.6237975393605847,0.06830313692552899,0.6168602406978607,12.968861764704863,0.006302642412229034,0,,,0.012579236179590225,100,100,100,4,0.07256161071360111,0.7797331213951111,1.773970365524292,0.9788180961072332,0.014857988320291043,0.14648157012924845,0.19307483644486995,0.18350087761289294,"{""build_tower"":0.18350087761289294,""confirm_card_service_selection"":0.00015956598053295037,""continue"":0.14648157012924845,""discard_treasure"":0.0011169618637306526,""place_tower"":0.05824158289452689,""purchase_shop_item"":0.10722833891814265,""remove_tower"":0.0006382639221318015,""reroll"":0.19307483644486995,""select_card_service_card"":0.00015956598053295037,""select_treasure"":0.0212222754108824,""start_defense"":0.18350087761289294,""use_inventory_item"":0.10467528322961545}",0,0,0,0,4.253670253,53.598902306
guarded_R2,klguard-r2-p2,270,195,45.105327129364014,43.5577507019043,127.04166666666667,9.731358677148819,45.96559062600136,36.23423194885254,123,5,0,0.6234660223791145,0.06703801332593287,0.6208423140148321,13.02630649966627,0.006132907772970005,0,,,0.015648331493139267,96,96,96,4,0.07097826766160627,0.7488427218049765,1.21843421459198,0.979836647650715,0.016950886968212824,0.14201377500819942,0.19875368973433913,0.1807149885208265,"{""build_tower"":0.1807149885208265,""confirm_card_service_selection"":0.00032797638570022957,""continue"":0.14201377500819942,""discard_treasure"":0.0,""place_tower"":0.06493932436864545,""purchase_shop_item"":0.10610036077402427,""remove_tower"":0.0,""reroll"":0.19875368973433913,""select_card_service_card"":0.00032797638570022957,""select_treasure"":0.021154476877664807,""start_defense"":0.1807149885208265,""use_inventory_item"":0.10495244342407346}",0,0,0,0,4.159767425,47.693485525
guarded_R2,klguard-r2-p2,271,196,47.04183745384216,43.73984909057617,133.41666666666666,,,,,,,0.6210095636142318,0.06880799037524656,0.6095419254225607,13.522830221587297,0.005345776507738265,0,,,0.013557199388742447,104,104,104,4,0.06449068509615384,0.7967294327055032,3.244166612625122,0.9805172577388367,0.01733007219333488,0.1428794503435353,0.20596502186133667,0.17879450343535291,"{""build_tower"":0.17879450343535291,""confirm_card_service_selection"":0.0001561524047470331,""continue"":0.1428794503435353,""discard_treasure"":0.0006246096189881324,""place_tower"":0.05637101811367895,""purchase_shop_item"":0.10836976889444097,""remove_tower"":0.00046845721424109934,""reroll"":0.20596502186133667,""select_card_service_card"":0.0001561524047470331,""select_treasure"":0.020924422236102434,""start_defense"":0.17879450343535291,""use_inventory_item"":0.10649594003747657}",0,0,0,0,4.212964498,50.06107594
guarded_R2,klguard-r2-p2,272,197,46.119829177856445,44.0,129.625,,,,,,,0.6221734694354922,0.06758658831936254,0.6010453182458878,13.12936579563658,0.006522956408225582,0,,,0.015036357566714287,100,100,100,4,0.07179286871105432,0.7988200411200523,1.6824572086334229,0.9834494639166719,0.014467846173793077,0.1438444230151077,0.19848923175827707,0.18048858887817423,"{""build_tower"":0.18048858887817423,""confirm_card_service_selection"":0.00048216007714561236,""continue"":0.1438444230151077,""discard_treasure"":0.0014464802314368371,""place_tower"":0.061073609771777566,""purchase_shop_item"":0.10736097717775635,""remove_tower"":0.0001607200257152041,""reroll"":0.19848923175827707,""select_card_service_card"":0.00048216007714561236,""select_treasure"":0.02105432336869174,""start_defense"":0.18048858887817423,""use_inventory_item"":0.10462873674059787}",0,0,0,0,4.265995315,48.216913493
guarded_R2,klguard-r2-p2,273,198,44.76420839627584,43.56145095825195,122.33333333333333,,,,,,,0.5976673515670122,0.06520650897718504,0.6004505377748738,12.78234555017093,0.007462179587284244,0,,,0.014890145510435104,92,92,92,4,0.07475656704248293,0.7371843473418899,1.32888662815094,0.9813671041019332,0.018210023084817374,0.14645776566757493,0.1880108991825613,0.18596730245231607,"{""build_tower"":0.18596730245231607,""confirm_card_service_selection"":0.0005108991825613079,""continue"":0.14645776566757493,""discard_treasure"":0.0006811989100817438,""place_tower"":0.05790190735694823,""purchase_shop_item"":0.10694822888283378,""remove_tower"":0.00017029972752043596,""reroll"":0.1880108991825613,""select_card_service_card"":0.0005108991825613079,""select_treasure"":0.021628065395095368,""start_defense"":0.18596730245231607,""use_inventory_item"":0.10524523160762943}",0,0,0,0,3.762581445,44.782462824
guarded_R2,klguard-r2-p2,274,199,45.64014140764872,43.48110008239746,127.83333333333333,,,,,,,0.6131138585646985,0.06511024229811484,0.608092324497799,13.003578589717847,0.005560203687726546,0,,,0.010096656158566475,96,96,96,4,0.06672127009369433,0.7835808709884683,1.6625243425369263,0.9780796635281797,0.021361908458250884,0.14129726205997392,0.19507822685788787,0.18138852672750977,"{""build_tower"":0.18138852672750977,""confirm_card_service_selection"":0.00016297262059973924,""continue"":0.14129726205997392,""discard_treasure"":0.0004889178617992178,""place_tower"":0.058018252933507174,""purchase_shop_item"":0.11196219035202086,""remove_tower"":0.0004889178617992178,""reroll"":0.19507822685788787,""select_card_service_card"":0.00016297262059973924,""select_treasure"":0.020534550195567144,""start_defense"":0.18138852672750977,""use_inventory_item"":0.10902868318122555}",0,0,0,0,4.116603867,47.50980354
guarded_R2,klguard-r2-p2,275,200,47.13106234868368,44.1429500579834,131.70833333333334,9.278240650892258,45.5124725997448,36.23423194885254,120,8,0,0.5939820750915819,0.061051533126752454,0.5961308258771897,12.481102700837269,0.006117793928165156,0,,,0.015195565298199654,100,100,100,4,0.06426615171134471,0.7808079534769058,1.7003105878829956,0.9781798282387966,0.01931105989031494,0.14172730148687124,0.1852261942423284,0.18269534957291997,"{""build_tower"":0.18269534957291997,""confirm_card_service_selection"":0.0004745333755140778,""continue"":0.14172730148687124,""discard_treasure"":0.0004745333755140778,""place_tower"":0.06469471686175261,""purchase_shop_item"":0.1115153432458083,""remove_tower"":0.00015817779183802593,""reroll"":0.1852261942423284,""select_card_service_card"":0.0004745333755140778,""select_treasure"":0.021512179689971527,""start_defense"":0.18269534957291997,""use_inventory_item"":0.10835178740904777}",0,0,0,0,4.361822543,49.671673887
original_R1,a1r-r1-p1,1,1,36.654237588246666,34.27605056762695,84.125,,,,,,,0.01468966067511483,0.00021439046633008697,0.016838961817484233,0.002298681125876852,0.0015882262737915709,,,,,,,,4,0.008573281651479192,0.10591542815654977,0.4623092710971832,0.9712494624145394,0.025413946437765844,0.1436354631005448,0.06537890044576523,0.2226349678058445,"{""build_tower"":0.2226349678058445,""confirm_card_service_selection"":0.025507677067855377,""continue"":0.1436354631005448,""discard_treasure"":0.0,""place_tower"":0.07478949975235265,""purchase_shop_item"":0.10549777117384844,""remove_tower"":0.0,""reroll"":0.06537890044576523,""select_card_service_card"":0.02575532441802873,""select_treasure"":0.02526002971768202,""start_defense"":0.2226349678058445,""use_inventory_item"":0.08890539871223378}",0,0,0,0,2.590632063,25.30828917
original_R1,a1r-r1-p1,2,2,36.56426246960958,36.0,86.0,,,,,,,0.013814962593186111,0.0007081719012455067,0.01967743176775163,0.008338017090985337,0.0013118939267855849,,,,,,,,4,0.007582720588235294,0.16177594343967297,0.5928698182106018,0.975537220823958,0.02134266818928368,0.1383236434108527,0.0692829457364341,0.21729651162790695,"{""build_tower"":0.21729651162790695,""confirm_card_service_selection"":0.02567829457364341,""continue"":0.1383236434108527,""discard_treasure"":0.0,""place_tower"":0.07073643410852713,""purchase_shop_item"":0.11385658914728682,""remove_tower"":0.0,""reroll"":0.0692829457364341,""select_card_service_card"":0.02640503875968992,""select_treasure"":0.0249515503875969,""start_defense"":0.21729651162790695,""use_inventory_item"":0.09617248062015504}",0,0,0,0,2.733637501,26.157123928
original_R1,a1r-r1-p1,3,3,36.86703745524088,35.72629928588867,85.77083333333333,,,,,,,0.018209125560673486,0.0027120525941656706,0.029144753958783385,0.026405606474112418,0.009092141466130035,,,,,,,,4,0.017381171257618594,0.31348873242078457,2.4223361015319824,0.9783419112783548,0.018146585234824347,0.14160796696623756,0.0638814670876852,0.21957736215691037,"{""build_tower"":0.21957736215691037,""confirm_card_service_selection"":0.026718484333252367,""continue"":0.14160796696623756,""discard_treasure"":0.0,""place_tower"":0.06776779208161282,""purchase_shop_item"":0.11391790138450328,""remove_tower"":0.0,""reroll"":0.0638814670876852,""select_card_service_card"":0.02720427495749332,""select_treasure"":0.025504007772649988,""start_defense"":0.21957736215691037,""use_inventory_item"":0.09424338110274472}",0,0,0,0,2.685887893,26.752602266
original_R1,a1r-r1-p1,4,4,38.23802908261617,36.6109504699707,90.0625,,,,,,,0.02641480139510764,0.012185703554577236,0.026041911873856887,0.045046340372232506,0.00729288212267634,,,,,,,,4,0.013157401932403444,0.3057149867253268,1.6682738065719604,0.9752499000685582,0.01931165553191129,0.14596345130696275,0.06222530650011566,0.21697894980337729,"{""build_tower"":0.21697894980337729,""confirm_card_service_selection"":0.027527180198935925,""continue"":0.14596345130696275,""discard_treasure"":0.0,""place_tower"":0.0698588942863752,""purchase_shop_item"":0.11427249595188528,""remove_tower"":0.0,""reroll"":0.06222530650011566,""select_card_service_card"":0.027527180198935925,""select_treasure"":0.025213971778857276,""start_defense"":0.21697894980337729,""use_inventory_item"":0.09345362017117742}",0,0,0,0,2.945359034,27.077947098
original_R1,a1r-r1-p1,5,5,37.32388957341512,35.8221492767334,88.35416666666667,0.13130785524845123,36.36553980410099,36.23423194885254,22,14,92,0.03467823181861103,0.015568728895184496,0.037978460847893185,0.056259870800496936,0.005251510195889483,,,,,,,,4,0.020981633487869713,0.3458443864741746,1.213941216468811,0.978760116212372,0.018566776998341084,0.14595614241924074,0.06767271869842019,0.2155152086771988,"{""build_tower"":0.2155152086771988,""confirm_card_service_selection"":0.028531006838009906,""continue"":0.14595614241924074,""discard_treasure"":0.0,""place_tower"":0.07073803348266919,""purchase_shop_item"":0.1110587125677906,""remove_tower"":0.0,""reroll"":0.06767271869842019,""select_card_service_card"":0.028766800282952133,""select_treasure"":0.025937278943645368,""start_defense"":0.2155152086771988,""use_inventory_item"":0.09030888941287432}",0,0,0,0,2.756913227,25.709427366
original_R1,a1r-r1-p1,6,6,36.7258977095286,35.63654899597168,84.20833333333333,,,,,,,0.03082453323585137,0.014498915636953104,0.0338329536607489,0.07635474615295419,0.0013286093798079435,,,,,,,,4,0.009578893681464251,0.278484612936154,0.6580061912536621,0.9811806303127202,0.015455259592272341,0.1442355269668481,0.07050964868876794,0.22290945076694704,"{""build_tower"":0.22290945076694704,""confirm_card_service_selection"":0.025235032162295893,""continue"":0.1442355269668481,""discard_treasure"":0.0,""place_tower"":0.06704601682335477,""purchase_shop_item"":0.10588817417120237,""remove_tower"":0.0,""reroll"":0.07050964868876794,""select_card_service_card"":0.025235032162295893,""select_treasure"":0.026224641266699655,""start_defense"":0.22290945076694704,""use_inventory_item"":0.08980702622464126}",0,0,0,0,2.39961753,22.559372248
original_R1,a1r-r1-p1,7,7,37.65098758538564,35.815351486206055,89.5625,,,,,,,0.0429511260455187,0.02315238392371446,0.04457057456431143,0.1310903581310338,0.001572986750161095,,,,,,,,4,0.01695641886908561,0.31578873158158627,0.9371038675308228,0.9745409023923447,0.0204637195531498,0.1423586880669923,0.0732728541521284,0.2147010932775064,"{""build_tower"":0.2147010932775064,""confirm_card_service_selection"":0.02698301930681554,""continue"":0.1423586880669923,""discard_treasure"":0.0,""place_tower"":0.07141195626889975,""purchase_shop_item"":0.11188648522912305,""remove_tower"":0.0,""reroll"":0.0732728541521284,""select_card_service_card"":0.027913468248429867,""select_treasure"":0.02512212142358688,""start_defense"":0.2147010932775064,""use_inventory_item"":0.0916492207490114}",0,0,0,0,2.675604983,25.452172739
original_R1,a1r-r1-p1,8,8,37.86721650759379,36.48040008544922,89.125,,,,,,,0.04832167537204363,0.02855687967668734,0.053531815517036355,0.12696484549889192,0.002086462484525702,,,,,,,,4,0.011216265375397223,0.32274376957074685,0.9405955672264099,0.9778097950649536,0.018459625829778174,0.135343618513324,0.0822814399251987,0.21669004207573633,"{""build_tower"":0.21669004207573633,""confirm_card_service_selection"":0.025245441795231416,""continue"":0.135343618513324,""discard_treasure"":0.0,""place_tower"":0.06965871902758299,""purchase_shop_item"":0.11126694717157551,""remove_tower"":0.0,""reroll"":0.0822814399251987,""select_card_service_card"":0.025245441795231416,""select_treasure"":0.025479195885928004,""start_defense"":0.21669004207573633,""use_inventory_item"":0.09209911173445536}",0,0,0,0,2.6485536610000002,24.333830168
original_R1,a1r-r1-p1,9,9,38.73742711544037,36.29185104370117,93.1875,,,,,,,0.056609226077371885,0.029796317356141463,0.07447641818887657,0.448653970305788,0.009694403729251158,,,,,,,,4,0.02944125201449626,0.34956299001351,1.1134494543075562,0.9707676968754171,0.019767736912601523,0.14241001564945227,0.06975184439973173,0.2123854236530293,"{""build_tower"":0.2123854236530293,""confirm_card_service_selection"":0.03219315895372234,""continue"":0.14241001564945227,""discard_treasure"":0.000223563603845294,""place_tower"":0.06572769953051644,""purchase_shop_item"":0.11759445562262463,""remove_tower"":0.0,""reroll"":0.06975184439973173,""select_card_service_card"":0.03264028616141292,""select_treasure"":0.025486250838363516,""start_defense"":0.2123854236530293,""use_inventory_item"":0.0892018779342723}",0,0,0,0,2.872205204,27.198848485
original_R1,a1r-r1-p1,10,10,37.50955851872762,35.35070037841797,89.39583333333333,0.1690727323293686,36.40330468118191,36.23423194885254,42,23,63,0.11017355703124025,0.08254337247365202,0.11497633268727976,0.9124999533585015,0.004715223421204856,,,,,,,,4,0.030399521607357788,0.4623561013928231,1.2170480489730835,0.9730960744132344,0.02254986124770606,0.16196690748077372,0.07597296667443486,0.21416919133069215,"{""build_tower"":0.21416919133069215,""confirm_card_service_selection"":0.02726637147518061,""continue"":0.16196690748077372,""discard_treasure"":0.0,""place_tower"":0.06338848753204382,""purchase_shop_item"":0.10533675134001398,""remove_tower"":0.0,""reroll"":0.07597296667443486,""select_card_service_card"":0.02749941738522489,""select_treasure"":0.02540200419482638,""start_defense"":0.21416919133069215,""use_inventory_item"":0.08482871125611746}",0,0,0,0,2.6507075369999997,24.756487957
original_R1,a1r-r1-p1,11,11,37.77285615603129,36.35449981689453,92.125,,,,,,,0.14912415508904334,0.12613131136717698,0.1584540241294437,1.3618645137205925,0.007566805348788976,,,,,,,,4,0.042855592793785036,0.5163515775154034,1.286825180053711,0.9723661553045839,0.024670277515219316,0.17390321121664407,0.0741745816372682,0.208955223880597,"{""build_tower"":0.208955223880597,""confirm_card_service_selection"":0.026232473993668022,""continue"":0.17390321121664407,""discard_treasure"":0.0002261420171867933,""place_tower"":0.0707824513794663,""purchase_shop_item"":0.10379918588873813,""remove_tower"":0.0,""reroll"":0.0741745816372682,""select_card_service_card"":0.026232473993668022,""select_treasure"":0.024423337856173677,""start_defense"":0.208955223880597,""use_inventory_item"":0.08231569425599276}",0,0,0,0,2.791859717,25.554519328
original_R1,a1r-r1-p1,12,12,37.553102254867554,36.352500915527344,95.20833333333333,,,,,,,0.17548651868332948,0.1540471946215612,0.1786477580252621,2.0345995619371595,0.004621354887730276,,,,,,,,4,0.05189518828410655,0.5216081850230694,1.4224159717559814,0.9829365391893499,0.014754361343673535,0.2024070021881838,0.075054704595186,0.20087527352297593,"{""build_tower"":0.20087527352297593,""confirm_card_service_selection"":0.027133479212253828,""continue"":0.2024070021881838,""discard_treasure"":0.0,""place_tower"":0.060831509846827135,""purchase_shop_item"":0.10109409190371992,""remove_tower"":0.0,""reroll"":0.075054704595186,""select_card_service_card"":0.027789934354485776,""select_treasure"":0.023194748358862146,""start_defense"":0.20087527352297593,""use_inventory_item"":0.08074398249452953}",0,0,0,0,2.70766422,26.457502303
original_R1,a1r-r1-p1,13,13,37.80244171619415,37.23735046386719,101.625,,,,,,,0.1975460818923172,0.17127256630455104,0.1990398715250194,2.9128379121325594,0.004303127219753833,,,,,,,,4,0.04084821436554194,0.5953778322786093,2.851992130279541,0.9807242205371743,0.015645850903820247,0.22837228372283722,0.07872078720787208,0.18942189421894218,"{""build_tower"":0.18942189421894218,""confirm_card_service_selection"":0.027470274702747027,""continue"":0.22837228372283722,""discard_treasure"":0.0,""place_tower"":0.05740057400574006,""purchase_shop_item"":0.1008610086100861,""remove_tower"":0.0002050020500205002,""reroll"":0.07872078720787208,""select_card_service_card"":0.02788027880278803,""select_treasure"":0.022550225502255022,""start_defense"":0.18942189421894218,""use_inventory_item"":0.07769577695776958}",0,0,0,0,2.825380943,27.491235602
original_R1,a1r-r1-p1,14,14,38.800395806630455,38.62274932861328,113.39583333333333,,,,,,,0.21443449842978163,0.18381151893075118,0.21576222574168985,3.555826696786109,0.0034946615712870125,,,,,,,,4,0.037145151301625774,0.4559257502921603,1.9199450016021729,0.9779399235262415,0.016514588369649242,0.28476942862392063,0.07587727356237368,0.17453610141466103,"{""build_tower"":0.17453610141466103,""confirm_card_service_selection"":0.027190887378284033,""continue"":0.28476942862392063,""discard_treasure"":0.0,""place_tower"":0.05640271908873783,""purchase_shop_item"":0.09039132831159287,""remove_tower"":0.0009186110600771634,""reroll"":0.07587727356237368,""select_card_service_card"":0.027374609590299467,""select_treasure"":0.020209443321697593,""start_defense"":0.17453610141466103,""use_inventory_item"":0.06779349623369466}",0,0,0,0,3.138599357,29.653609695
original_R1,a1r-r1-p1,15,15,39.930206418037415,39.075050354003906,115.0,-3.482931062579155,32.751300886273384,36.23423194885254,20,108,0,0.20741774205208405,0.1714912313841217,0.1994350181723183,3.8340295480588003,0.0046110533954891834,,,,,,,,4,0.04260377213358879,0.49323278767141426,1.0723851919174194,0.9750288311176407,0.01757513650227338,0.2668478260869565,0.07771739130434782,0.17681159420289855,"{""build_tower"":0.17681159420289855,""confirm_card_service_selection"":0.02753623188405797,""continue"":0.2668478260869565,""discard_treasure"":0.00018115942028985507,""place_tower"":0.05543478260869565,""purchase_shop_item"":0.09746376811594203,""remove_tower"":0.0,""reroll"":0.07771739130434782,""select_card_service_card"":0.02789855072463768,""select_treasure"":0.02010869565217391,""start_defense"":0.17681159420289855,""use_inventory_item"":0.07318840579710145}",0,0,0,0,3.173964862,31.533029419000002
original_R1,a1r-r1-p1,16,16,39.14875849088033,38.88315010070801,120.20833333333333,,,,,,,0.20826599052579822,0.1739922205989232,0.21264373413894488,4.50443180916167,0.003853184446202447,,,,,,,,4,0.035306395719880646,0.5022911939608015,1.1538324356079102,0.9806089270313617,0.014453983339278595,0.2944540727902946,0.0779896013864818,0.16655112651646448,"{""build_tower"":0.16655112651646448,""confirm_card_service_selection"":0.030675909878682843,""continue"":0.2944540727902946,""discard_treasure"":0.0003466204506065858,""place_tower"":0.048873483535528596,""purchase_shop_item"":0.09584055459272096,""remove_tower"":0.0005199306759098787,""reroll"":0.0779896013864818,""select_card_service_card"":0.03102253032928943,""select_treasure"":0.01993067590987868,""start_defense"":0.16655112651646448,""use_inventory_item"":0.06724436741767764}",0,0,0,0,3.195167144,32.792869673
original_R1,a1r-r1-p1,17,17,36.83531669775645,36.15315055847168,111.375,,,,,,,0.20221904855665715,0.1683778306506803,0.20927440694400243,4.660479106800354,0.003849439050642088,,,,,,,,4,0.028964358160183543,0.43263890594244003,1.0976450443267822,0.9821961182647398,0.015222803157355105,0.30209502431724655,0.08716797605686495,0.16965955854844744,"{""build_tower"":0.16965955854844744,""confirm_card_service_selection"":0.02450430228208006,""continue"":0.30209502431724655,""discard_treasure"":0.00018705574261129816,""place_tower"":0.05387205387205387,""purchase_shop_item"":0.08361391694725027,""remove_tower"":0.0024317246539468764,""reroll"":0.08716797605686495,""select_card_service_card"":0.025065469509913955,""select_treasure"":0.01945379723157501,""start_defense"":0.16965955854844744,""use_inventory_item"":0.06228956228956229}",0,0,0,0,2.968916123,30.06512865
original_R1,a1r-r1-p1,18,18,37.67547480265299,36.776649475097656,111.95833333333333,,,,,,,0.2151458172467818,0.17325024630733202,0.21379620120638892,4.194179202920809,0.002740897709719277,,,,,,,,4,0.032564532943069935,0.47509081564134076,1.341518521308899,0.9846624200996879,0.013454296482017352,0.28340156308150355,0.09601786378861184,0.1717528842575363,"{""build_tower"":0.1717528842575363,""confirm_card_service_selection"":0.027353926311871977,""continue"":0.28340156308150355,""discard_treasure"":0.0005582433941198362,""place_tower"":0.049869743208038705,""purchase_shop_item"":0.08838853740230741,""remove_tower"":0.0005582433941198362,""reroll"":0.09601786378861184,""select_card_service_card"":0.027726088574618533,""select_treasure"":0.019910681056940827,""start_defense"":0.1717528842575363,""use_inventory_item"":0.06270934127279494}",0,0,0,0,2.992489059,30.434742827
original_R1,a1r-r1-p1,19,19,38.811498045921326,37.44765090942383,115.39583333333333,,,,,,,0.2013457339872716,0.16283961504115294,0.21265459230000322,4.15977655031136,0.003310187806248295,,,,,,,,4,0.046087704387239435,0.4590558238666166,1.0009773969650269,0.9825006631010409,0.01583800362211398,0.2821808990792562,0.09081061563459109,0.17187217909369923,"{""build_tower"":0.17187217909369923,""confirm_card_service_selection"":0.029066618523199132,""continue"":0.2821808990792562,""discard_treasure"":0.00018053800324968405,""place_tower"":0.05018956490341217,""purchase_shop_item"":0.09081061563459109,""remove_tower"":0.0005416140097490522,""reroll"":0.09081061563459109,""select_card_service_card"":0.029066618523199132,""select_treasure"":0.020220256363964614,""start_defense"":0.17187217909369923,""use_inventory_item"":0.06318830113738942}",0,0,0,0,3.038796227,31.281216622
original_R1,a1r-r1-p1,20,20,39.3984645207723,37.52414894104004,124.41666666666667,-3.4878725111484528,32.746359437704086,36.23423194885254,22,106,0,0.2242911872584108,0.1858180601855069,0.24411076229686537,5.5927080319590265,0.008411226048186374,,,,,,,,4,0.04204837860500751,0.4437296932252745,1.2766053676605225,0.9808202771005153,0.01374781085178256,0.31078365706630945,0.09125920964501005,0.1615874079035499,"{""build_tower"":0.1615874079035499,""confirm_card_service_selection"":0.024447421299397188,""continue"":0.31078365706630945,""discard_treasure"":0.00016744809109176155,""place_tower"":0.049062290689886136,""purchase_shop_item"":0.08975217682518419,""remove_tower"":0.0008372404554588078,""reroll"":0.09125920964501005,""select_card_service_card"":0.024614869390488948,""select_treasure"":0.019256530475552577,""start_defense"":0.1615874079035499,""use_inventory_item"":0.0666443402545211}",0,0,0,0,3.341377376,34.19774391
original_R1,a1r-r1-p1,21,21,39.35202717781067,37.71944999694824,123.25,,,,,,,0.2685674042839111,0.2251049374227685,0.2830291277108093,5.4743031444869885,0.007310047219903026,,,,,,,,4,0.05432128914011022,0.5298571268407007,1.160441517829895,0.9775419277083097,0.016467105563303146,0.3002028397565923,0.08992562542258282,0.162947937795808,"{""build_tower"":0.162947937795808,""confirm_card_service_selection"":0.024171737660581474,""continue"":0.3002028397565923,""discard_treasure"":0.0,""place_tower"":0.04614604462474645,""purchase_shop_item"":0.08755916159567276,""remove_tower"":0.015889114266396213,""reroll"":0.08992562542258282,""select_card_service_card"":0.02434077079107505,""select_treasure"":0.018762677484787018,""start_defense"":0.162947937795808,""use_inventory_item"":0.06710615280594996}",0,0,0,0,3.261944263,32.78953436
original_R1,a1r-r1-p1,22,22,39.222739696502686,37.25174903869629,123.39583333333333,,,,,,,0.2529915539496262,0.21462224625441348,0.24363724452753863,5.452540328039126,0.0037933607703735106,,,,,,,,4,0.030512927856761962,0.4846833599731326,1.827852487564087,0.9791010568619193,0.016661665576975793,0.30896505149417525,0.08914401485733581,0.1619111936518656,"{""build_tower"":0.1619111936518656,""confirm_card_service_selection"":0.024987337497889582,""continue"":0.30896505149417525,""discard_treasure"":0.0006753334458889077,""place_tower"":0.048455174742529125,""purchase_shop_item"":0.08678034779672464,""remove_tower"":0.007597501266250211,""reroll"":0.08914401485733581,""select_card_service_card"":0.02515617085936181,""select_treasure"":0.018402836400472734,""start_defense"":0.1619111936518656,""use_inventory_item"":0.06601384433564073}",0,0,0,0,3.1775008590000002,33.043112365
original_R1,a1r-r1-p1,23,23,38.99542470773061,37.63315010070801,116.22916666666667,,,,,,,0.24790768122440088,0.20484433908922076,0.2535066697746515,4.998615314784954,0.003735729798884015,,,,,,,,4,0.02804457462413914,0.448565090413798,1.180235743522644,0.9763514927845661,0.01708029011603106,0.2677899265101273,0.10503674493636853,0.17099838680767163,"{""build_tower"":0.17099838680767163,""confirm_card_service_selection"":0.023301666965405986,""continue"":0.2677899265101273,""discard_treasure"":0.0005377307761247536,""place_tower"":0.05144291091593475,""purchase_shop_item"":0.08782936010037641,""remove_tower"":0.010575371930453487,""reroll"":0.10503674493636853,""select_card_service_card"":0.02348091055744757,""select_treasure"":0.019716795124574298,""start_defense"":0.17099838680767163,""use_inventory_item"":0.0682918085678437}",0,0,0,0,3.140844532,31.833890899
original_R1,a1r-r1-p1,24,24,39.21852695941925,37.35944938659668,116.5625,,,,,,,0.23911214833627487,0.19758084825441136,0.24709634194997224,4.813812592636483,0.0038507122057829042,,,,,,,,4,0.03340561271496964,0.46682957136495545,0.993628740310669,0.9796704213765574,0.017620961901477793,0.25058087578194815,0.11206434316353887,0.17193923145665774,"{""build_tower"":0.17193923145665774,""confirm_card_service_selection"":0.02609472743521001,""continue"":0.25058087578194815,""discard_treasure"":0.0012511170688114387,""place_tower"":0.050223413762287755,""purchase_shop_item"":0.09097408400357462,""remove_tower"":0.009294012511170688,""reroll"":0.11206434316353887,""select_card_service_card"":0.026630920464700624,""select_treasure"":0.020732797140303842,""start_defense"":0.17193923145665774,""use_inventory_item"":0.06827524575513852}",0,0,0,0,3.182310791,32.356641787
original_R1,a1r-r1-p1,25,25,38.66624983151754,36.56505012512207,117.33333333333333,-1.5030633211135864,34.73116862773895,36.23423194885254,42,86,0,0.2576092710933626,0.20732824262643199,0.26265766251493583,4.555095123974597,0.00680666507655174,,,,,,,,4,0.03848544034090909,0.4933217630128969,1.4957903623580933,0.9824939748084418,0.015193546286106786,0.23117897727272727,0.11416903409090909,0.16761363636363635,"{""build_tower"":0.16761363636363635,""confirm_card_service_selection"":0.02752130681818182,""continue"":0.23117897727272727,""discard_treasure"":0.0007102272727272727,""place_tower"":0.052911931818181816,""purchase_shop_item"":0.10085227272727272,""remove_tower"":0.014026988636363636,""reroll"":0.11416903409090909,""select_card_service_card"":0.028053977272727272,""select_treasure"":0.020774147727272728,""start_defense"":0.16761363636363635,""use_inventory_item"":0.07457386363636363}",0,0,0,0,3.263466857,33.132407404
original_R1,a1r-r1-p1,26,26,37.65932710965475,36.231449127197266,109.8125,,,,,,,0.24619936938766357,0.19799191046707532,0.2444389576003665,5.571215378428593,0.00494420249599768,,,,,,,,4,0.04151052748784423,0.4796150999055022,0.9735319018363953,0.9805991724962704,0.01580330273801727,0.23392145702902675,0.11648643521153482,0.17510908745968506,"{""build_tower"":0.17510908745968506,""confirm_card_service_selection"":0.024473534433693798,""continue"":0.23392145702902675,""discard_treasure"":0.0005691519635742744,""place_tower"":0.05312084993359894,""purchase_shop_item"":0.09201290077784102,""remove_tower"":0.012521343198634035,""reroll"":0.11648643521153482,""select_card_service_card"":0.02466325175488522,""select_treasure"":0.020489470688673878,""start_defense"":0.17510908745968506,""use_inventory_item"":0.07152343008916714}",0,0,0,0,3.140383425,30.926678974
original_R1,a1r-r1-p1,27,27,38.83531673749288,37.06654930114746,122.66666666666667,,,,,,,0.26969467259051577,0.2214523457821858,0.2815459840323614,6.674390200656005,0.005333320301603002,,,,,,,,4,0.03965692934782609,0.5081746770959833,1.5727834701538086,0.9779734539789275,0.01777630136348307,0.28413722826086957,0.10750679347826086,0.16168478260869565,"{""build_tower"":0.16168478260869565,""confirm_card_service_selection"":0.022758152173913044,""continue"":0.28413722826086957,""discard_treasure"":0.00033967391304347825,""place_tower"":0.04619565217391304,""purchase_shop_item"":0.08644701086956522,""remove_tower"":0.021229619565217392,""reroll"":0.10750679347826086,""select_card_service_card"":0.022758152173913044,""select_treasure"":0.019021739130434784,""start_defense"":0.16168478260869565,""use_inventory_item"":0.06623641304347826}",0,0,0,0,3.244715704,33.406203695
original_R1,a1r-r1-p1,28,28,39.60480189323425,39.44459915161133,121.54166666666667,,,,,,,0.2785675467862726,0.22450112339883305,0.29082565495501395,6.688193049107528,0.002918041994435142,,,,,,,,4,0.023438340771700376,0.4850383279440196,1.420883059501648,0.9762078060320907,0.020691908663138747,0.259513198491601,0.11364415495371957,0.1659238944120672,"{""build_tower"":0.1659238944120672,""confirm_card_service_selection"":0.020911895783339046,""continue"":0.259513198491601,""discard_treasure"":0.00034281796366129587,""place_tower"":0.048165923894412065,""purchase_shop_item"":0.0901611244429208,""remove_tower"":0.02314021254713747,""reroll"":0.11364415495371957,""select_card_service_card"":0.02125471374700034,""select_treasure"":0.019369214946863215,""start_defense"":0.1659238944120672,""use_inventory_item"":0.07164895440521084}",0,0,0,0,3.318539733,33.625982316
original_R1,a1r-r1-p1,29,29,38.874450167020164,38.14200019836426,121.35416666666667,,,,,,,0.3165556914396037,0.24343133166605813,0.3409677157583444,7.6896947130698425,0.009652552151425445,,,,,,,,4,0.06699517944260784,0.6100293718602346,1.4534226655960083,0.9724737209666275,0.02172023147020651,0.2563090128755365,0.10781115879828326,0.16360515021459227,"{""build_tower"":0.16360515021459227,""confirm_card_service_selection"":0.022145922746781115,""continue"":0.2563090128755365,""discard_treasure"":0.0005150214592274678,""place_tower"":0.049270386266094424,""purchase_shop_item"":0.08892703862660944,""remove_tower"":0.03656652360515021,""reroll"":0.10781115879828326,""select_card_service_card"":0.022489270386266094,""select_treasure"":0.019399141630901288,""start_defense"":0.16360515021459227,""use_inventory_item"":0.06935622317596567}",0,0,0,0,3.234904098,33.04583841
original_R1,a1r-r1-p1,30,30,36.41324989000956,35.43264961242676,114.9375,-5.523001313209534,30.711230635643005,36.23423194885254,22,105,1,0.368842962061855,0.24786926273068982,0.35755815864963963,9.047591506757149,0.007832396165797078,,,,,,,,4,0.07327209506183863,0.7575247497721151,1.7464982271194458,0.951085919706227,0.04339626848443665,0.2579300344390067,0.11673010694217872,0.16150081566068517,"{""build_tower"":0.16150081566068517,""confirm_card_service_selection"":0.017400761283306143,""continue"":0.2579300344390067,""discard_treasure"":0.00018125793003443902,""place_tower"":0.049845930759470726,""purchase_shop_item"":0.08301613195577306,""remove_tower"":0.046220772158781946,""reroll"":0.11673010694217872,""select_card_service_card"":0.01776327714337502,""select_treasure"":0.018850824723581655,""start_defense"":0.16150081566068517,""use_inventory_item"":0.06905927134312126}",0,0,0,0,3.230639185,32.493943110000004
original_R1,a1r-r1-p1,31,31,34.54924384752909,33.732900619506836,119.72916666666667,,,,,,,0.3767978993578427,0.2512449844440658,0.37835147912087647,10.253577236911928,0.0076898014850762,,,,,,,,4,0.07132635273687217,0.6626429292170898,1.2539105415344238,0.9085855698855683,0.06461852305042355,0.30033060727336003,0.10770836958413085,0.1472072385592483,"{""build_tower"":0.1472072385592483,""confirm_card_service_selection"":0.014790325387158517,""continue"":0.30033060727336003,""discard_treasure"":0.0003480076561684357,""place_tower"":0.04715503741082304,""purchase_shop_item"":0.07638768052897164,""remove_tower"":0.06246737428223421,""reroll"":0.10770836958413085,""select_card_service_card"":0.014964329215242735,""select_treasure"":0.01705237515225335,""start_defense"":0.1472072385592483,""use_inventory_item"":0.0643814163911606}",0,0,0,0,3.031877087,31.797587596
original_R1,a1r-r1-p1,32,32,37.2413766781489,36.49245071411133,130.41666666666666,,,,,,,0.3766748722720358,0.24719664972211536,0.3833783975243568,9.657624014798841,0.004997552059576265,,,,,,,,4,0.051111260745674375,0.6740168440341949,1.4878753423690796,0.9517790505692476,0.04308163462206721,0.3079872204472843,0.10271565495207667,0.14600638977635783,"{""build_tower"":0.14600638977635783,""confirm_card_service_selection"":0.014856230031948883,""continue"":0.3079872204472843,""discard_treasure"":0.0001597444089456869,""place_tower"":0.04888178913738019,""purchase_shop_item"":0.0829073482428115,""remove_tower"":0.04952076677316294,""reroll"":0.10271565495207667,""select_card_service_card"":0.015015974440894569,""select_treasure"":0.017412140575079872,""start_defense"":0.14600638977635783,""use_inventory_item"":0.06853035143769969}",0,0,0,0,3.359521097,34.171396876
original_R1,a1r-r1-p1,33,33,35.972410480181374,36.11770057678223,119.08333333333333,,,,,,,0.4087182446312591,0.2544889647706537,0.4222567376235257,10.327640907027833,0.005456863169614656,,,,,,,,4,0.06282147724667321,0.6260986279534257,1.2978416681289673,0.9475611229369223,0.039685304722060326,0.2834149755073478,0.11074177746675998,0.15465360391882435,"{""build_tower"":0.15465360391882435,""confirm_card_service_selection"":0.012596221133659902,""continue"":0.2834149755073478,""discard_treasure"":0.0003498950314905528,""place_tower"":0.044086773967809655,""purchase_shop_item"":0.07627711686494051,""remove_tower"":0.064555633310007,""reroll"":0.11074177746675998,""select_card_service_card"":0.012946116165150455,""select_treasure"":0.017844646606018196,""start_defense"":0.15465360391882435,""use_inventory_item"":0.06787963610916725}",0,0,0,0,3.0707619409999998,31.405687247
original_R1,a1r-r1-p1,34,34,36.79613320032755,35.06139945983887,129.20833333333334,,,,,,,0.4579094743916017,0.2592255924330446,0.45682586342096326,11.107126362656746,0.005686928387221997,,,,,,,,4,0.0703044181317091,0.7394446808099747,3.323150873184204,0.9641190045342102,0.031744091268628837,0.3253789100290229,0.09803289261528539,0.1455981941309255,"{""build_tower"":0.1455981941309255,""confirm_card_service_selection"":0.01580135440180587,""continue"":0.3253789100290229,""discard_treasure"":0.0,""place_tower"":0.045146726862302484,""purchase_shop_item"":0.07126733311834892,""remove_tower"":0.06256046436633345,""reroll"":0.09803289261528539,""select_card_service_card"":0.01596259271202838,""select_treasure"":0.017574975814253466,""start_defense"":0.1455981941309255,""use_inventory_item"":0.05707836181876814}",0,0,0,0,3.215182299,34.174335739
original_R1,a1r-r1-p1,35,35,36.12394165992737,35.80389976501465,124.10416666666667,-4.172465696930885,32.061766251921654,36.23423194885254,29,99,0,0.47401970833682483,0.26392267680957526,0.4679256435483694,10.13799618425304,0.004755206216415786,,,,,,,,4,0.05723682344735911,0.6892205871020755,1.2971715927124023,0.9601281595464324,0.033874081001461796,0.28923955010911534,0.12120194728890381,0.14789323484975658,"{""build_tower"":0.14789323484975658,""confirm_card_service_selection"":0.013765318113144201,""continue"":0.28923955010911534,""discard_treasure"":0.00033573946617424877,""place_tower"":0.04784287392983045,""purchase_shop_item"":0.07335907335907337,""remove_tower"":0.06412623803928151,""reroll"":0.12120194728890381,""select_card_service_card"":0.013765318113144201,""select_treasure"":0.017458452241060938,""start_defense"":0.14789323484975658,""use_inventory_item"":0.06311901964075878}",0,0,0,0,3.214382156,32.877241965
original_R1,a1r-r1-p1,36,36,36.758023063341774,35.64890098571777,124.3125,,,,,,,0.4517892371048367,0.26740380106837636,0.44909086264669895,9.305361625025137,0.004188398192733682,,,,,,,,4,0.05237331468379125,0.713133996973435,1.804409384727478,0.9717796049924577,0.025598511235633243,0.28439751969163735,0.10826210826210826,0.15116473940003353,"{""build_tower"":0.15116473940003353,""confirm_card_service_selection"":0.01558572146807441,""continue"":0.28439751969163735,""discard_treasure"":0.0005027652086475615,""place_tower"":0.051114462879168765,""purchase_shop_item"":0.08228590581531758,""remove_tower"":0.05228758169934641,""reroll"":0.10826210826210826,""select_card_service_card"":0.01558572146807441,""select_treasure"":0.018267135914194738,""start_defense"":0.15116473940003353,""use_inventory_item"":0.0693815987933635}",0,0,0,0,3.236381154,33.435079179
original_R1,a1r-r1-p1,37,37,37.69877302646637,36.89394950866699,125.64583333333333,,,,,,,0.46247644356665984,0.2668877745737107,0.45096427264312905,8.87743416441642,0.0050063526915664625,,,,,,,,4,0.0632420964151,0.5899129862276217,1.2014591693878174,0.9639062783770069,0.03352929094883924,0.2873486983916432,0.1071132482175427,0.15304261316531256,"{""build_tower"":0.15304261316531256,""confirm_card_service_selection"":0.015088708340242082,""continue"":0.2873486983916432,""discard_treasure"":0.000331619963521804,""place_tower"":0.0494113745647488,""purchase_shop_item"":0.07992041120875476,""remove_tower"":0.05388824407229315,""reroll"":0.1071132482175427,""select_card_service_card"":0.015088708340242082,""select_treasure"":0.017907478030177417,""start_defense"":0.15304261316531256,""use_inventory_item"":0.06781628254020892}",0,0,0,0,3.236567521,32.670375919
original_R1,a1r-r1-p1,38,38,38.51213753223419,36.21944999694824,120.125,,,,,,,0.43277378167830555,0.2539077406545376,0.4251658890558326,7.94481665167676,0.0052470763944059045,,,,,,,,4,0.0698397448691337,0.6609060335094514,1.6376248598098755,0.97027865449853,0.028963416652834934,0.2596253902185224,0.1205341657995144,0.16302462712452306,"{""build_tower"":0.16302462712452306,""confirm_card_service_selection"":0.01768990634755463,""continue"":0.2596253902185224,""discard_treasure"":0.000346860908775581,""place_tower"":0.045438779049601107,""purchase_shop_item"":0.0837669094693028,""remove_tower"":0.041449878598681926,""reroll"":0.1205341657995144,""select_card_service_card"":0.018036767256330213,""select_treasure"":0.019077349982656956,""start_defense"":0.16302462712452306,""use_inventory_item"":0.06798473812001388}",0,0,0,0,3.21286544,34.532402276
original_R1,a1r-r1-p1,39,39,38.967768828074135,36.97154998779297,118.91666666666667,,,,,,,0.4118780714675035,0.2308209911950405,0.40079339431679767,7.474266074259875,0.004500454659809411,,,,,,,,4,0.04594313144764822,0.5874460657005725,1.3045873641967773,0.9715729397462519,0.029122860950377326,0.24684653118430272,0.12351086194814295,0.16748423265592152,"{""build_tower"":0.16748423265592152,""confirm_card_service_selection"":0.01769446391030133,""continue"":0.24684653118430272,""discard_treasure"":0.0001751927119831815,""place_tower"":0.048703573931324455,""purchase_shop_item"":0.0870707778556412,""remove_tower"":0.029607568325157672,""reroll"":0.12351086194814295,""select_card_service_card"":0.017869656622284513,""select_treasure"":0.019446391030133146,""start_defense"":0.16748423265592152,""use_inventory_item"":0.07410651716888578}",0,0,0,0,3.305699815,32.391801823
original_R1,a1r-r1-p1,40,40,38.67996680736542,36.220699310302734,121.3125,0.4071516841650009,36.64138363301754,36.23423194885254,69,59,0,0.4098473241076374,0.22688120911887152,0.4036970498121303,7.604934577961102,0.004600012635779896,,,,,,,,4,0.05242337772379751,0.5970889632792576,1.3965582847595215,0.9672071797650668,0.0311275832152561,0.24746694143912074,0.12107161257083977,0.1634896101665808,"{""build_tower"":0.1634896101665808,""confirm_card_service_selection"":0.019234071784303624,""continue"":0.24746694143912074,""discard_treasure"":0.0003434655675768504,""place_tower"":0.050317705650008586,""purchase_shop_item"":0.08878584921861583,""remove_tower"":0.03537695346041559,""reroll"":0.12107161257083977,""select_card_service_card"":0.0197492701356689,""select_treasure"":0.019234071784303624,""start_defense"":0.1634896101665808,""use_inventory_item"":0.07144083805598489}",0,0,0,0,3.296431657,34.369256799
original_R1,a1r-r1-p1,41,41,39.219635566075645,37.62274932861328,120.66666666666667,,,,,,,0.42921684879033567,0.23769914863056857,0.42699328194493835,8.215159178910488,0.0034498374510329322,,,,,,,,4,0.03656589674115505,0.5806403799873331,1.1844494342803955,0.9745965071081593,0.025187888304176537,0.2256560773480663,0.12966160220994474,0.16522790055248618,"{""build_tower"":0.16522790055248618,""confirm_card_service_selection"":0.01640193370165746,""continue"":0.2256560773480663,""discard_treasure"":0.0,""place_tower"":0.04713397790055249,""purchase_shop_item"":0.08753453038674033,""remove_tower"":0.053349447513812154,""reroll"":0.12966160220994474,""select_card_service_card"":0.016574585635359115,""select_treasure"":0.018819060773480664,""start_defense"":0.16522790055248618,""use_inventory_item"":0.07441298342541436}",0,0,0,0,3.202386595,31.881964903
original_R1,a1r-r1-p1,42,42,39.05813729763031,38.353450775146484,117.08333333333333,,,,,,,0.3927932692674172,0.21475823438386388,0.39641186730428174,7.814969824621939,0.004360277866019466,,,,,,,,4,0.04768564873798327,0.5305753614414822,1.7573543787002563,0.9640140988158604,0.03519749884832312,0.22651245551601423,0.13256227758007116,0.1701067615658363,"{""build_tower"":0.1701067615658363,""confirm_card_service_selection"":0.016725978647686834,""continue"":0.22651245551601423,""discard_treasure"":0.0005338078291814947,""place_tower"":0.052135231316725976,""purchase_shop_item"":0.08701067615658363,""remove_tower"":0.03362989323843416,""reroll"":0.13256227758007116,""select_card_service_card"":0.016903914590747332,""select_treasure"":0.0199288256227758,""start_defense"":0.1701067615658363,""use_inventory_item"":0.07384341637010676}",0,0,0,0,3.272326022,33.057425662
original_R1,a1r-r1-p1,43,43,41.539374788602196,38.59269905090332,133.5,,,,,,,0.4101525573197979,0.22490892337105897,0.4105515606128253,7.573853488049473,0.0034618667446710996,,,,,,,,4,0.04079026442307692,0.6236352390394762,2.2217886447906494,0.9719493096415173,0.02412782870949461,0.24282147315855182,0.1317103620474407,0.15886392009987516,"{""build_tower"":0.15886392009987516,""confirm_card_service_selection"":0.018570536828963796,""continue"":0.24282147315855182,""discard_treasure"":0.0006242197253433209,""place_tower"":0.046660424469413236,""purchase_shop_item"":0.09566167290886392,""remove_tower"":0.031835205992509365,""reroll"":0.1317103620474407,""select_card_service_card"":0.018882646691635457,""select_treasure"":0.018258426966292134,""start_defense"":0.15886392009987516,""use_inventory_item"":0.07724719101123595}",0,0,0,0,3.597100802,37.055481546
original_R1,a1r-r1-p1,44,44,42.01535447438558,40.82964897155762,139.375,,,,,,,0.42268143884275183,0.2292140528246476,0.44332233623222067,7.720219117543517,0.005184787689468403,,,,,,,,4,0.050802525874503235,0.6547117994891273,1.6566212177276611,0.9759225242925802,0.022544971029101697,0.24753363228699551,0.1272047832585949,0.15351270553064275,"{""build_tower"":0.15351270553064275,""confirm_card_service_selection"":0.018236173393124066,""continue"":0.24753363228699551,""discard_treasure"":0.00029895366218236175,""place_tower"":0.051121076233183856,""purchase_shop_item"":0.09865470852017937,""remove_tower"":0.03183856502242152,""reroll"":0.1272047832585949,""select_card_service_card"":0.018385650224215247,""select_treasure"":0.018236173393124066,""start_defense"":0.15351270553064275,""use_inventory_item"":0.08146487294469357}",0,0,0,0,3.7857131539999997,39.505522769
original_R1,a1r-r1-p1,45,45,40.926472981770836,39.99959945678711,127.25,-0.7013428211212158,35.53288912773132,36.23423194885254,52,76,0,0.43608638936963257,0.21203217240443503,0.42827076526979607,7.313609362690485,0.0037913104055178337,,,,,,,,4,0.04749422939494252,0.5914082477490107,1.0150049924850464,0.977565818357179,0.021549583732848987,0.25130975769482644,0.12950229207596595,0.16339227242960053,"{""build_tower"":0.16339227242960053,""confirm_card_service_selection"":0.017354289456450556,""continue"":0.25130975769482644,""discard_treasure"":0.0,""place_tower"":0.049443352979698756,""purchase_shop_item"":0.08955468238375901,""remove_tower"":0.024721676489849378,""reroll"":0.12950229207596595,""select_card_service_card"":0.01784544859201048,""select_treasure"":0.019155206286836934,""start_defense"":0.16339227242960053,""use_inventory_item"":0.07432874918140144}",0,0,0,0,3.431341283,36.131533642
original_R1,a1r-r1-p1,46,46,40.65099775791168,40.10445022583008,127.29166666666667,,,,,,,0.4274140658886365,0.19506400136075147,0.4148150368904074,7.074536484130851,0.0043489214812098,,,,,,,,4,0.04228838213020936,0.5585207619393865,1.1204835176467896,0.9777851702184983,0.02147225984178173,0.25433715220949266,0.11931260229132569,0.1630114566284779,"{""build_tower"":0.1630114566284779,""confirm_card_service_selection"":0.020949263502454993,""continue"":0.25433715220949266,""discard_treasure"":0.0003273322422258593,""place_tower"":0.05220949263502455,""purchase_shop_item"":0.09361702127659574,""remove_tower"":0.01734860883797054,""reroll"":0.11931260229132569,""select_card_service_card"":0.02176759410801964,""select_treasure"":0.019803600654664483,""start_defense"":0.1630114566284779,""use_inventory_item"":0.07430441898527004}",0,0,0,0,3.522784207,37.618520963
original_R1,a1r-r1-p1,47,47,38.531306306521095,36.857749938964844,113.72916666666667,,,,,,,0.43732127865123543,0.2015068488330372,0.43954492461952294,7.60915844586777,0.003404568659727209,,,,,,,,4,0.04136378605934707,0.5458380647680976,1.2850431203842163,0.9738077289998117,0.022785268628715792,0.2326433412712951,0.14544788422788058,0.17329181168712218,"{""build_tower"":0.17329181168712218,""confirm_card_service_selection"":0.013921963729620809,""continue"":0.2326433412712951,""discard_treasure"":0.00018318373328448433,""place_tower"":0.05165781278622458,""purchase_shop_item"":0.08096721011174207,""remove_tower"":0.023447517860413995,""reroll"":0.14544788422788058,""select_card_service_card"":0.014288331196189778,""select_treasure"":0.019600659461439823,""start_defense"":0.17329181168712218,""use_inventory_item"":0.0712584722476644}",0,0,0,0,3.103887427,32.508029371
original_R1,a1r-r1-p1,48,48,41.428275187810264,39.998199462890625,132.85416666666666,,,,,,,0.4558769484682681,0.22532971333322946,0.46049135863780977,7.776338937432061,0.004432911539151973,,,,,,,,4,0.043951012659817934,0.551904941946268,0.8948401808738708,0.9816544869273404,0.018249291544780135,0.2737964560137996,0.12654853379331973,0.15885212482358477,"{""build_tower"":0.15885212482358477,""confirm_card_service_selection"":0.018190371648110396,""continue"":0.2737964560137996,""discard_treasure"":0.0004704406460718206,""place_tower"":0.043907793633369926,""purchase_shop_item"":0.08750196016935863,""remove_tower"":0.024619727144425278,""reroll"":0.12654853379331973,""select_card_service_card"":0.018190371648110396,""select_treasure"":0.018660812294182216,""start_defense"":0.15885212482358477,""use_inventory_item"":0.07040928336208248}",0,0,0,0,3.530950073,36.080638724
original_R1,a1r-r1-p1,49,49,41.07118956247965,39.451499938964844,135.45833333333334,,,,,,,0.43503147809241743,0.21730690194357138,0.433526652936752,7.399802793588318,0.004457303118495195,,,,,,,,4,0.0555999894769719,0.5498560303105757,1.196929693222046,0.9813614482948545,0.01859135607866427,0.28099046447247,0.11904029529375577,0.15456782528452784,"{""build_tower"":0.15456782528452784,""confirm_card_service_selection"":0.02122423869578591,""continue"":0.28099046447247,""discard_treasure"":0.00030759766225776686,""place_tower"":0.045216856351891724,""purchase_shop_item"":0.09381728698861888,""remove_tower"":0.01891725622885266,""reroll"":0.11904029529375577,""select_card_service_card"":0.02168563518917256,""select_treasure"":0.018148262073208243,""start_defense"":0.15456782528452784,""use_inventory_item"":0.0715164564749308}",0,0,0,0,3.557233772,38.544766411
original_R1,a1r-r1-p1,50,50,40.69464977582296,38.93619918823242,129.64583333333334,-1.048427939414978,35.18580400943756,36.23423194885254,49,79,0,0.449701492417407,0.21429837330249638,0.43742033779621126,7.4828013999951,0.005305912619332958,,,,,,,,4,0.047408030070364475,0.6141117426753044,1.959906816482544,0.9808383982676425,0.020275165112689137,0.25743210670094807,0.12341314478547324,0.16021211634260002,"{""build_tower"":0.16021211634260002,""confirm_card_service_selection"":0.023622047244094488,""continue"":0.25743210670094807,""discard_treasure"":0.00048208259681825486,""place_tower"":0.04740478868712839,""purchase_shop_item"":0.0957737425678933,""remove_tower"":0.016069419893941828,""reroll"":0.12341314478547324,""select_card_service_card"":0.023782741443033908,""select_treasure"":0.018640527076972523,""start_defense"":0.16021211634260002,""use_inventory_item"":0.0729551663184959}",0,0,0,0,3.420230952,37.086138049
original_R1,a1r-r1-p1,51,51,41.520904183387756,40.424699783325195,129.91666666666666,,,,,,,0.44422812386877764,0.20102468611218385,0.4561349892616272,7.860529959017786,0.004125406642633607,,,,,,,,4,0.04255944291129708,0.548560062944889,0.9304133057594299,0.9819206559035414,0.017470132168382405,0.25400898011545864,0.12604233483001925,0.1629249518922386,"{""build_tower"":0.1629249518922386,""confirm_card_service_selection"":0.019403463758819756,""continue"":0.25400898011545864,""discard_treasure"":0.0006414368184733803,""place_tower"":0.05372033354714561,""purchase_shop_item"":0.09204618345093009,""remove_tower"":0.014432328415651058,""reroll"":0.12604233483001925,""select_card_service_card"":0.019884541372674792,""select_treasure"":0.0195638229634381,""start_defense"":0.1629249518922386,""use_inventory_item"":0.07440667094291212}",0,0,0,0,3.6521906939999997,38.823887871
original_R1,a1r-r1-p1,52,52,40.292487700780235,39.259450912475586,124.60416666666667,,,,,,,0.5165806920567839,0.23418626553280622,0.5259440755471587,9.017394213033933,0.005255035349250647,,,,,,,,4,0.06443562387721613,0.59247126771758,1.2068392038345337,0.9794504098180439,0.020280639805908624,0.2499582009697375,0.13091456278214345,0.16502257147634175,"{""build_tower"":0.16502257147634175,""confirm_card_service_selection"":0.02023073064704899,""continue"":0.2499582009697375,""discard_treasure"":0.0006687844841999665,""place_tower"":0.048486875104497576,""purchase_shop_item"":0.08560441397759572,""remove_tower"":0.024912222036448755,""reroll"":0.13091456278214345,""select_card_service_card"":0.020732319010198962,""select_treasure"":0.019227553920749037,""start_defense"":0.16502257147634175,""use_inventory_item"":0.06921919411469654}",0,0,0,0,3.350257071,34.37773933
original_R1,a1r-r1-p1,53,53,39.47428345680237,37.8088493347168,122.91666666666667,,,,,,,0.536683801927113,0.24412742017890288,0.5317646721377969,8.340510383775065,0.005331604002355069,,,,,,,,4,0.055135091223443546,0.7342613727475206,7.038778781890869,0.9808537960570125,0.020149616543979693,0.24101694915254238,0.13661016949152543,0.16338983050847458,"{""build_tower"":0.16338983050847458,""confirm_card_service_selection"":0.017966101694915255,""continue"":0.24101694915254238,""discard_treasure"":0.0006779661016949153,""place_tower"":0.048305084745762714,""purchase_shop_item"":0.08593220338983051,""remove_tower"":0.03525423728813559,""reroll"":0.13661016949152543,""select_card_service_card"":0.017966101694915255,""select_treasure"":0.018983050847457626,""start_defense"":0.16338983050847458,""use_inventory_item"":0.07050847457627119}",0,0,0,0,3.394491572,33.823452746
original_R1,a1r-r1-p1,54,54,38.39011041323344,37.05219841003418,118.47916666666667,,,,,,,0.5121278624051141,0.22330060603106272,0.5057202817305274,8.113361587657778,0.0043667209950043525,,,,,,,,4,0.052050395261334335,0.6673575157056684,2.1241140365600586,0.983616983667413,0.014606264875391904,0.2396694214876033,0.1452435378934412,0.16493757692983999,"{""build_tower"":0.16493757692983999,""confirm_card_service_selection"":0.017232284156848954,""continue"":0.2396694214876033,""discard_treasure"":0.001406717074028486,""place_tower"":0.04888341832248989,""purchase_shop_item"":0.0851063829787234,""remove_tower"":0.024617548795498507,""reroll"":0.1452435378934412,""select_card_service_card"":0.017408123791102514,""select_treasure"":0.018814840865131,""start_defense"":0.16493757692983999,""use_inventory_item"":0.07174257077545279}",0,0,0,0,3.237787483,33.304253068
original_R1,a1r-r1-p1,55,55,41.32675607999166,39.82859992980957,135.77083333333334,-0.38897804915905,35.84525389969349,36.23423194885254,57,71,0,0.48174849575546175,0.20700077256740623,0.5087641916022851,8.119006939048015,0.005772749972283446,,,,,,,,4,0.06648682777841504,0.5738234525689712,1.0549848079681396,0.9813615920864938,0.018322052559457146,0.2640785637563296,0.13134878011354917,0.15528617462022404,"{""build_tower"":0.15528617462022404,""confirm_card_service_selection"":0.022249501304281112,""continue"":0.2640785637563296,""discard_treasure"":0.0004603345097437471,""place_tower"":0.049255792542580945,""purchase_shop_item"":0.09436857449746816,""remove_tower"":0.01427036980205616,""reroll"":0.13134878011354917,""select_card_service_card"":0.023170170323768606,""select_treasure"":0.017953045880006138,""start_defense"":0.15528617462022404,""use_inventory_item"":0.07227251802976829}",0,0,0,0,3.716536317,40.143020832
original_R1,a1r-r1-p1,56,56,40.79875429471334,38.98579978942871,130.0,,,,,,,0.5205986310591127,0.20950151758832555,0.5177452513575553,8.031367721679699,0.003969275608851603,,,,,,,,4,0.04678385419771075,0.5647873812913895,0.8989055156707764,0.9790614980934651,0.017338904729112984,0.24871794871794872,0.14551282051282052,0.159775641025641,"{""build_tower"":0.159775641025641,""confirm_card_service_selection"":0.01955128205128205,""continue"":0.24871794871794872,""discard_treasure"":0.0003205128205128205,""place_tower"":0.04919871794871795,""purchase_shop_item"":0.08942307692307692,""remove_tower"":0.015224358974358974,""reroll"":0.14551282051282052,""select_card_service_card"":0.020032051282051284,""select_treasure"":0.01858974358974359,""start_defense"":0.159775641025641,""use_inventory_item"":0.07387820512820513}",0,0,0,0,3.569739115,37.218936777
original_R1,a1r-r1-p1,57,57,40.941170851389565,39.72125053405762,129.27083333333334,,,,,,,0.5360001486243566,0.21047143967319615,0.5425300621986389,8.668524515324446,0.005081472275469423,,,,,,,,4,0.06316278178244829,0.5771674700081348,1.8305131196975708,0.9804351273732628,0.018123267516493798,0.240290088638195,0.13182917002417405,0.1613215149073328,"{""build_tower"":0.1613215149073328,""confirm_card_service_selection"":0.023045930701047542,""continue"":0.240290088638195,""discard_treasure"":0.0008058017727639,""place_tower"":0.05350523771152296,""purchase_shop_item"":0.09492344883158743,""remove_tower"":0.01659951651893634,""reroll"":0.13182917002417405,""select_card_service_card"":0.023690572119258662,""select_treasure"":0.018694601128122483,""start_defense"":0.1613215149073328,""use_inventory_item"":0.07397260273972603}",0,0,0,0,3.5945806080000002,37.722827004
original_R1,a1r-r1-p1,58,58,39.24086038271586,36.67179870605469,125.14583333333333,,,,,,,0.5461561138055454,0.23281538430510765,0.5548104345798492,8.701609272567223,0.005183903041692399,,,,,,,,4,0.06583864024529855,0.6019489634782076,1.0186964273452759,0.9809141286637506,0.017110555539450917,0.26852005993008154,0.14100216414183453,0.16014649575495254,"{""build_tower"":0.16014649575495254,""confirm_card_service_selection"":0.016480772432162477,""continue"":0.26852005993008154,""discard_treasure"":0.001331779590477776,""place_tower"":0.04594639587148327,""purchase_shop_item"":0.07790910604294989,""remove_tower"":0.027135009155984685,""reroll"":0.14100216414183453,""select_card_service_card"":0.0166472448809722,""select_treasure"":0.018644914266688864,""start_defense"":0.16014649575495254,""use_inventory_item"":0.06608956217745963}",0,0,0,0,3.446958629,34.597896926
original_R1,a1r-r1-p1,59,59,41.099083383878074,39.80924987792969,127.95833333333333,,,,,,,0.542101513390016,0.2114742408013307,0.5381999257951975,8.21086015595228,0.004472448028839911,,,,,,,,4,0.05340399957882861,0.6444476923594872,1.1065268516540527,0.9799028265967565,0.018146904098102823,0.2461738847281016,0.13008791924454574,0.16362748290459134,"{""build_tower"":0.16362748290459134,""confirm_card_service_selection"":0.0185607294041029,""continue"":0.2461738847281016,""discard_treasure"":0.0009768804949527841,""place_tower"":0.04770433083686096,""purchase_shop_item"":0.09215239335721263,""remove_tower"":0.022793878215564962,""reroll"":0.13008791924454574,""select_card_service_card"":0.01904916965157929,""select_treasure"":0.01937479648323022,""start_defense"":0.16362748290459134,""use_inventory_item"":0.07587105177466623}",0,0,0,0,3.484106791,35.861273684
original_R1,a1r-r1-p1,60,60,43.4094332853953,42.33370018005371,134.35416666666666,-0.7539295256137848,35.480302423238754,36.23423194885254,56,72,0,0.5313867954740642,0.2088000421326738,0.5395388826727867,8.124434633519419,0.005765965330414684,,,,,,,,4,0.06850271655891377,0.5980861714253058,1.730286717414856,0.9758647435346098,0.021095954983208615,0.2418979686773143,0.12436036594820903,0.16452163126066058,"{""build_tower"":0.16452163126066058,""confirm_card_service_selection"":0.021398666459916265,""continue"":0.2418979686773143,""discard_treasure"":0.0007753140021708792,""place_tower"":0.04434796092417429,""purchase_shop_item"":0.09877500387657001,""remove_tower"":0.020623352457745388,""reroll"":0.12436036594820903,""select_card_service_card"":0.021863854861218793,""select_treasure"":0.019692975655140332,""start_defense"":0.16452163126066058,""use_inventory_item"":0.07722127461621957}",0,0,0,0,3.713917578,39.463803836
original_R1,a1r-r1-p1,61,61,41.21263142426809,39.900251388549805,124.1875,,,,,,,0.5839331262531406,0.22507625115311836,0.5846550042430559,9.1385694435526,0.005171093174984283,,,,,,,,4,0.06427531479857862,0.6556962532922626,1.5032927989959717,0.9785213044369729,0.019859189187021304,0.23871833584968966,0.13722529776883075,0.16876363026337862,"{""build_tower"":0.16876363026337862,""confirm_card_service_selection"":0.01560140915953699,""continue"":0.23871833584968966,""discard_treasure"":0.0008387854386847844,""place_tower"":0.05116591175977185,""purchase_shop_item"":0.08589162892132192,""remove_tower"":0.02432477772185875,""reroll"":0.13722529776883075,""select_card_service_card"":0.01560140915953699,""select_treasure"":0.019459822177487,""start_defense"":0.16876363026337862,""use_inventory_item"":0.07364536151652408}",0,0,0,0,3.462194909,35.080562875
original_R1,a1r-r1-p1,62,62,42.347558418909706,40.0,130.79166666666666,,,,,,,0.5935639216666151,0.22363756377101818,0.6081753152608872,8.711818922881859,0.004877656842545548,,,,,,,,4,0.05435167908668518,0.6048040708899498,0.967828094959259,0.976875093374411,0.019649885119870304,0.20627588403950303,0.14558776680471489,0.16502070723160242,"{""build_tower"":0.16502070723160242,""confirm_card_service_selection"":0.021981522777954763,""continue"":0.20627588403950303,""discard_treasure"":0.0011150047785919083,""place_tower"":0.04794520547945205,""purchase_shop_item"":0.09573112456196241,""remove_tower"":0.03345014335775725,""reroll"":0.14558776680471489,""select_card_service_card"":0.022459381968779866,""select_treasure"":0.019114367633004142,""start_defense"":0.16502070723160242,""use_inventory_item"":0.07629818413507486}",0,0,0,0,3.7405041580000002,38.128751257
original_R1,a1r-r1-p1,63,63,40.78606685002645,40.0,127.25,,,,,,,0.5781679312898582,0.2215651204165783,0.5746830683201551,9.407994334282858,0.004550321611077379,,,,,,,,4,0.05400316646167388,0.6595528221999606,1.1544883251190186,0.9786817855007305,0.016776907548774034,0.22364112639161754,0.14145383104125736,0.16306483300589392,"{""build_tower"":0.16306483300589392,""confirm_card_service_selection"":0.0206286836935167,""continue"":0.22364112639161754,""discard_treasure"":0.0013097576948264572,""place_tower"":0.04862475442043222,""purchase_shop_item"":0.09250163719711853,""remove_tower"":0.029305828421741977,""reroll"":0.14145383104125736,""select_card_service_card"":0.021283562540929928,""select_treasure"":0.01948264571054355,""start_defense"":0.16306483300589392,""use_inventory_item"":0.0756385068762279}",0,0,0,0,3.539809578,35.778379019
original_R1,a1r-r1-p1,64,64,39.65628973642985,38.87849998474121,130.6875,,,,,,,0.5964519118883963,0.23744431736359128,0.5973544555902481,11.61521092086687,0.005092348041034711,,,,,,,,4,0.06173479896038771,0.6691535463929177,1.1842297315597534,0.9794963590425592,0.016285993857309222,0.25426430734895583,0.1358201817312291,0.15463095807428662,"{""build_tower"":0.15463095807428662,""confirm_card_service_selection"":0.017854296190020724,""continue"":0.25426430734895583,""discard_treasure"":0.0009564801530368245,""place_tower"":0.046229874063446516,""purchase_shop_item"":0.08656145384983262,""remove_tower"":0.042085126733620276,""reroll"":0.1358201817312291,""select_card_service_card"":0.018173122907699665,""select_treasure"":0.018173122907699665,""start_defense"":0.15463095807428662,""use_inventory_item"":0.07062011796588553}",0,0,0,0,3.431140477,34.929053744
original_R1,a1r-r1-p1,65,65,41.43398944536845,40.73444938659668,138.83333333333334,-1.162468746304512,35.07176320254803,36.23423194885254,52,76,0,0.6428686304869521,0.26383663787008865,0.6464683612187704,12.739013519253557,0.005245182563292609,,,,,,,,4,0.06731047453703703,0.8611920591857698,4.4236674308776855,0.971532133861887,0.023538966749415354,0.2567527010804322,0.11599639855942377,0.1520108043217287,"{""build_tower"":0.1520108043217287,""confirm_card_service_selection"":0.01680672268907563,""continue"":0.2567527010804322,""discard_treasure"":0.00030012004801920766,""place_tower"":0.04201680672268908,""purchase_shop_item"":0.08703481392557023,""remove_tower"":0.06947779111644659,""reroll"":0.11599639855942377,""select_card_service_card"":0.01680672268907563,""select_treasure"":0.01800720288115246,""start_defense"":0.1520108043217287,""use_inventory_item"":0.07277911164465786}",0,0,0,0,3.611803186,37.300162209
original_R1,a1r-r1-p1,66,66,39.902070800463356,38.837799072265625,135.10416666666666,,,,,,,0.6541929884666089,0.2615537024560927,0.6590317252736825,13.027271715153676,0.005187322998451167,,,,,,,,4,0.06250839584614508,0.6978666229316821,1.267517328262329,0.9701778307681225,0.026955920593956344,0.2522744795682344,0.1312259059367772,0.15034695451040864,"{""build_tower"":0.15034695451040864,""confirm_card_service_selection"":0.015420200462606014,""continue"":0.2522744795682344,""discard_treasure"":0.001233616037008481,""place_tower"":0.0448727833461835,""purchase_shop_item"":0.08003084040092522,""remove_tower"":0.07340015420200463,""reroll"":0.1312259059367772,""select_card_service_card"":0.015728604471858133,""select_treasure"":0.017733230531996914,""start_defense"":0.15034695451040864,""use_inventory_item"":0.06738627602158828}",0,0,0,0,3.530814534,36.395878447
original_R1,a1r-r1-p1,67,67,39.17803728580475,39.36530113220215,130.0625,,,,,,,0.6669291563969031,0.27264100677494063,0.6611575543880462,12.997228729794106,0.00476110161471297,,,,,,,,4,0.05319207701832056,0.7239128509163857,1.799644947052002,0.9723074305111972,0.02511692188680172,0.23466282236104438,0.1193336536921352,0.15313150728816274,"{""build_tower"":0.15313150728816274,""confirm_card_service_selection"":0.01505686368732981,""continue"":0.23466282236104438,""discard_treasure"":0.0011212558065032837,""place_tower"":0.04837417908057024,""purchase_shop_item"":0.08521544129424956,""remove_tower"":0.082972929681243,""reroll"":0.1193336536921352,""select_card_service_card"":0.015377222489187891,""select_treasure"":0.01810027230498158,""start_defense"":0.15313150728816274,""use_inventory_item"":0.0735223450264296}",0,0,0,0,3.355527394,34.492431538
original_R1,a1r-r1-p1,68,68,38.85556252797445,38.440799713134766,129.8125,,,,,,,0.7064254373192534,0.2787912351808494,0.6989096355438232,12.394310773935988,0.005324941758462955,,,,,,,,4,0.062932830452919,0.7189195489883423,2.004286527633667,0.9745405328551694,0.023011889792978763,0.21633766650617878,0.12774835499919757,0.15262397688974483,"{""build_tower"":0.15262397688974483,""confirm_card_service_selection"":0.017653667148130315,""continue"":0.21633766650617878,""discard_treasure"":0.0022468303643074948,""place_tower"":0.05151661049590756,""purchase_shop_item"":0.08554004172684962,""remove_tower"":0.08698443267533301,""reroll"":0.12774835499919757,""select_card_service_card"":0.017974642914459958,""select_treasure"":0.01781415503129514,""start_defense"":0.15262397688974483,""use_inventory_item"":0.07093564435885091}",0,0,0,0,3.5795345149999998,35.059996674
original_R1,a1r-r1-p1,69,69,37.69170415401459,36.12874984741211,121.08333333333333,,,,,,,0.7022800346210376,0.28086640790687784,0.6787760043921678,12.52165231568145,0.006449174688737991,,,,,,,,4,0.07816934634162032,0.7880825410070627,1.859811782836914,0.9624489558006822,0.033405975722100426,0.21317962835512733,0.11613902271163111,0.15932553337921543,"{""build_tower"":0.15932553337921543,""confirm_card_service_selection"":0.015829318651066758,""continue"":0.21317962835512733,""discard_treasure"":0.0006882312456985547,""place_tower"":0.044907088781830695,""purchase_shop_item"":0.08654507914659325,""remove_tower"":0.09514796971782519,""reroll"":0.11613902271163111,""select_card_service_card"":0.016517549896765314,""select_treasure"":0.018582243633860976,""start_defense"":0.15932553337921543,""use_inventory_item"":0.07381280110116999}",0,0,0,0,3.165600554,32.504861983
original_R1,a1r-r1-p1,70,70,41.47822713851929,40.47105026245117,137.875,0.27668292820453644,36.510914877057076,36.23423194885254,61,67,0,0.6434244172994711,0.25376067860344154,0.6405648365616798,10.794919285547806,0.005295936051495049,,,,,,,,4,0.06317401412301339,0.7937295041405238,1.6577317714691162,0.978758826697542,0.01926662355589752,0.2387428226050166,0.12239347234814144,0.15321849501359927,"{""build_tower"":0.15321849501359927,""confirm_card_service_selection"":0.017527954064672106,""continue"":0.2387428226050166,""discard_treasure"":0.0007555152614082804,""place_tower"":0.04910849199153823,""purchase_shop_item"":0.08854638863705047,""remove_tower"":0.06648534300392868,""reroll"":0.12239347234814144,""select_card_service_card"":0.01783016016923542,""select_treasure"":0.0185856754306437,""start_defense"":0.15321849501359927,""use_inventory_item"":0.07358718646116652}",0,0,0,0,3.746905828,38.851885996
original_R1,a1r-r1-p1,71,71,39.56538983186086,38.77490043640137,125.95833333333333,,,,,,,0.586722419085119,0.23258015786676803,0.5803748207787672,10.661360497479366,0.004735146118273785,,,,,,,,4,0.060973863544253014,0.7314108290399114,1.2279319763183594,0.9823023734759495,0.01545905576980052,0.256533245120741,0.12702613298048296,0.16027125372146875,"{""build_tower"":0.16027125372146875,""confirm_card_service_selection"":0.017036056897122065,""continue"":0.256533245120741,""discard_treasure"":0.0008269930532583526,""place_tower"":0.0443268276546477,""purchase_shop_item"":0.08617267614952034,""remove_tower"":0.0387032748924909,""reroll"":0.12702613298048296,""select_card_service_card"":0.017532252729077075,""select_treasure"":0.01885544161429044,""start_defense"":0.16027125372146875,""use_inventory_item"":0.0724445914654317}",0,0,0,0,3.341926412,34.05434073
original_R1,a1r-r1-p1,72,72,40.09390211105347,40.27054977416992,130.35416666666666,,,,,,,0.5980721208164103,0.23688522197984174,0.604749983549118,12.178172998307598,0.0062592780004342785,,,,,,,,4,0.07278968475759029,0.7967904290556908,1.9623149633407593,0.985804385503366,0.014305820865556597,0.26674124980022373,0.11954610835863833,0.15742368547227106,"{""build_tower"":0.15742368547227106,""confirm_card_service_selection"":0.01694102605082308,""continue"":0.26674124980022373,""discard_treasure"":0.000799105002397315,""place_tower"":0.04187310212561931,""purchase_shop_item"":0.08214799424644398,""remove_tower"":0.05354003516062011,""reroll"":0.11954610835863833,""select_card_service_card"":0.017260668051782006,""select_treasure"":0.019338341058015022,""start_defense"":0.15742368547227106,""use_inventory_item"":0.06696499920089499}",0,0,0,0,3.450950322,34.434261272
original_R1,a1r-r1-p1,73,73,38.88241251309713,36.66175079345703,133.64583333333334,,,,,,,0.6310452468930503,0.250673078493284,0.6303307090241176,12.184128373519952,0.005520822367611362,,,,,,,,4,0.06303084942583854,0.8387137817648741,5.257463455200195,0.9761244599301587,0.02109083178668068,0.2681215900233827,0.12486360093530788,0.1485580670303975,"{""build_tower"":0.1485580670303975,""confirm_card_service_selection"":0.01808261886204209,""continue"":0.2681215900233827,""discard_treasure"":0.0004676539360872954,""place_tower"":0.045518316445830084,""purchase_shop_item"":0.07731878409976617,""remove_tower"":0.07217459080280593,""reroll"":0.12486360093530788,""select_card_service_card"":0.01808261886204209,""select_treasure"":0.01730319563522993,""start_defense"":0.1485580670303975,""use_inventory_item"":0.06095089633671084}",0,0,0,0,3.404942107,35.655376637
original_R1,a1r-r1-p1,74,74,40.75628129641215,38.56445121765137,139.125,,,,,,,0.6115304283844505,0.2504660528209076,0.6195615552089833,11.894819785692684,0.004454165744189393,,,,,,,,4,0.05288562716709243,0.7778881029398353,3.337414503097534,0.9829796892014846,0.015765931082165077,0.2825696316262354,0.11814914645103325,0.14929619646600778,"{""build_tower"":0.14929619646600778,""confirm_card_service_selection"":0.017220724767894578,""continue"":0.2825696316262354,""discard_treasure"":0.0001497454327643007,""place_tower"":0.043575920934411504,""purchase_shop_item"":0.08086253369272237,""remove_tower"":0.05825097334531297,""reroll"":0.11814914645103325,""select_card_service_card"":0.01737047020065888,""select_treasure"":0.01737047020065888,""start_defense"":0.14929619646600778,""use_inventory_item"":0.0658879904162923}",0,0,0,0,3.511061112,36.807574927
original_R1,a1r-r1-p1,75,75,39.4568376938502,37.8077507019043,136.4375,-1.457485243678093,34.776746705174446,36.23423194885254,53,75,0,0.5974218969939954,0.2391213493983728,0.5920478225900576,12.401063215800962,0.006354788849561233,,,,,,,,4,0.07555780516794094,0.6865136322493737,2.0215659141540527,0.9778079414338474,0.019177341403869484,0.28737211788059247,0.11452130096197893,0.14719804550313026,"{""build_tower"":0.14719804550313026,""confirm_card_service_selection"":0.018018018018018018,""continue"":0.28737211788059247,""discard_treasure"":0.0004580852038479157,""place_tower"":0.04840433653992976,""purchase_shop_item"":0.0847457627118644,""remove_tower"":0.04870972667582837,""reroll"":0.11452130096197893,""select_card_service_card"":0.01832340815391663,""select_treasure"":0.01664376240647427,""start_defense"":0.14719804550313026,""use_inventory_item"":0.06840739044128874}",0,0,0,0,3.553698718,36.141005788
original_R1,a1r-r1-p2,76,1,39.77648123105367,39.270198822021484,142.22916666666666,,,,,,,0.6079563652521252,0.2551122271684528,0.590833756658766,10.932458774776116,0.007307950569763004,,,,,,,,4,0.09621837431633914,0.7256551282825293,1.7427716255187988,0.9762077584613671,0.01934990424800802,0.31214296176944484,0.11893950490698696,0.14252233777647577,"{""build_tower"":0.14252233777647577,""confirm_card_service_selection"":0.014794199501977443,""continue"":0.31214296176944484,""discard_treasure"":0.00014647722279185587,""place_tower"":0.039402372931009226,""purchase_shop_item"":0.07602167862897319,""remove_tower"":0.05888384356232606,""reroll"":0.11893950490698696,""select_card_service_card"":0.014940676724769298,""select_treasure"":0.016844880621063426,""start_defense"":0.14252233777647577,""use_inventory_item"":0.06283872857770617}",0,0,0,0,3.466711483,38.749144309
original_R1,a1r-r1-p2,77,2,40.47991061210632,38.858001708984375,134.1875,,,,,,,0.5551131610557308,0.23274589435287724,0.5551154943039784,9.82768781394234,0.005476262971184882,,,,,,,,4,0.05984056189369697,0.7661013649060175,1.5460785627365112,0.9828443968858623,0.01341177672237301,0.2895513119080888,0.11985716503648501,0.1537028411737308,"{""build_tower"":0.1537028411737308,""confirm_card_service_selection"":0.015836050302748022,""continue"":0.2895513119080888,""discard_treasure"":0.0003105107902499612,""place_tower"":0.04176370128861978,""purchase_shop_item"":0.08352740257723956,""remove_tower"":0.03850333799099519,""reroll"":0.11985716503648501,""select_card_service_card"":0.015836050302748022,""select_treasure"":0.017699115044247787,""start_defense"":0.1537028411737308,""use_inventory_item"":0.06970967241111628}",0,0,0,0,3.4720739959999998,36.780521027
original_R1,a1r-r1-p2,78,3,41.4433456659317,39.454999923706055,133.79166666666666,,,,,,,0.5357163018972075,0.21665970825708072,0.5076890639387645,9.45480954821844,0.005193034427625557,,,,,,,,4,0.062629753150619,0.7668649204648458,3.121462106704712,0.9759345701200282,0.020749669217576202,0.28417938336966675,0.10946745562130178,0.15758330738087822,"{""build_tower"":0.15758330738087822,""confirm_card_service_selection"":0.022111491747119277,""continue"":0.28417938336966675,""discard_treasure"":0.0006228589224540642,""place_tower"":0.04375583930239801,""purchase_shop_item"":0.08891311118031765,""remove_tower"":0.02756150731859234,""reroll"":0.10946745562130178,""select_card_service_card"":0.022267206477732792,""select_treasure"":0.017907194020554344,""start_defense"":0.15758330738087822,""use_inventory_item"":0.06804733727810651}",0,0,0,0,3.5711120960000002,37.034940704
original_R1,a1r-r1-p2,79,4,41.806249936421715,40.0,144.9375,,,,,,,0.5174544192959704,0.21470145790329997,0.5209339356848172,10.698530320632452,0.004555099925580309,,,,,,,,4,0.05476190480736217,0.7387885597667524,2.581648349761963,0.9831720139709852,0.015572821230827165,0.31407215753916917,0.1161420152364525,0.1464711801063677,"{""build_tower"":0.1464711801063677,""confirm_card_service_selection"":0.01839873508696277,""continue"":0.31407215753916917,""discard_treasure"":0.0005749604714675866,""place_tower"":0.04556561736380624,""purchase_shop_item"":0.08351300848066695,""remove_tower"":0.026735661923242778,""reroll"":0.1161420152364525,""select_card_service_card"":0.01882995544056346,""select_treasure"":0.0171050740261607,""start_defense"":0.1464711801063677,""use_inventory_item"":0.06612045421877245}",0,0,0,0,3.888657055,41.118653898
original_R1,a1r-r1-p2,80,5,42.47405823071798,42.128448486328125,152.4375,-0.18525055050849915,36.04898139834404,36.23423194885254,56,72,0,0.5490184244586918,0.24423865713567605,0.5725240753642444,11.995470911740426,0.005171673285264566,,,,,,,,4,0.06004718052030637,0.7425455232632572,1.486671805381775,0.9836869558462651,0.01476926130146302,0.3080497471641383,0.1034577012436791,0.14199808664753313,"{""build_tower"":0.14199808664753313,""confirm_card_service_selection"":0.01995353286866202,""continue"":0.3080497471641383,""discard_treasure"":0.0004100041000410004,""place_tower"":0.04305043050430504,""purchase_shop_item"":0.09033757004236709,""remove_tower"":0.043323766570999046,""reroll"":0.1034577012436791,""select_card_service_card"":0.02022686893535602,""select_treasure"":0.016946836135028016,""start_defense"":0.14199808664753313,""use_inventory_item"":0.07024736914035808}",0,0,0,0,4.004139152,43.159512178
original_R1,a1r-r1-p2,81,6,39.22390218575796,37.0660514831543,131.125,,,,,,,0.6165485454231612,0.2713613599412101,0.6077752721309662,12.523574802834284,0.004346709073215607,,,,,,,,4,0.0534729166328907,0.7371613094210625,1.6794706583023071,0.9773122885122337,0.020183510892093182,0.26263107721639656,0.12027327613600254,0.15204957102001906,"{""build_tower"":0.15204957102001906,""confirm_card_service_selection"":0.016205910390848427,""continue"":0.26263107721639656,""discard_treasure"":0.0011121703209405784,""place_tower"":0.04464569431204322,""purchase_shop_item"":0.08373053701938354,""remove_tower"":0.06259930092151256,""reroll"":0.12027327613600254,""select_card_service_card"":0.01636479186526851,""select_treasure"":0.01811248808388942,""start_defense"":0.15204957102001906,""use_inventory_item"":0.07022561169367651}",0,0,0,0,3.527446204,36.038892028
original_R1,a1r-r1-p2,82,7,42.229087471961975,42.12644958496094,154.04166666666666,,,,,,,0.6499765511097291,0.29019311406289705,0.6460796008849966,13.156588048542089,0.0051909703344850885,,,,,,,,4,0.06350636295974255,0.7840460595385782,1.7914789915084839,0.9726670125004931,0.022738338937854458,0.25682986205031105,0.10914254801190154,0.1393021368677306,"{""build_tower"":0.1393021368677306,""confirm_card_service_selection"":0.01988098458209359,""continue"":0.25682986205031105,""discard_treasure"":0.0002704895861509332,""place_tower"":0.04449553692182851,""purchase_shop_item"":0.09142548011901541,""remove_tower"":0.09034352177441168,""reroll"":0.10914254801190154,""select_card_service_card"":0.02015147416824452,""select_treasure"":0.01663510954828239,""start_defense"":0.1393021368677306,""use_inventory_item"":0.07222071950229916}",0,0,0,0,3.9756654830000002,43.342112361
original_R1,a1r-r1-p2,83,8,39.03832264741262,37.99800109863281,131.875,,,,,,,0.6390728587240915,0.2774730736532227,0.6426757282018661,14.047825993958831,0.0052640814063852305,,,,,,,,4,0.0704280074313283,0.8184046167135238,1.765581727027893,0.9814038244697622,0.016799947805702688,0.24139020537124803,0.12116903633491312,0.15102685624012638,"{""build_tower"":0.15102685624012638,""confirm_card_service_selection"":0.02022116903633491,""continue"":0.24139020537124803,""discard_treasure"":0.000315955766192733,""place_tower"":0.04691943127962085,""purchase_shop_item"":0.08578199052132701,""remove_tower"":0.07488151658767772,""reroll"":0.12116903633491312,""select_card_service_card"":0.020695102685624012,""select_treasure"":0.01800947867298578,""start_defense"":0.15102685624012638,""use_inventory_item"":0.06856240126382307}",0,0,0,0,3.489166902,37.525392719
original_R1,a1r-r1-p2,84,9,37.34506038824717,37.423349380493164,128.77083333333334,,,,,,,0.7009638050029627,0.31479238968317896,0.6910831719636917,13.607793298859116,0.007098798332863226,,,,,,,,4,0.08993665546178818,0.9037988182902336,3.1776230335235596,0.9696106577841966,0.0242251774482429,0.22213234104513832,0.12619317262578872,0.1478725125384242,"{""build_tower"":0.1478725125384242,""confirm_card_service_selection"":0.014722536806342015,""continue"":0.22213234104513832,""discard_treasure"":0.0017796473062611229,""place_tower"":0.04546189936903414,""purchase_shop_item"":0.08364342339427278,""remove_tower"":0.10613169390066332,""reroll"":0.12619317262578872,""select_card_service_card"":0.014722536806342015,""select_treasure"":0.017149328587607184,""start_defense"":0.1478725125384242,""use_inventory_item"":0.07231839508170199}",0,0,0,0,3.373318137,34.122110943
original_R1,a1r-r1-p2,85,10,39.246935645739235,37.7091007232666,127.5,1.043871283531189,37.27810323238373,36.23423194885254,73,54,1,0.7010380784580534,0.3046884813403277,0.6737765098611513,13.002561825351854,0.006473022783230438,,,,,,,,4,0.07527248340193182,0.7489696828027567,1.200209379196167,0.9781814447434414,0.017574344237800688,0.23104575163398694,0.12483660130718954,0.1568627450980392,"{""build_tower"":0.1568627450980392,""confirm_card_service_selection"":0.013071895424836602,""continue"":0.23104575163398694,""discard_treasure"":0.0004901960784313725,""place_tower"":0.0457516339869281,""purchase_shop_item"":0.08251633986928104,""remove_tower"":0.08316993464052287,""reroll"":0.12483660130718954,""select_card_service_card"":0.013235294117647059,""select_treasure"":0.018627450980392157,""start_defense"":0.1568627450980392,""use_inventory_item"":0.07352941176470588}",0,0,0,0,3.371147496,34.812845457
original_R1,a1r-r1-p2,86,11,42.625987688700356,42.2995491027832,144.27083333333334,,,,,,,0.6436302384501843,0.2795653870814102,0.6647205022828919,12.863944023024988,0.006975543985845434,,,,,,,,4,0.07156271474169833,0.9434880622263465,11.38309097290039,0.9774758413563769,0.01881046876743702,0.25314079422382674,0.11552346570397112,0.15104693140794223,"{""build_tower"":0.15104693140794223,""confirm_card_service_selection"":0.018628158844765343,""continue"":0.25314079422382674,""discard_treasure"":0.0002888086642599278,""place_tower"":0.04303249097472924,""purchase_shop_item"":0.09126353790613718,""remove_tower"":0.06584837545126354,""reroll"":0.11552346570397112,""select_card_service_card"":0.018628158844765343,""select_treasure"":0.01776173285198556,""start_defense"":0.15104693140794223,""use_inventory_item"":0.07379061371841156}",0,0,0,0,3.828416841,40.676851297
original_R1,a1r-r1-p2,87,12,41.430081288019814,39.99824905395508,141.125,,,,,,,0.6772524930778732,0.28172988004550187,0.6592911432186762,11.727361800593716,0.00575587923723712,,,,,,,,4,0.07209336254055854,0.7869885707343066,1.4189003705978394,0.9813515675585112,0.016077219663808744,0.23929731325656922,0.12341304989666371,0.14909949808089754,"{""build_tower"":0.14909949808089754,""confirm_card_service_selection"":0.024800708591674048,""continue"":0.23929731325656922,""discard_treasure"":0.0007381163271331562,""place_tower"":0.046206082078535576,""purchase_shop_item"":0.09315028048420432,""remove_tower"":0.06141127841747859,""reroll"":0.12341304989666371,""select_card_service_card"":0.025538824918807206,""select_treasure"":0.01756716858576912,""start_defense"":0.14909949808089754,""use_inventory_item"":0.06967818128136995}",0,0,0,0,3.7846939280000003,39.678142397
original_R1,a1r-r1-p2,88,13,39.86010630925497,39.55134963989258,128.54166666666666,,,,,,,0.6562815587110811,0.2689135608222821,0.64041672706604,12.330372790781071,0.005134902925419738,,,,,,,,4,0.06515324529260397,0.9150382098555565,4.87876558303833,0.9817865784549834,0.015555082382634281,0.2385737439222042,0.12901134521880064,0.15883306320907617,"{""build_tower"":0.15883306320907617,""confirm_card_service_selection"":0.01539708265802269,""continue"":0.2385737439222042,""discard_treasure"":0.00113452188006483,""place_tower"":0.0473257698541329,""purchase_shop_item"":0.08508914100486224,""remove_tower"":0.0586709886547812,""reroll"":0.12901134521880064,""select_card_service_card"":0.01572123176661264,""select_treasure"":0.019124797406807132,""start_defense"":0.15883306320907617,""use_inventory_item"":0.07228525121555916}",0,0,0,0,3.414245232,35.803550163
original_R1,a1r-r1-p2,89,14,40.10558724403381,38.58614921569824,125.85416666666667,,,,,,,0.6796241562085406,0.28236570936466737,0.6672799699008465,11.666349810529198,0.005187282877092987,,,,,,,,4,0.06236489835040023,0.775218766493102,1.3978554010391235,0.9804740146847485,0.014565472743318727,0.24035755669591127,0.1337526899519947,0.16255586823373613,"{""build_tower"":0.16255586823373613,""confirm_card_service_selection"":0.012911769574573746,""continue"":0.24035755669591127,""discard_treasure"":0.0011587485515643105,""place_tower"":0.04850190365833471,""purchase_shop_item"":0.07697401092534349,""remove_tower"":0.05926171163714617,""reroll"":0.1337526899519947,""select_card_service_card"":0.013242840589306406,""select_treasure"":0.019036583347127958,""start_defense"":0.16255586823373613,""use_inventory_item"":0.06969044860122496}",0,0,0,0,3.325770333,34.600146945
original_R1,a1r-r1-p2,90,15,42.42381008466085,40.0,138.8125,2.281568765640259,38.5158007144928,36.23423194885254,80,48,0,0.6420449200886145,0.26468168898973166,0.618458901428514,11.096068946349911,0.004816701783696502,,,,,,,,4,0.062040137471976106,0.9235282349917624,9.442909240722656,0.9794296575229594,0.013772190714479183,0.23893141227675221,0.12411826504577518,0.15563559957976889,"{""build_tower"":0.15563559957976889,""confirm_card_service_selection"":0.020561308719795886,""continue"":0.23893141227675221,""discard_treasure"":0.0012006603631997599,""place_tower"":0.046375506528590724,""purchase_shop_item"":0.09530241632898094,""remove_tower"":0.04682575416479064,""reroll"":0.12411826504577518,""select_card_service_card"":0.020711391265195857,""select_treasure"":0.018009905447996397,""start_defense"":0.15563559957976889,""use_inventory_item"":0.07669218069938466}",0,0,0,0,3.748434887,40.470734016
original_R1,a1r-r1-p2,91,16,40.04466454188029,37.525800704956055,122.0,,,,,,,0.6271750253153504,0.259844759621794,0.6274098514214806,10.932926185609855,0.005549122476266981,,,,,,,,4,0.06064999030660028,0.7325156431483186,1.1086797714233398,0.9785822484356801,0.0167919619758006,0.21209016393442623,0.1328551912568306,0.1675204918032787,"{""build_tower"":0.1675204918032787,""confirm_card_service_selection"":0.017930327868852458,""continue"":0.21209016393442623,""discard_treasure"":0.0011953551912568306,""place_tower"":0.04815573770491803,""purchase_shop_item"":0.08709016393442623,""remove_tower"":0.05362021857923497,""reroll"":0.1328551912568306,""select_card_service_card"":0.018271857923497267,""select_treasure"":0.020150273224043717,""start_defense"":0.1675204918032787,""use_inventory_item"":0.07359972677595629}",0,0,0,0,3.346568612,35.292621202
original_R1,a1r-r1-p2,92,17,41.65218532085419,40.36994934082031,131.52083333333334,,,,,,,0.6163888726883083,0.25334146791010426,0.5976090788841247,10.680599624130872,0.0057914735163694785,,,,,,,,4,0.07321075258776545,0.7297258460521698,1.6894311904907227,0.9767820101783551,0.017551429709419607,0.21226041501663234,0.145414224615872,0.16077934421035958,"{""build_tower"":0.16077934421035958,""confirm_card_service_selection"":0.018216378900681136,""continue"":0.21226041501663234,""discard_treasure"":0.0009504197687311896,""place_tower"":0.04815460161571361,""purchase_shop_item"":0.0917155076825598,""remove_tower"":0.046887375257405356,""reroll"":0.145414224615872,""select_card_service_card"":0.018533185490258196,""select_treasure"":0.019166798669412323,""start_defense"":0.16077934421035958,""use_inventory_item"":0.07714240456201489}",0,0,0,0,3.838025683,39.094437599
original_R1,a1r-r1-p2,93,18,40.337985356648765,37.812599182128906,123.85416666666667,,,,,,,0.6149310323858098,0.24986810725827413,0.6055514346808195,11.31097584886829,0.005668927339208096,,,,,,,,4,0.06695092632435262,0.7748970088238517,1.4343771934509277,0.9789605475879972,0.01798054331447929,0.21328847771236334,0.13658536585365855,0.16585365853658537,"{""build_tower"":0.16585365853658537,""confirm_card_service_selection"":0.01984861227922624,""continue"":0.21328847771236334,""discard_treasure"":0.0008410428931875525,""place_tower"":0.05180824222035324,""purchase_shop_item"":0.08847771236333053,""remove_tower"":0.04676198486122792,""reroll"":0.13658536585365855,""select_card_service_card"":0.020185029436501262,""select_treasure"":0.01951219512195122,""start_defense"":0.16585365853658537,""use_inventory_item"":0.07098402018502943}",0,0,0,0,3.439513997,35.481694513
original_R1,a1r-r1-p2,94,19,42.08714393774668,39.62179946899414,140.60416666666666,,,,,,,0.6171958990245267,0.2644017349702991,0.604226541739923,10.832884603209722,0.005963195877972827,,,,,,,,4,0.06593060852200897,0.7547154909482708,2.7228574752807617,0.9808083806966015,0.016846929219792837,0.25425989035412655,0.128315305971255,0.15246703215291155,"{""build_tower"":0.15246703215291155,""confirm_card_service_selection"":0.020299303600533412,""continue"":0.25425989035412655,""discard_treasure"":0.00044451029782189953,""place_tower"":0.044451029782189955,""purchase_shop_item"":0.08697584827381834,""remove_tower"":0.05200770484516225,""reroll"":0.128315305971255,""select_card_service_card"":0.02133649429545118,""select_treasure"":0.01748407171432805,""start_defense"":0.15246703215291155,""use_inventory_item"":0.06949177655949029}",0,0,0,0,3.835150663,41.211609975
original_R1,a1r-r1-p2,95,20,40.10246233145396,38.53404998779297,130.9375,1.3452625572681427,37.57949450612068,36.23423194885254,77,51,0,0.5751376832127509,0.2300992253656473,0.5693810957670212,10.87829131870751,0.004351004168565851,,,,,,,,4,0.05587655134499073,0.6996061491966248,1.185646891593933,0.9763199329684076,0.019192261481657626,0.25011933174224343,0.14685759745425617,0.156563245823389,"{""build_tower"":0.156563245823389,""confirm_card_service_selection"":0.02100238663484487,""continue"":0.25011933174224343,""discard_treasure"":0.0011137629276054097,""place_tower"":0.04964200477326969,""purchase_shop_item"":0.08400954653937948,""remove_tower"":0.03007159904534606,""reroll"":0.14685759745425617,""select_card_service_card"":0.021479713603818614,""select_treasure"":0.018297533810660304,""start_defense"":0.156563245823389,""use_inventory_item"":0.06428003182179794}",0,0,0,0,3.641336924,38.310730216
original_R1,a1r-r1-p2,96,21,41.658089558283486,39.25015068054199,144.72916666666666,,,,,,,0.5823978256263276,0.24408856814304852,0.5962020557905946,11.3735139925166,0.00558434348168443,,,,,,,,4,0.06398278062364884,0.7444388504539218,2.613132953643799,0.9838882047648283,0.014711571433248796,0.28587879660285015,0.12451417878220815,0.146682021016266,"{""build_tower"":0.146682021016266,""confirm_card_service_selection"":0.020584424931625163,""continue"":0.28587879660285015,""discard_treasure"":0.0002878940549877645,""place_tower"":0.04591910177054844,""purchase_shop_item"":0.08449690513890888,""remove_tower"":0.042752267165683026,""reroll"":0.12451417878220815,""select_card_service_card"":0.020872318986612928,""select_treasure"":0.016841802216784222,""start_defense"":0.146682021016266,""use_inventory_item"":0.06448826831725925}",0,0,0,0,3.787532534,41.72672236
original_R1,a1r-r1-p2,97,22,41.19487285614014,39.35340118408203,143.66666666666666,,,,,,,0.5916619190744409,0.2573570754331317,0.5924220570811519,12.49542340946462,0.004257670719973113,,,,,,,,4,0.05234375002759474,0.7159963815852448,1.569571852684021,0.9828194648218574,0.01509776474321606,0.2861078886310905,0.11919953596287702,0.1458816705336427,"{""build_tower"":0.1458816705336427,""confirm_card_service_selection"":0.019721577726218097,""continue"":0.2861078886310905,""discard_treasure"":0.001160092807424594,""place_tower"":0.04973897911832947,""purchase_shop_item"":0.08294663573085846,""remove_tower"":0.04698375870069606,""reroll"":0.11919953596287702,""select_card_service_card"":0.02015661252900232,""select_treasure"":0.017111368909512762,""start_defense"":0.1458816705336427,""use_inventory_item"":0.06511020881670533}",0,0,0,0,3.7936161520000002,41.515908879
original_R1,a1r-r1-p2,98,23,42.172879020373024,39.33650016784668,149.83333333333334,,,,,,,0.6283789350233172,0.27553838363352817,0.6245187443905863,12.374074960365784,0.005181494252924338,,,,,,,,4,0.064183728512505,0.8411488021756041,3.77217960357666,0.9812543982945403,0.014174436829213438,0.2718298109010011,0.11874304783092325,0.14349276974416017,"{""build_tower"":0.14349276974416017,""confirm_card_service_selection"":0.020161290322580645,""continue"":0.2718298109010011,""discard_treasure"":0.0008342602892102336,""place_tower"":0.04338153503893215,""purchase_shop_item"":0.08898776418242492,""remove_tower"":0.06173526140155729,""reroll"":0.11874304783092325,""select_card_service_card"":0.020439377085650724,""select_treasure"":0.016546162402669633,""start_defense"":0.14349276974416017,""use_inventory_item"":0.0703559510567297}",0,0,0,0,3.883712477,42.685094393
original_R1,a1r-r1-p2,99,24,41.57671654224396,40.0,151.0625,,,,,,,0.6142916137221738,0.2844391588676817,0.5996297428320194,12.854396727765069,0.005553103118504153,,,,,,,,4,0.062091036539139416,0.7724413907733457,1.983405351638794,0.9833014260866505,0.013865904810292453,0.298303682250724,0.11253620190318576,0.1403944283547097,"{""build_tower"":0.1403944283547097,""confirm_card_service_selection"":0.01641152944421459,""continue"":0.298303682250724,""discard_treasure"":0.0011032960970900566,""place_tower"":0.0420631637015584,""purchase_shop_item"":0.08343676734243552,""remove_tower"":0.06288787753413322,""reroll"":0.11253620190318576,""select_card_service_card"":0.016687353468487105,""select_treasure"":0.01641152944421459,""start_defense"":0.1403944283547097,""use_inventory_item"":0.06936974210453731}",0,0,0,0,3.7805218160000003,41.166097043
original_R1,a1r-r1-p2,100,25,40.748116532961525,39.81614875793457,136.35416666666666,2.802862599492073,39.03709454834461,36.23423194885254,86,42,0,0.6313106438288193,0.27690698812525394,0.6406403023463029,12.107040982529137,0.005135769294178352,,,,,,,,4,0.06181847852153274,0.7368051352409216,1.318969488143921,0.9832777326420862,0.015596237194796022,0.2620320855614973,0.13292589763177998,0.1523300229182582,"{""build_tower"":0.1523300229182582,""confirm_card_service_selection"":0.017876241405653172,""continue"":0.2620320855614973,""discard_treasure"":0.0016806722689075631,""place_tower"":0.0427807486631016,""purchase_shop_item"":0.08097784568372804,""remove_tower"":0.053934300993124525,""reroll"":0.13292589763177998,""select_card_service_card"":0.018029029793735676,""select_treasure"":0.017876241405653172,""start_defense"":0.1523300229182582,""use_inventory_item"":0.06722689075630252}",0,0,0,0,3.621462138,37.628445783
original_R1,a1r-r1-p2,101,26,40.051175117492676,38.93945121765137,134.8125,,,,,,,0.6579160430477472,0.2776410839244129,0.6454000839820275,12.413043998216242,0.005647500138243581,,,,,,,,4,0.07169746238595018,0.7485995971812651,1.2486211061477661,0.9828836686258234,0.01356650167144835,0.2590016998918251,0.12641013753670222,0.1512903724308453,"{""build_tower"":0.1512903724308453,""confirm_card_service_selection"":0.019471488178025034,""continue"":0.2590016998918251,""discard_treasure"":0.0009272137227630969,""place_tower"":0.046669757379075874,""purchase_shop_item"":0.0871580899397311,""remove_tower"":0.049915005408746715,""reroll"":0.12641013753670222,""select_card_service_card"":0.01978055941894607,""select_treasure"":0.018235203214340905,""start_defense"":0.1512903724308453,""use_inventory_item"":0.0698501004481533}",0,0,0,0,3.6256118109999997,38.427917331
original_R1,a1r-r1-p2,102,27,40.60785416762034,38.68210029602051,141.77083333333334,,,,,,,0.6387890744359942,0.2788621482759809,0.6360711477420948,12.65097126362995,0.005095674757117026,,,,,,,,4,0.06394991485608949,0.7543282801354373,1.2058252096176147,0.9828862002945551,0.014209408537243251,0.28479059515062455,0.11432770022042615,0.1462160176340926,"{""build_tower"":0.1462160176340926,""confirm_card_service_selection"":0.019838354151359296,""continue"":0.28479059515062455,""discard_treasure"":0.000881704628949302,""place_tower"":0.042909625275532694,""purchase_shop_item"":0.08655400440852315,""remove_tower"":0.05231447465099192,""reroll"":0.11432770022042615,""select_card_service_card"":0.020279206465833945,""select_treasure"":0.017193240264511387,""start_defense"":0.1462160176340926,""use_inventory_item"":0.06847905951506246}",0,0,0,0,3.682941059,39.624721103
original_R1,a1r-r1-p2,103,28,42.980000019073486,42.43499946594238,152.16666666666666,,,,,,,0.6459879227678491,0.28303684297352255,0.6331433145136669,12.218021643740247,0.004986591548129519,,,,,,,,4,0.06201469005438788,0.778158363854063,1.359143614768982,0.984238238023372,0.012995113542399787,0.2834063526834611,0.12335706462212487,0.14416757940854327,"{""build_tower"":0.14416757940854327,""confirm_card_service_selection"":0.019304490690032858,""continue"":0.2834063526834611,""discard_treasure"":0.0013691128148959474,""place_tower"":0.044906900328587074,""purchase_shop_item"":0.08502190580503834,""remove_tower"":0.05079408543263965,""reroll"":0.12335706462212487,""select_card_service_card"":0.019715224534501644,""select_treasure"":0.017113910186199344,""start_defense"":0.14416757940854327,""use_inventory_item"":0.06667579408543264}",0,0,0,0,4.085609636,45.135649631
original_R1,a1r-r1-p2,104,29,41.9102375904719,42.5140495300293,153.97916666666666,,,,,,,0.6131327634160414,0.2702086521768064,0.607538185756782,12.520974006293857,0.006009600085737224,,,,,,,,4,0.06894649035329449,0.6955579054252855,1.4174680709838867,0.9854497960191412,0.013991206587324369,0.3122716817751319,0.1298877012582871,0.1384115816533622,"{""build_tower"":0.1384115816533622,""confirm_card_service_selection"":0.017994858611825194,""continue"":0.3122716817751319,""discard_treasure"":0.00013529968881071573,""place_tower"":0.04167230415370045,""purchase_shop_item"":0.08145041266405087,""remove_tower"":0.039101610066296845,""reroll"":0.1298877012582871,""select_card_service_card"":0.01813015830063591,""select_treasure"":0.016641861723718034,""start_defense"":0.1384115816533622,""use_inventory_item"":0.06589094845081857}",0,0,0,0,3.897554456,42.604695055
original_R1,a1r-r1-p2,105,30,43.60157914956411,43.73604965209961,156.9375,1.7626696825027466,37.996901631355286,36.23423194885254,79,49,0,0.6265336673131275,0.2740282266451317,0.6396802534659703,13.021209530254556,0.00534043272573399,,,,,,,,4,0.06539086389044921,0.7402849448223908,1.4829137325286865,0.9835722612691272,0.013518266306103517,0.29364131156245854,0.12850126111774857,0.14111243860347802,"{""build_tower"":0.14111243860347802,""confirm_card_service_selection"":0.019115890083632018,""continue"":0.29364131156245854,""discard_treasure"":0.0009292446568432231,""place_tower"":0.041417761847869376,""purchase_shop_item"":0.08681800079649542,""remove_tower"":0.04261250497809638,""reroll"":0.12850126111774857,""select_card_service_card"":0.019779636267091463,""select_treasure"":0.016593654586486126,""start_defense"":0.14111243860347802,""use_inventory_item"":0.06836585689632285}",0,0,0,0,4.023047743,45.385987786
original_R1,a1r-r1-p2,106,31,42.347968657811485,41.100650787353516,156.70833333333334,,,,,,,0.6182317496201073,0.28327730057502665,0.621101550757885,12.809797944898193,0.004717399590375256,,,,,,,,4,0.0585133663068215,0.7702165784935157,1.6156432628631592,0.9855845003630269,0.011579256365075707,0.324647700079766,0.12390321722946025,0.13706461047593724,"{""build_tower"":0.13706461047593724,""confirm_card_service_selection"":0.014224940175485243,""continue"":0.324647700079766,""discard_treasure"":0.0014623770273863334,""place_tower"":0.04054772666843925,""purchase_shop_item"":0.08016484977399628,""remove_tower"":0.0425418771603297,""reroll"":0.12390321722946025,""select_card_service_card"":0.014490826907737304,""select_treasure"":0.016086147301249666,""start_defense"":0.13706461047593724,""use_inventory_item"":0.06780111672427545}",0,0,0,0,3.982950541,42.405102999
original_R1,a1r-r1-p2,107,32,41.84064781665802,39.63895034790039,160.3125,,,,,,,0.5817813104874471,0.2659975227164325,0.5837188581785848,13.094015453984426,0.005679639843507293,,,,,,,,4,0.06348076282489684,0.7981371384474539,8.511579513549805,0.9862371853887586,0.01096544208966436,0.3542560103963613,0.11825860948667966,0.13307342430149446,"{""build_tower"":0.13307342430149446,""confirm_card_service_selection"":0.018323586744639377,""continue"":0.3542560103963613,""discard_treasure"":0.0007797270955165692,""place_tower"":0.03651721897335932,""purchase_shop_item"":0.07459389213775179,""remove_tower"":0.03781676413255361,""reroll"":0.11825860948667966,""select_card_service_card"":0.01871345029239766,""select_treasure"":0.015464587394411956,""start_defense"":0.13307342430149446,""use_inventory_item"":0.05912930474333983}",0,0,0,0,3.907645037,45.626380459
original_R1,a1r-r1-p2,108,33,43.85802070299784,43.2060489654541,175.41666666666666,,,,,,,0.5767200311478172,0.2624064641242431,0.5785506503148512,12.7632208622323,0.004285639451567972,,,,,,,,4,0.05492424239602053,0.7185836998802243,1.6485471725463867,0.9825588614297709,0.014588789019564336,0.35950118764845607,0.12090261282660332,0.12719714964370546,"{""build_tower"":0.12719714964370546,""confirm_card_service_selection"":0.020546318289786224,""continue"":0.35950118764845607,""discard_treasure"":0.00047505938242280285,""place_tower"":0.03729216152019002,""purchase_shop_item"":0.07743467933491686,""remove_tower"":0.03574821852731591,""reroll"":0.12090261282660332,""select_card_service_card"":0.021021377672209025,""select_treasure"":0.01496437054631829,""start_defense"":0.12719714964370546,""use_inventory_item"":0.05771971496437055}",0,0,0,0,4.277240303,49.200762425
original_R1,a1r-r1-p2,109,34,43.000993967056274,43.03610038757324,162.04166666666666,,,,,,,0.6047616883762759,0.26903832193542,0.6094180701240417,13.923842582764115,0.005830909778465397,,,,,,,,4,0.05998626768949532,0.7530064775097755,1.3474315404891968,0.986337165444372,0.012513179797679186,0.3278477757778349,0.13525327847775778,0.13461043970172282,"{""build_tower"":0.13461043970172282,""confirm_card_service_selection"":0.01799948572897917,""continue"":0.3278477757778349,""discard_treasure"":0.0003857032656209823,""place_tower"":0.0370275134996143,""purchase_shop_item"":0.07778349190023143,""remove_tower"":0.039213165338133196,""reroll"":0.13525327847775778,""select_card_service_card"":0.018128053484186165,""select_treasure"":0.016070969400874262,""start_defense"":0.13461043970172282,""use_inventory_item"":0.06106968372332219}",0,0,0,0,4.063475024,45.940989493000004
original_R1,a1r-r1-p2,110,35,42.368974924087524,40.73004913330078,168.72916666666666,2.5328588038682938,38.76709075272083,36.23423194885254,81,47,0,0.6052162206001568,0.2691591424641103,0.6138476422056556,14.050700278805152,0.00519520041297028,,,,,,,,4,0.05902436614269391,0.7143154675140977,1.5609885454177856,0.9817279645224355,0.015318385638238396,0.34485738980121,0.13631312507717003,0.12779355475984688,"{""build_tower"":0.12779355475984688,""confirm_card_service_selection"":0.01654525250030868,""continue"":0.34485738980121,""discard_treasure"":0.0003704161007531794,""place_tower"":0.041116187183602916,""purchase_shop_item"":0.07124336337819484,""remove_tower"":0.04531423632547228,""reroll"":0.13631312507717003,""select_card_service_card"":0.016792196567477467,""select_treasure"":0.014816644030127175,""start_defense"":0.12779355475984688,""use_inventory_item"":0.05704407951598963}",0,0,0,0,4.378629052,47.585472906
original_R1,a1r-r1-p2,111,36,40.81633106867472,37.81414985656738,159.64583333333334,,,,,,,0.6314998983812785,0.2761573316667435,0.6405827010671298,13.789413786411117,0.006285149417332529,,,,,,,,4,0.07126754273970921,0.780695251127084,1.4337835311889648,0.9864233274154837,0.011269685963634401,0.32337204750097875,0.15450867806342164,0.13023619992170168,"{""build_tower"":0.13023619992170168,""confirm_card_service_selection"":0.019835573535168995,""continue"":0.32337204750097875,""discard_treasure"":0.0010439775544825785,""place_tower"":0.036669711601200576,""purchase_shop_item"":0.07346992039671148,""remove_tower"":0.03901866109878638,""reroll"":0.15450867806342164,""select_card_service_card"":0.020357562312410284,""select_treasure"":0.014876680151376746,""start_defense"":0.13023619992170168,""use_inventory_item"":0.056374787942059246}",0,0,0,0,4.03989382,45.326830077
original_R1,a1r-r1-p2,112,37,42.9569833278656,42.297149658203125,166.95833333333334,,,,,,,0.6077026303111952,0.2697933701149631,0.6182156964205205,14.382266183562967,0.005938276363337991,,,,,,,,4,0.06908944944734685,0.7781543307937682,1.7361202239990234,0.9845789074185881,0.013116413578245556,0.33578737209882703,0.15472922385824806,0.1308959321187921,"{""build_tower"":0.1308959321187921,""confirm_card_service_selection"":0.015348140753681058,""continue"":0.33578737209882703,""discard_treasure"":0.0007486897928624906,""place_tower"":0.03618667332168705,""purchase_shop_item"":0.07324681806838033,""remove_tower"":0.03132018966808086,""reroll"":0.15472922385824806,""select_card_service_card"":0.015722485650112302,""select_treasure"":0.015472922385824806,""start_defense"":0.1308959321187921,""use_inventory_item"":0.059645620164711755}",0,0,0,0,4.192844251,47.052391175
original_R1,a1r-r1-p2,113,38,42.93706464767456,42.43614959716797,173.25,,,,,,,0.6216368834619691,0.2653953778734185,0.6171636048591498,14.185376142166175,0.005467916306977052,,,,,,,,4,0.05821095271544023,0.7618202682245862,1.833158254623413,0.9853371062844907,0.01223135143730112,0.3407888407888408,0.15596440596440597,0.12614237614237614,"{""build_tower"":0.12614237614237614,""confirm_card_service_selection"":0.020081770081770083,""continue"":0.3407888407888408,""discard_treasure"":0.0016835016835016834,""place_tower"":0.034151034151034154,""purchase_shop_item"":0.07142857142857142,""remove_tower"":0.03583453583453584,""reroll"":0.15596440596440597,""select_card_service_card"":0.02032227032227032,""select_treasure"":0.01467051467051467,""start_defense"":0.12614237614237614,""use_inventory_item"":0.05278980278980279}",0,0,0,0,4.276999729,49.839188321
original_R1,a1r-r1-p2,114,39,41.826395750045776,42.680599212646484,156.83333333333334,,,,,,,0.6556495520322778,0.26209283422626595,0.6534408584237099,13.840579506918855,0.005272848572531075,,,,,,,,4,0.06061197922875484,0.7466759967307249,1.1767114400863647,0.9846407507843599,0.013045959974018235,0.2976886291179596,0.1752125398512221,0.13602550478214664,"{""build_tower"":0.13602550478214664,""confirm_card_service_selection"":0.018464399574920298,""continue"":0.2976886291179596,""discard_treasure"":0.0005313496280552603,""place_tower"":0.03653028692879915,""purchase_shop_item"":0.07186503719447396,""remove_tower"":0.035201912858661,""reroll"":0.1752125398512221,""select_card_service_card"":0.01873007438894793,""select_treasure"":0.01647183846971307,""start_defense"":0.13602550478214664,""use_inventory_item"":0.0572529224229543}",0,0,0,0,4.035186318,44.774837239
original_R1,a1r-r1-p2,115,40,42.60799157619476,39.773048400878906,158.45833333333334,4.731196224689484,40.96542817354202,36.23423194885254,106,22,0,0.6599043240446546,0.25164320041069355,0.6711788614590962,13.861440457088044,0.004792037938481523,,,,,,,,4,0.06076007333273689,0.7697220541536808,1.2381802797317505,0.9847607039327211,0.01292354481605192,0.28161977386273995,0.18577438864054693,0.13673415724428084,"{""build_tower"":0.13673415724428084,""confirm_card_service_selection"":0.018800946621088614,""continue"":0.28161977386273995,""discard_treasure"":0.0007888509071785432,""place_tower"":0.039574020510123584,""purchase_shop_item"":0.07678148829871155,""remove_tower"":0.028267157507231133,""reroll"":0.18577438864054693,""select_card_service_card"":0.01893242177228504,""select_treasure"":0.015382592689981593,""start_defense"":0.13673415724428084,""use_inventory_item"":0.06061004470155141}",0,0,0,0,4.210591637,45.576214326
original_R1,a1r-r1-p2,116,41,42.11490213871002,42.037851333618164,158.14583333333334,,,,,,,0.6648415552610301,0.2589500199317943,0.6421671698490778,13.328004507095143,0.0053749355335943015,,,,,,,,4,0.06672241458048424,0.766402913381656,1.3789864778518677,0.9866023950908499,0.012477786738115053,0.28085891186931894,0.18798577262547753,0.13555526281122382,"{""build_tower"":0.13555526281122382,""confirm_card_service_selection"":0.016862073508101698,""continue"":0.28085891186931894,""discard_treasure"":0.0009221446449743117,""place_tower"":0.0408378342774338,""purchase_shop_item"":0.0781188249242524,""remove_tower"":0.026873929653537083,""reroll"":0.18798577262547753,""select_card_service_card"":0.016993808457383745,""select_treasure"":0.01607166381240943,""start_defense"":0.13555526281122382,""use_inventory_item"":0.06336451060466342}",0,0,0,0,4.30554769,45.232490992
original_R1,a1r-r1-p2,117,42,43.341360330581665,42.85865020751953,174.5,,,,,,,0.5993218182563983,0.2273170881194051,0.6038127216425809,14.157904760487096,0.005560721372810142,,,,,,,,4,0.06479537218922016,0.7834205099127509,1.4398295879364014,0.9867546870810269,0.011411444100579529,0.33715377268385865,0.18218720152817575,0.12667144221585483,"{""build_tower"":0.12667144221585483,""confirm_card_service_selection"":0.016356255969436486,""continue"":0.33715377268385865,""discard_treasure"":0.0004775549188156638,""place_tower"":0.03319006685768863,""purchase_shop_item"":0.07115568290353391,""remove_tower"":0.01886341929321872,""reroll"":0.18218720152817575,""select_card_service_card"":0.01683381088825215,""select_treasure"":0.014804202483285577,""start_defense"":0.12667144221585483,""use_inventory_item"":0.05563514804202483}",0,0,0,0,4.458415014,51.842935682
original_R1,a1r-r1-p2,118,43,42.67435836791992,40.65984916687012,173.66666666666666,,,,,,,0.618016437160744,0.22463774892672086,0.6231491579250856,14.408893660665596,0.005032328441398987,,,,,,,,4,0.05854771679944613,0.7747124715736418,2.0808303356170654,0.9865762714806656,0.011872426998293535,0.3283349328214971,0.1835412667946257,0.1246401151631478,"{""build_tower"":0.1246401151631478,""confirm_card_service_selection"":0.021833013435700575,""continue"":0.3283349328214971,""discard_treasure"":0.0011996161228406909,""place_tower"":0.03466890595009597,""purchase_shop_item"":0.07161708253358925,""remove_tower"":0.020873320537428023,""reroll"":0.1835412667946257,""select_card_service_card"":0.02231285988483685,""select_treasure"":0.01463531669865643,""start_defense"":0.1246401151631478,""use_inventory_item"":0.05170345489443378}",0,0,0,0,4.489405264,48.99031305
original_R1,a1r-r1-p2,119,44,42.792014479637146,42.40275001525879,177.4375,,,,,,,0.6320019808083139,0.23381950449344432,0.6236004947739489,13.714068241170361,0.006106634730713267,,,,,,,,4,0.07169242531937711,0.8211210212286781,2.138345241546631,0.9886884884518337,0.010948101291432977,0.3278149583186568,0.18868146060819538,0.12281319713514148,"{""build_tower"":0.12281319713514148,""confirm_card_service_selection"":0.019138194199835624,""continue"":0.3278149583186568,""discard_treasure"":0.0014089468122578373,""place_tower"":0.03381472349418809,""purchase_shop_item"":0.07455676881531055,""remove_tower"":0.018903369731125982,""reroll"":0.18868146060819538,""select_card_service_card"":0.019255606434190442,""select_treasure"":0.014559117059997653,""start_defense"":0.12281319713514148,""use_inventory_item"":0.05624046025595867}",0,0,0,0,4.475388971,50.626324178
original_R1,a1r-r1-p2,120,45,41.853768825531006,40.910600662231445,168.375,3.436875194311142,39.67110714316368,36.23423194885254,92,36,0,0.6136309114866467,0.2224230321055911,0.6110466122627258,14.329997214304024,0.006108326403591491,,,,,,,,4,0.06731759684043936,0.7206629861611873,1.417030930519104,0.989908518070938,0.009402140029123984,0.3428606780499876,0.18893838158871568,0.12583518930957685,"{""build_tower"":0.12583518930957685,""confirm_card_service_selection"":0.016951249690670626,""continue"":0.3428606780499876,""discard_treasure"":0.0011135857461024498,""place_tower"":0.03353130413264044,""purchase_shop_item"":0.06656768126701311,""remove_tower"":0.013857955951497154,""reroll"":0.18893838158871568,""select_card_service_card"":0.017198713189804503,""select_treasure"":0.014847809948032665,""start_defense"":0.12583518930957685,""use_inventory_item"":0.05246226181638208}",0,0,0,0,4.287324635,48.583250014
original_R1,a1r-r1-p2,121,46,40.71059374014536,39.38154983520508,162.58333333333334,,,,,,,0.6213958331528072,0.23403863773488892,0.6201128546268709,14.631675030670026,0.004938903868459156,,,,,,,,4,0.06030502074187802,0.7807020468096579,1.2852084636688232,0.9898531192422785,0.008543111763203578,0.34123526396719633,0.18195797027165556,0.12762685802152743,"{""build_tower"":0.12762685802152743,""confirm_card_service_selection"":0.018708354689902614,""continue"":0.34123526396719633,""discard_treasure"":0.0011532547411583804,""place_tower"":0.032419272168118914,""purchase_shop_item"":0.06509482316760636,""remove_tower"":0.021911840082009228,""reroll"":0.18195797027165556,""select_card_service_card"":0.018964633521271142,""select_treasure"":0.015248590466427472,""start_defense"":0.12762685802152743,""use_inventory_item"":0.04805228088159918}",0,0,0,0,4.146941188,46.185653955
original_R1,a1r-r1-p2,122,47,44.97860026359558,44.14534950256348,183.39583333333334,,,,,,,0.6599010164207849,0.23572616430038165,0.6657273241451809,15.105664359690786,0.005946966610281379,,,,,,,,4,0.06964257535125529,0.8347304887005261,1.9120880365371704,0.9875775497567674,0.011056205138031926,0.32432125411791435,0.1901624446211519,0.12473020561172328,"{""build_tower"":0.12473020561172328,""confirm_card_service_selection"":0.017266840849710325,""continue"":0.32432125411791435,""discard_treasure"":0.0010223787345223219,""place_tower"":0.036237646256957856,""purchase_shop_item"":0.07213449960240827,""remove_tower"":0.0218107463364762,""reroll"":0.1901624446211519,""select_card_service_card"":0.017266840849710325,""select_treasure"":0.014767692831989095,""start_defense"":0.12473020561172328,""use_inventory_item"":0.05554924457571282}",0,0,0,0,4.7848822030000004,52.632113757
original_R1,a1r-r1-p2,123,48,45.22732702891032,43.823251724243164,184.04166666666666,,,,,,,0.6461950562627198,0.24106144345214037,0.6452413759061268,14.525613253137164,0.0050465203142461435,,,,,,,,4,0.05432434756574886,0.7821314971361841,1.962855577468872,0.9889142131197827,0.010004518623463809,0.3236359520036224,0.1841747792619425,0.12485850124518905,"{""build_tower"":0.12485850124518905,""confirm_card_service_selection"":0.02082861670817297,""continue"":0.3236359520036224,""discard_treasure"":0.0014715870500339597,""place_tower"":0.03316730812768848,""purchase_shop_item"":0.07493774054788317,""remove_tower"":0.020715417704324203,""reroll"":0.1841747792619425,""select_card_service_card"":0.020941815712021736,""select_treasure"":0.014829069504188363,""start_defense"":0.12485850124518905,""use_inventory_item"":0.05558071088974417}",0,0,0,0,4.724683242,52.648554596
original_R1,a1r-r1-p2,124,49,42.54299783706665,40.0,164.97916666666666,,,,,,,0.684211647662238,0.2386155624094761,0.6745304388384665,15.424876227354483,0.006458246399622494,,,,,,,,4,0.07422481318034473,0.8397751561095638,1.6878787279129028,0.9883402773823041,0.009856877705803322,0.3090036620785453,0.18764995580250032,0.13158227048869806,"{""build_tower"":0.13158227048869806,""confirm_card_service_selection"":0.02083596413688597,""continue"":0.3090036620785453,""discard_treasure"":0.0005051142821063266,""place_tower"":0.034474049753756786,""purchase_shop_item"":0.06983204950119964,""remove_tower"":0.027528728374794798,""reroll"":0.18764995580250032,""select_card_service_card"":0.02096224270741255,""select_treasure"":0.015027149892663214,""start_defense"":0.13158227048869806,""use_inventory_item"":0.05101654249273898}",0,0,0,0,4.223971231,48.160217981
original_R1,a1r-r1-p2,125,50,41.97381862004598,41.9731502532959,172.1875,4.2114109843969345,40.445642933249474,36.23423194885254,96,32,0,0.6907712548694215,0.24464754227179872,0.6946371947274064,15.634886637088034,0.006450162628370339,,,,,,,,4,0.07657522894442081,0.8524861645066377,2.466688632965088,0.9895876558094743,0.00927283445366122,0.31881427707199034,0.18584392014519055,0.12401693889897157,"{""build_tower"":0.12401693889897157,""confirm_card_service_selection"":0.019479733817301875,""continue"":0.31881427707199034,""discard_treasure"":0.0019358741681790683,""place_tower"":0.03581367211131276,""purchase_shop_item"":0.06860254083484574,""remove_tower"":0.03581367211131276,""reroll"":0.18584392014519055,""select_card_service_card"":0.01984271022383545,""select_treasure"":0.014761040532365396,""start_defense"":0.12401693889897157,""use_inventory_item"":0.051058681185722925}",0,0,0,0,4.494631194,49.430014453
original_R1,a1r-r1-p2,126,51,40.79114580154419,39.34230041503906,169.125,,,,,,,0.6920285034964754,0.24872820364231055,0.7062151995487511,15.490308391815661,0.006906538761555225,,,,,,,,4,0.07633754191920161,0.8907792081590742,1.695178747177124,0.9883105170764157,0.010257575577270472,0.3244641537324464,0.17935452081793546,0.12219758561221976,"{""build_tower"":0.12219758561221976,""confirm_card_service_selection"":0.02044838630204484,""continue"":0.3244641537324464,""discard_treasure"":0.0007390983000739098,""place_tower"":0.03609263365360926,""purchase_shop_item"":0.0713229859571323,""remove_tower"":0.03535353535353535,""reroll"":0.17935452081793546,""select_card_service_card"":0.020694752402069475,""select_treasure"":0.014289233801428923,""start_defense"":0.12219758561221976,""use_inventory_item"":0.052845528455284556}",0,0,0,0,4.289094542,48.411157299
original_R1,a1r-r1-p2,127,52,44.313055992126465,43.41604995727539,189.60416666666666,,,,,,,0.633016854767587,0.23661689811042327,0.6365866454111205,14.62268090838641,0.005147892433493932,,,,,,,,4,0.061496887925184436,0.8034453702469667,1.693888545036316,0.9890729910051613,0.009075005056931533,0.3589715415888364,0.16196022415119218,0.11888803428194704,"{""build_tower"":0.11888803428194704,""confirm_card_service_selection"":0.022085485111526207,""continue"":0.3589715415888364,""discard_treasure"":0.0001098780353807274,""place_tower"":0.03307328864959894,""purchase_shop_item"":0.07164047906823426,""remove_tower"":0.02790902098670476,""reroll"":0.16196022415119218,""select_card_service_card"":0.022524997253049114,""select_treasure"":0.014064388528733106,""start_defense"":0.11888803428194704,""use_inventory_item"":0.04988462806285024}",0,0,0,0,4.775355537,53.315970195
original_R1,a1r-r1-p2,128,53,43.269343773523964,42.03919982910156,186.83333333333334,,,,,,,0.6337058662331001,0.24745754569754197,0.6393705380873548,14.708274301915186,0.005916727695585501,,,,,,,,4,0.07118055555555555,0.9398800020830499,3.3698606491088867,0.9888324616140093,0.010287248542428844,0.36306868867082964,0.15934433541480822,0.11786351471900089,"{""build_tower"":0.11786351471900089,""confirm_card_service_selection"":0.02297056199821588,""continue"":0.36306868867082964,""discard_treasure"":0.0011150758251561106,""place_tower"":0.029884032114183764,""purchase_shop_item"":0.07192239072256913,""remove_tower"":0.029438001784121322,""reroll"":0.15934433541480822,""select_card_service_card"":0.023528099910793934,""select_treasure"":0.013938447814451383,""start_defense"":0.11786351471900089,""use_inventory_item"":0.04906333630686887}",0,0,0,0,4.644987736,53.877044504
original_R1,a1r-r1-p2,129,54,42.22743328412374,41.73554992675781,182.35416666666666,,,,,,,0.622502290497049,0.23507816078534866,0.6291165024042129,15.01351052238677,0.005059114268624399,,,,,,,,4,0.061719888847853455,0.8038199424743653,2.0155229568481445,0.9894724396555301,0.0097663389518857,0.3646749685822004,0.16165885981949046,0.11813092653947219,"{""build_tower"":0.11813092653947219,""confirm_card_service_selection"":0.023991774248828972,""continue"":0.3646749685822004,""discard_treasure"":0.000799725808294299,""place_tower"":0.032103278875814004,""purchase_shop_item"":0.07060436421798241,""remove_tower"":0.025362732777333485,""reroll"":0.16165885981949046,""select_card_service_card"":0.024563006969039188,""select_treasure"":0.01382383182908717,""start_defense"":0.11813092653947219,""use_inventory_item"":0.046155603792985264}",0,0,0,0,4.525884869,51.081888497
original_R1,a1r-r1-p2,130,55,42.23875184853872,42.029550552368164,192.0625,1.3642407357692719,37.59847268462181,36.23423194885254,67,61,0,0.6067555256105602,0.22298975106220362,0.6099279353747497,14.626624749170505,0.005439190297226093,,,,,,,,4,0.0636085304054054,0.8966829249182263,8.025758743286133,0.989044123419203,0.01273659898937252,0.39093177134179413,0.15706692699858987,0.11194272697689554,"{""build_tower"":0.11194272697689554,""confirm_card_service_selection"":0.02397223126152511,""continue"":0.39093177134179413,""discard_treasure"":0.0006508298080052066,""place_tower"":0.02766026684022128,""purchase_shop_item"":0.06877101637921683,""remove_tower"":0.025490834146870592,""reroll"":0.15706692699858987,""select_card_service_card"":0.024840004338865386,""select_treasure"":0.01345048269877427,""start_defense"":0.11194272697689554,""use_inventory_item"":0.04328018223234624}",0,0,0,0,4.5818649019999995,54.959676767
original_R1,a1r-r1-p2,131,56,40.85921057065328,39.65169906616211,179.75,,,,,,,0.6055609075286981,0.2257663387042784,0.5969617592499536,14.484308436411492,0.006473686485579118,,,,,,,,4,0.07058632053325281,0.7713588414823308,1.6913708448410034,0.9885610957360134,0.009372160003027496,0.3837505795085767,0.1663189615206305,0.11578581363004173,"{""build_tower"":0.11578581363004173,""confirm_card_service_selection"":0.020282800185442745,""continue"":0.3837505795085767,""discard_treasure"":0.0005795085767269356,""place_tower"":0.03349559573481688,""purchase_shop_item"":0.06467315716272601,""remove_tower"":0.021789522484932777,""reroll"":0.1663189615206305,""select_card_service_card"":0.02086230876216968,""select_treasure"":0.013676402410755678,""start_defense"":0.11578581363004173,""use_inventory_item"":0.04299953639313862}",0,0,0,0,4.443876737,52.959456579
original_R1,a1r-r1-p2,132,57,43.63751459121704,42.16300010681152,197.60416666666666,,,,,,,0.6031480830646134,0.205148203738209,0.6211356154005778,14.454460164755316,0.0060229039323817955,,,,,,,,4,0.06734920611703082,0.8205041624605656,4.019432544708252,0.9890773324072089,0.009702595781020232,0.37554032683183974,0.17406431207169215,0.1124934106483922,"{""build_tower"":0.1124934106483922,""confirm_card_service_selection"":0.023721665788086453,""continue"":0.37554032683183974,""discard_treasure"":0.0010542962572482868,""place_tower"":0.032261465471797576,""purchase_shop_item"":0.06989984185556142,""remove_tower"":0.01686874011597259,""reroll"":0.17406431207169215,""select_card_service_card"":0.02393252503953611,""select_treasure"":0.01349499209277807,""start_defense"":0.1124934106483922,""use_inventory_item"":0.04417501317870322}",0,0,0,0,4.918101487,58.289028868
original_R1,a1r-r1-p2,133,58,44.11719799041748,43.915849685668945,189.41666666666666,,,,,,,0.5989699413552143,0.20761541597072483,0.6107274037268426,14.510965765630674,0.006303514747438991,,,,,,,,4,0.06800919357273313,0.7839997187256813,1.6634851694107056,0.9907971410760702,0.008675333293568756,0.36317641882974044,0.172459304883414,0.11900571931368235,"{""build_tower"":0.11900571931368235,""confirm_card_service_selection"":0.02276726792784866,""continue"":0.36317641882974044,""discard_treasure"":0.0002199736031676199,""place_tower"":0.033545974483062034,""purchase_shop_item"":0.06896172459304883,""remove_tower"":0.01803783545974483,""reroll"":0.172459304883414,""select_card_service_card"":0.023427188737351518,""select_treasure"":0.013858336999560053,""start_defense"":0.11900571931368235,""use_inventory_item"":0.04553453585569732}",0,0,0,0,4.793110542,56.472680696
original_R1,a1r-r1-p2,134,59,44.08676028251648,43.317251205444336,192.33333333333334,,,,,,,0.6100176429235199,0.21140158180479712,0.6098534148689863,13.985219169207657,0.004922558689351128,,,,,,,,4,0.05666701858108108,0.8028174298437866,1.9129230976104736,0.990036852012459,0.010563873327211351,0.3839904679376083,0.16951906412478338,0.11655112651646447,"{""build_tower"":0.11655112651646447,""confirm_card_service_selection"":0.021447140381282495,""continue"":0.3839904679376083,""discard_treasure"":0.0002166377816291161,""place_tower"":0.02913778162911612,""purchase_shop_item"":0.067157712305026,""remove_tower"":0.014731369150779897,""reroll"":0.16951906412478338,""select_card_service_card"":0.021555459272097052,""select_treasure"":0.01386481802426343,""start_defense"":0.11655112651646447,""use_inventory_item"":0.04527729636048527}",0,0,0,0,4.699442905,55.317680408
original_R1,a1r-r1-p2,135,60,45.69573358694712,43.831600189208984,194.79166666666666,1.3887914568185806,37.62302340567112,36.23423194885254,70,58,0,0.6140336501598979,0.2153611184650462,0.6213565509061556,15.05215313669587,0.005119845753191889,,,,,,,,4,0.06005642714129912,0.7452408325027775,1.38416588306427,0.9867336228894557,0.009847660998914492,0.3725133689839572,0.16737967914438504,0.11957219251336898,"{""build_tower"":0.11957219251336898,""confirm_card_service_selection"":0.02235294117647059,""continue"":0.3725133689839572,""discard_treasure"":0.000855614973262032,""place_tower"":0.03155080213903743,""purchase_shop_item"":0.06737967914438503,""remove_tower"":0.017005347593582888,""reroll"":0.16737967914438504,""select_card_service_card"":0.022780748663101605,""select_treasure"":0.013903743315508022,""start_defense"":0.11957219251336898,""use_inventory_item"":0.045133689839572194}",0,0,0,0,4.935024065,59.327379117
original_R1,a1r-r1-p2,136,61,43.819670716921486,43.57810020446777,179.39583333333334,,,,,,,0.6824930525635351,0.22975895210637437,0.7006263014148263,15.599999506224714,0.005304604116618601,,,,,,,,4,0.06494017282281728,0.8018835614271024,1.5058928728103638,0.9888551652107873,0.008853273678516202,0.34432702357449774,0.1806991057949135,0.12437579839739868,"{""build_tower"":0.12437579839739868,""confirm_card_service_selection"":0.01962605969109279,""continue"":0.34432702357449774,""discard_treasure"":0.0008129137150156776,""place_tower"":0.032981070723493204,""purchase_shop_item"":0.06689118569271861,""remove_tower"":0.022529322959005924,""reroll"":0.1806991057949135,""select_card_service_card"":0.01985832075252584,""select_treasure"":0.014516316339565672,""start_defense"":0.12437579839739868,""use_inventory_item"":0.04900708396237371}",0,0,0,0,4.575748401,50.063136352
original_R1,a1r-r1-p2,137,62,44.776156425476074,43.386199951171875,190.39583333333334,,,,,,,0.7232918506855055,0.24889190495992702,0.7267463861240281,14.696554869518186,0.0065552748736889856,,,,,,,,4,0.078053924953565,0.8015872271110615,1.5647785663604736,0.9891965689841763,0.010418503451445658,0.3384396542291279,0.18371813108655213,0.11981617244775139,"{""build_tower"":0.11981617244775139,""confirm_card_service_selection"":0.019586388007440638,""continue"":0.3384396542291279,""discard_treasure"":0.000875369296421928,""place_tower"":0.029981398402451034,""purchase_shop_item"":0.07353102089944195,""remove_tower"":0.026698763540868805,""reroll"":0.18371813108655213,""select_card_service_card"":0.020024072655651603,""select_treasure"":0.014334172228909071,""start_defense"":0.11981617244775139,""use_inventory_item"":0.05317868475763213}",0,0,0,0,4.783558251,56.659160306
original_R1,a1r-r1-p2,138,63,42.53296454747518,42.09634971618652,180.39583333333334,,,,,,,0.69001978457397,0.2278848408564269,0.6792851524317965,14.384861102905248,0.005862947401938608,,,,,,,,4,0.0739233582828413,0.7585709848824669,1.3356801271438599,0.9885346731137186,0.008934480131275076,0.34438156831042843,0.18708857835777803,0.11999076105785887,"{""build_tower"":0.11999076105785887,""confirm_card_service_selection"":0.020787619817530894,""continue"":0.34438156831042843,""discard_treasure"":0.0013858413211687262,""place_tower"":0.03372213881510567,""purchase_shop_item"":0.06790622473726758,""remove_tower"":0.021018593371059015,""reroll"":0.18708857835777803,""select_card_service_card"":0.021018593371059015,""select_treasure"":0.014320360318743505,""start_defense"":0.11999076105785887,""use_inventory_item"":0.04838895946414135}",0,0,0,0,4.509673789,53.576371283
original_R1,a1r-r1-p2,139,64,42.29162915547689,40.90984916687012,164.41666666666666,,,,,,,0.6802253190680442,0.2172852912780013,0.6722235804603945,14.979419025157616,0.0059450535996076375,,,,,,,,4,0.07029526305174635,0.7449428429526668,1.421172022819519,0.9870487317972672,0.01052077954274512,0.3228585909782058,0.19437404967055247,0.1311454637607704,"{""build_tower"":0.1311454637607704,""confirm_card_service_selection"":0.019513431322858592,""continue"":0.3228585909782058,""discard_treasure"":0.0011403953370501775,""place_tower"":0.0353522554485555,""purchase_shop_item"":0.06525595539787127,""remove_tower"":0.01609224531170806,""reroll"":0.19437404967055247,""select_card_service_card"":0.019893563101875317,""select_treasure"":0.015205271160669031,""start_defense"":0.1311454637607704,""use_inventory_item"":0.048023314749113026}",0,0,0,0,4.227629643,48.267418477
original_R1,a1r-r1-p2,140,65,43.26159795125326,40.46139907836914,178.22916666666666,2.2668604403734207,38.50109238922596,36.23423194885254,79,49,0,0.7075863051182146,0.23715639161567897,0.7184498182990972,14.923005761326518,0.005515824802494214,,,,,,,,4,0.0702115687651231,0.8140417256337755,1.745312213897705,0.9884761281952312,0.009954117913045646,0.3310344827586207,0.19111630625365283,0.12343658679135008,"{""build_tower"":0.12343658679135008,""confirm_card_service_selection"":0.019988310929281123,""continue"":0.3310344827586207,""discard_treasure"":0.0017533606078316774,""place_tower"":0.03284628872004676,""purchase_shop_item"":0.06978375219170076,""remove_tower"":0.021390999415546463,""reroll"":0.19111630625365283,""select_card_service_card"":0.02022209234365868,""select_treasure"":0.014260666277030976,""start_defense"":0.12343658679135008,""use_inventory_item"":0.050730566919929866}",0,0,0,0,4.680644809,53.960154845
original_R1,a1r-r1-p2,141,66,45.26587510108948,44.83329963684082,187.60416666666666,,,,,,,0.6786559337638679,0.23990427558001204,0.6966898660692904,15.309934857722464,0.0058051571878650066,,,,,,,,4,0.07040955347474664,0.7689551293022103,2.505079746246338,0.9901125029554144,0.008068170573096722,0.34869516935036093,0.1787895613548029,0.12270960577456969,"{""build_tower"":0.12270960577456969,""confirm_card_service_selection"":0.01943364797334814,""continue"":0.34869516935036093,""discard_treasure"":0.0008883953359244864,""place_tower"":0.0314269850083287,""purchase_shop_item"":0.07096057745696835,""remove_tower"":0.018878400888395337,""reroll"":0.1787895613548029,""select_card_service_card"":0.019988895058300944,""select_treasure"":0.014103275957801222,""start_defense"":0.12270960577456969,""use_inventory_item"":0.05141588006662965}",0,0,0,0,4.790747285,56.386878127
original_R1,a1r-r1-p2,142,67,44.6296021938324,43.088748931884766,182.83333333333334,,,,,,,0.7227470878104586,0.2509733798173765,0.7288835010358266,15.823835522389025,0.005850999427616443,,,,,,,,4,0.07050161215343646,0.799463534780911,2.6468284130096436,0.9867089021442423,0.008557940044972514,0.3195077484047402,0.18812670920692798,0.12420237010027348,"{""build_tower"":0.12420237010027348,""confirm_card_service_selection"":0.020966271649954422,""continue"":0.3195077484047402,""discard_treasure"":0.0019371011850501368,""place_tower"":0.032019143117593435,""purchase_shop_item"":0.07315405651777575,""remove_tower"":0.02871467639015497,""reroll"":0.18812670920692798,""select_card_service_card"":0.021308113035551503,""select_treasure"":0.014699179580674567,""start_defense"":0.12420237010027348,""use_inventory_item"":0.05116226071103008}",0,0,0,0,4.701003055,53.997986293
original_R1,a1r-r1-p2,143,68,43.60909994443258,43.067649841308594,177.41666666666666,,,,,,,0.7468038463349487,0.2718713201809636,0.7504345327615738,16.46499025162183,0.00506718156467447,,,,,,,,4,0.06244931339888888,0.7953484369551435,2.0538456439971924,0.9870032240325978,0.010509258838069132,0.3127054955378112,0.18541568811648662,0.1250587130108032,"{""build_tower"":0.1250587130108032,""confirm_card_service_selection"":0.019610145608266794,""continue"":0.3127054955378112,""discard_treasure"":0.0016439643024894317,""place_tower"":0.031117895725692814,""purchase_shop_item"":0.07397839361202442,""remove_tower"":0.03593236261155472,""reroll"":0.18541568811648662,""select_card_service_card"":0.01972757162987318,""select_treasure"":0.014795678722404886,""start_defense"":0.1250587130108032,""use_inventory_item"":0.05495537811178957}",0,0,0,0,4.440904596,50.179924497
original_R1,a1r-r1-p2,144,69,43.470629135767616,41.37594985961914,177.58333333333334,,,,,,,0.7804495676266459,0.27497137001027117,0.7694762261474833,16.522748015985474,0.005940672413116237,,,,,,,,4,0.06816285314476665,0.8017164990305901,1.645129919052124,0.9861998054694033,0.009683051550596514,0.32144533083059595,0.18418582824964805,0.12412013139371188,"{""build_tower"":0.12412013139371188,""confirm_card_service_selection"":0.0172454246832473,""continue"":0.32144533083059595,""discard_treasure"":0.002229000469263257,""place_tower"":0.0342562177381511,""purchase_shop_item"":0.06722196152041295,""remove_tower"":0.04094321914594087,""reroll"":0.18418582824964805,""select_card_service_card"":0.017597372125762553,""select_treasure"":0.014429845143125293,""start_defense"":0.12412013139371188,""use_inventory_item"":0.052205537306428906}",0,0,0,0,4.442731661,52.305029209
original_R1,a1r-r1-p2,145,70,42.28906277815501,40.47970008850098,164.64583333333334,5.474479258060455,41.708711206912994,36.23423194885254,108,20,0,0.7812522509201685,0.2775033525577224,0.7777547495019052,16.817542137325876,0.0060578653168880505,,,,,,,,4,0.06834736745804548,0.7803325734792217,1.280248999595642,0.9872508519821093,0.009780015484730323,0.2857142857142857,0.2000506136910034,0.13083639124383145,"{""build_tower"":0.13083639124383145,""confirm_card_service_selection"":0.01796786030621283,""continue"":0.2857142857142857,""discard_treasure"":0.0011388080475768696,""place_tower"":0.0360622548399342,""purchase_shop_item"":0.06845501708212072,""remove_tower"":0.042515500442869794,""reroll"":0.2000506136910034,""select_card_service_card"":0.018094394533721372,""select_treasure"":0.01543717575604201,""start_defense"":0.13083639124383145,""use_inventory_item"":0.052891307098570164}",0,0,0,0,4.264923974,46.830042079
original_R1,a1r-r1-p2,146,71,42.50716042518616,42.270050048828125,165.4375,,,,,,,0.7991252964930423,0.28847677510792435,0.80262840539217,15.811619662638805,0.0073629925607292535,,,,,,,,4,0.08849487314000726,0.874877605587244,4.974563121795654,0.984605357705992,0.011062636593123898,0.27704319355244933,0.19707845359526507,0.13109180204004534,"{""build_tower"":0.13109180204004534,""confirm_card_service_selection"":0.018511522478277295,""continue"":0.27704319355244933,""discard_treasure"":0.0013852159677622466,""place_tower"":0.03702304495655459,""purchase_shop_item"":0.07341644629139907,""remove_tower"":0.041052764135499305,""reroll"":0.19707845359526507,""select_card_service_card"":0.019015237375645384,""select_treasure"":0.015489233094068758,""start_defense"":0.13109180204004534,""use_inventory_item"":0.05780128447298829}",0,0,0,0,4.388457762,49.420245511
original_R1,a1r-r1-p2,147,72,42.55180827776591,40.0,164.54166666666666,,,,,,,0.7864087381469833,0.2792715845175388,0.7949213289445446,16.524072702776454,0.00546670251667585,,,,,,,,4,0.06704640561234086,0.8226852111758725,1.54654860496521,0.9875853579500314,0.009427594757007976,0.2950113952899468,0.19220055710306408,0.13218536338313497,"{""build_tower"":0.13218536338313497,""confirm_card_service_selection"":0.01785262091668777,""continue"":0.2950113952899468,""discard_treasure"":0.0010129146619397315,""place_tower"":0.03241326918207141,""purchase_shop_item"":0.0728032413269182,""remove_tower"":0.03393264117498101,""reroll"":0.19220055710306408,""select_card_service_card"":0.017979235249430237,""select_treasure"":0.015067105596353507,""start_defense"":0.13218536338313497,""use_inventory_item"":0.0573562927323373}",0,0,0,0,4.217544358,47.354181697
original_R1,a1r-r1-p2,148,73,42.18108332157135,43.04250144958496,165.39583333333334,,,,,,,0.809744616473401,0.27001900854791483,0.8042265572585166,15.718359548272032,0.005558198966042482,,,,,,,,4,0.06955973315052688,0.8446665918454528,6.174583911895752,0.9863636787093693,0.009556239925132104,0.2811437208716463,0.20317420330016375,0.12973926187177226,"{""build_tower"":0.12973926187177226,""confirm_card_service_selection"":0.01914598815971785,""continue"":0.2811437208716463,""discard_treasure"":0.0011336440357727674,""place_tower"":0.03690641138682454,""purchase_shop_item"":0.07532434815467944,""remove_tower"":0.031112230759541504,""reroll"":0.20317420330016375,""select_card_service_card"":0.019271948608137045,""select_treasure"":0.015996976949237938,""start_defense"":0.12973926187177226,""use_inventory_item"":0.05731200403073435}",0,0,0,0,4.315621602,47.365823039
original_R1,a1r-r1-p2,149,74,43.09267516930898,42.42864990234375,164.20833333333334,,,,,,,0.8141467840394313,0.26485414161612225,0.82634139589725,15.872918014246194,0.005355422597968725,,,,,,,,4,0.0613796511184304,0.747939798380098,1.2154096364974976,0.9854297213490281,0.010034980496481782,0.267064196904339,0.21707688403958386,0.13397614818573966,"{""build_tower"":0.13397614818573966,""confirm_card_service_selection"":0.016747018523217458,""continue"":0.267064196904339,""discard_treasure"":0.0005074854097944684,""place_tower"":0.035523978685612786,""purchase_shop_item"":0.07282415630550622,""remove_tower"":0.03070286729256534,""reroll"":0.21707688403958386,""select_card_service_card"":0.01712763258056331,""select_treasure"":0.01585891905607714,""start_defense"":0.13397614818573966,""use_inventory_item"":0.0586145648312611}",0,0,0,0,4.408943583,49.186189707
original_R1,a1r-r1-p2,150,75,43.79331866900126,43.037349700927734,167.1875,6.949108123779297,43.183340072631836,36.23423194885254,110,18,0,0.8049550368922112,0.2788915504049807,0.7952111824415624,15.326162001763656,0.006044830393477696,,,,,,,,4,0.0738882000441663,0.7946627363562584,1.687811255455017,0.9851030217022726,0.012081266526365653,0.28834890965732085,0.19700934579439253,0.13320872274143303,"{""build_tower"":0.13320872274143303,""confirm_card_service_selection"":0.018816199376947042,""continue"":0.28834890965732085,""discard_treasure"":0.002616822429906542,""place_tower"":0.031401869158878506,""purchase_shop_item"":0.07414330218068536,""remove_tower"":0.029034267912772586,""reroll"":0.19700934579439253,""select_card_service_card"":0.018940809968847352,""select_treasure"":0.01545171339563863,""start_defense"":0.13320872274143303,""use_inventory_item"":0.05781931464174455}",0,0,0,0,4.327386539,47.649514549
original_R1,a1r-r1-p2,151,76,45.49698146184286,44.10770034790039,174.625,,,,,,,0.7982549210747979,0.25804194030417493,0.8025103703592763,15.639968900318795,0.004908596169260901,,,,,,,,4,0.0618829122095397,0.7792132993539175,2.1405818462371826,0.9846277390834489,0.011491854724502473,0.2720114531138153,0.21092817943211645,0.1325459317585302,"{""build_tower"":0.1325459317585302,""confirm_card_service_selection"":0.022786924361727513,""continue"":0.2720114531138153,""discard_treasure"":0.0014316392269148174,""place_tower"":0.031376759723216414,""purchase_shop_item"":0.07790503459794798,""remove_tower"":0.02290622763063708,""reroll"":0.21092817943211645,""select_card_service_card"":0.023264137437365783,""select_treasure"":0.01527081842042472,""start_defense"":0.1325459317585302,""use_inventory_item"":0.05702696253877356}",0,0,0,0,4.751723721,55.438472382
original_R1,a1r-r1-p2,152,77,45.02556451161703,43.82589912414551,172.77083333333334,,,,,,,0.8415745933254216,0.27211645159294995,0.8531838334871061,16.700157521518207,0.006476246834829384,,,,,,,,4,0.07982321681849884,0.8501525462576838,1.73025643825531,0.9884234879798047,0.01062988666253108,0.26263113469190885,0.21102134330157965,0.13300373809236707,"{""build_tower"":0.13300373809236707,""confirm_card_service_selection"":0.019775714457976608,""continue"":0.26263113469190885,""discard_treasure"":0.0015675871216688773,""place_tower"":0.03364283130350899,""purchase_shop_item"":0.0776558543349813,""remove_tower"":0.032195827806583865,""reroll"":0.21102134330157965,""select_card_service_card"":0.020016881707464126,""select_treasure"":0.015917038466176293,""start_defense"":0.13300373809236707,""use_inventory_item"":0.05956831062341734}",0,0,0,0,4.739835351,54.575983493
original_R1,a1r-r1-p2,153,78,40.81356871128082,37.71724891662598,160.10416666666666,,,,,,,0.8381404552726957,0.2744865757548842,0.8310040221098931,16.60159951569262,0.008359470387814883,,,,,,,,4,0.09237651214484245,1.0310852501180865,10.686469078063965,0.9794653736106864,0.015314985107960961,0.2655823031880286,0.2088484059856864,0.12960312296681847,"{""build_tower"":0.12960312296681847,""confirm_card_service_selection"":0.016395575797007157,""continue"":0.2655823031880286,""discard_treasure"":0.003513337670787248,""place_tower"":0.03409238776837996,""purchase_shop_item"":0.07443070917371503,""remove_tower"":0.045803513337670784,""reroll"":0.2088484059856864,""select_card_service_card"":0.016655823031880287,""select_treasure"":0.014964216005204945,""start_defense"":0.12960312296681847,""use_inventory_item"":0.0605074821080026}",0,0,0,0,4.228048204,45.521293801
original_R1,a1r-r1-p2,154,79,43.56133143107096,43.4906005859375,170.85416666666666,,,,,,,0.805889497346015,0.2665410698554237,0.7912666075157396,15.855048700080637,0.005985858065156263,,,,,,,,4,0.07277856693800652,0.8545707674189047,4.037167072296143,0.9868596188073675,0.012924923788170528,0.2852091208389221,0.20082916717473479,0.12949640287769784,"{""build_tower"":0.12949640287769784,""confirm_card_service_selection"":0.02097305206682112,""continue"":0.2852091208389221,""discard_treasure"":0.002682599682965492,""place_tower"":0.03133764175100597,""purchase_shop_item"":0.07560053651993659,""remove_tower"":0.031215705401780272,""reroll"":0.20082916717473479,""select_card_service_card"":0.02133886111449823,""select_treasure"":0.015851725399341543,""start_defense"":0.12949640287769784,""use_inventory_item"":0.05596878429459822}",0,0,0,0,4.505139498,51.264673888
original_R1,a1r-r1-p2,155,80,44.669995864232384,43.73805046081543,174.10416666666666,6.075642377138138,42.30987432599068,36.23423194885254,111,17,0,0.7958708626963696,0.25387786453267286,0.7587606080553748,16.158921285952207,0.007407063629615908,,,,,,,,4,0.08439526661778941,0.8209960560003916,1.7234047651290894,0.9867530045104005,0.012333304448420125,0.29532128754337683,0.21299509393322963,0.13078856048821347,"{""build_tower"":0.13078856048821347,""confirm_card_service_selection"":0.018906306090702405,""continue"":0.29532128754337683,""discard_treasure"":0.002034222807227474,""place_tower"":0.026923537154481272,""purchase_shop_item"":0.06844561445494794,""remove_tower"":0.026085915998564076,""reroll"":0.21299509393322963,""select_card_service_card"":0.019025966255833433,""select_treasure"":0.015436161301902597,""start_defense"":0.13078856048821347,""use_inventory_item"":0.05324877348330741}",0,0,0,0,4.535900456,52.877641741
original_R1,a1r-r1-p2,156,81,46.52149772644043,45.0151481628418,188.41666666666666,,,,,,,0.75610628374391,0.26058537962648765,0.739445422258642,14.892550733314183,0.006099022037473232,,,,,,,,4,0.07096095819077972,0.9207512781851821,1.8318051099777222,0.985289313814429,0.01267507362839145,0.28936311366651923,0.18940734188412206,0.12560813799203893,"{""build_tower"":0.12560813799203893,""confirm_card_service_selection"":0.022114108801415303,""continue"":0.28936311366651923,""discard_treasure"":0.0016585581601061478,""place_tower"":0.02974347633790358,""purchase_shop_item"":0.08149049093321539,""remove_tower"":0.037815126050420166,""reroll"":0.18940734188412206,""select_card_service_card"":0.022556390977443608,""select_treasure"":0.0145953118089341,""start_defense"":0.12560813799203893,""use_inventory_item"":0.06003980539584255}",0,0,0,0,4.960974643,56.463937594
original_R1,a1r-r1-p2,157,82,43.74854191144308,43.150299072265625,170.29166666666666,,,,,,,0.7474084837281819,0.25206911385468067,0.7509049773216248,14.495424738201196,0.006057073068234331,,,,,,,,4,0.0692089946824126,0.9319012239575386,1.4431158304214478,0.9876800695597994,0.011212257752049481,0.291044776119403,0.19977978957670664,0.13065818448739908,"{""build_tower"":0.13065818448739908,""confirm_card_service_selection"":0.016515781747002693,""continue"":0.291044776119403,""discard_treasure"":0.0026914607291411794,""place_tower"":0.03266454612184977,""purchase_shop_item"":0.07450452654758992,""remove_tower"":0.029606068020552972,""reroll"":0.19977978957670664,""select_card_service_card"":0.016638120871054565,""select_treasure"":0.015414729630535846,""start_defense"":0.13065818448739908,""use_inventory_item"":0.059823831661365304}",0,0,0,0,4.465951923,49.148260456
original_R1,a1r-r1-p2,158,83,44.223570903142296,44.20669937133789,167.35416666666666,,,,,,,0.7183173988581426,0.24045878108259267,0.7139424891211092,14.626875705785048,0.007502993578924588,,,,,,,,4,0.0807073533651419,0.8767129988409579,1.7635606527328491,0.987233253780378,0.010515722427953733,0.2860699614091871,0.19519482136188224,0.1345698991659405,"{""build_tower"":0.1345698991659405,""confirm_card_service_selection"":0.021287190339848126,""continue"":0.2860699614091871,""discard_treasure"":0.0036101083032490976,""place_tower"":0.030997136810656044,""purchase_shop_item"":0.0780530312461098,""remove_tower"":0.02016681190090875,""reroll"":0.19519482136188224,""select_card_service_card"":0.02178513631271007,""select_treasure"":0.01630773061122868,""start_defense"":0.1345698991659405,""use_inventory_item"":0.0573882733723391}",0,0,0,0,4.444512536,51.50419538
original_R1,a1r-r1-p2,159,84,44.82939807573954,43.29770088195801,172.25,,,,,,,0.7265801546451952,0.24496981512076157,0.7127249335700815,13.536948320713092,0.005841368856994394,,,,,,,,4,0.06907583236920112,0.9133358877716642,3.0425941944122314,0.9859105680245046,0.010442181793747075,0.2878567972907596,0.18940493468795355,0.13243831640058054,"{""build_tower"":0.13243831640058054,""confirm_card_service_selection"":0.021407837445573296,""continue"":0.2878567972907596,""discard_treasure"":0.0020561199806482825,""place_tower"":0.031446540880503145,""purchase_shop_item"":0.07897919690372521,""remove_tower"":0.026608611514271893,""reroll"":0.18940493468795355,""select_card_service_card"":0.0220125786163522,""select_treasure"":0.015481373971940009,""start_defense"":0.13243831640058054,""use_inventory_item"":0.059869375907111756}",0,0,0,0,4.651458202,51.453757277
original_R1,a1r-r1-p2,160,85,47.01060620943705,44.37725067138672,186.0625,5.482537716627121,41.71676966547966,36.23423194885254,111,17,0,0.6672253140755049,0.22319279064554534,0.6627593487501144,13.993377345633737,0.007304348626660483,,,,,,,,4,0.07785323417878577,0.9149961914334979,2.729482889175415,0.9866085160834932,0.01122028491725879,0.31922517075355505,0.1809427835628709,0.12876497592654798,"{""build_tower"":0.12876497592654798,""confirm_card_service_selection"":0.021834061135371178,""continue"":0.31922517075355505,""discard_treasure"":0.0015675736199753667,""place_tower"":0.030231776956667785,""purchase_shop_item"":0.07961034598589184,""remove_tower"":0.013548314858358527,""reroll"":0.1809427835628709,""select_card_service_card"":0.022169969768223042,""select_treasure"":0.015003918934049938,""start_defense"":0.12876497592654798,""use_inventory_item"":0.05833613257194043}",0,0,0,0,4.868808688,56.947647038
original_R1,a1r-r1-p2,161,86,42.82913136482239,41.11069869995117,165.89583333333334,,,,,,,0.6895435207231377,0.21321616857843398,0.6784094097092748,13.903653991908428,0.0058215755367569955,,,,,,,,4,0.06656901043606922,0.9043627702631056,3.316495418548584,0.9858648692507237,0.011446012747910572,0.32299384654024865,0.19201306040437022,0.1314831093808866,"{""build_tower"":0.1314831093808866,""confirm_card_service_selection"":0.017832475197789778,""continue"":0.32299384654024865,""discard_treasure"":0.0015069697350244883,""place_tower"":0.03440914228305915,""purchase_shop_item"":0.06844154213236217,""remove_tower"":0.013060404370212232,""reroll"":0.19201306040437022,""select_card_service_card"":0.01795805600904182,""select_treasure"":0.015320858972748964,""start_defense"":0.1314831093808866,""use_inventory_item"":0.053497425593369334}",0,0,0,0,4.349037221,48.730825329
original_R1,a1r-r1-p2,162,87,41.81585820515951,39.46025085449219,163.3125,,,,,,,0.6806697325260068,0.20717305658325133,0.6770158914789077,14.216648196923892,0.005593536564887354,,,,,,,,4,0.06770456894751518,0.8956328579975713,1.5466434955596924,0.9868233223618862,0.010770821868772469,0.32287281541012885,0.18561040949100652,0.13011863758132414,"{""build_tower"":0.13011863758132414,""confirm_card_service_selection"":0.020155632095930603,""continue"":0.32287281541012885,""discard_treasure"":0.0030616150019135095,""place_tower"":0.03406046689628779,""purchase_shop_item"":0.07156525066972828,""remove_tower"":0.012374027299400434,""reroll"":0.18561040949100652,""select_card_service_card"":0.020538333971169793,""select_treasure"":0.015308075009567547,""start_defense"":0.13011863758132414,""use_inventory_item"":0.054216098992218395}",0,0,0,0,4.379297615,49.711592811
original_R1,a1r-r1-p2,163,88,45.82971262931824,43.5629997253418,185.64583333333334,,,,,,,0.6458670605037682,0.21032335283166162,0.6640380361250469,14.063512093550056,0.006818953407127967,,,,,,,,4,0.0742427428386041,0.8991837584546634,2.0872387886047363,0.9879669928265727,0.009897126713102417,0.33419369318819436,0.1797778027157446,0.1255751318594995,"{""build_tower"":0.1255751318594995,""confirm_card_service_selection"":0.01997531141286051,""continue"":0.33419369318819436,""discard_treasure"":0.0021321961620469083,""place_tower"":0.035686230501627204,""purchase_shop_item"":0.07631017843115251,""remove_tower"":0.00819212209628549,""reroll"":0.1797778027157446,""select_card_service_card"":0.020311973964762652,""select_treasure"":0.014925373134328358,""start_defense"":0.1255751318594995,""use_inventory_item"":0.05734485467399843}",0,0,0,0,4.900507254,57.525686297
original_R1,a1r-r1-p2,164,89,44.84256879488627,43.75130081176758,174.60416666666666,,,,,,,0.6866815610608078,0.1910251280109454,0.677200126377019,14.598017700325297,0.007395970058003816,,,,,,,,4,0.07369218608646681,0.9067908419352589,1.8240357637405396,0.9883288072624163,0.009820157669089509,0.3065266674621167,0.2003340890108579,0.1301753967307004,"{""build_tower"":0.1301753967307004,""confirm_card_service_selection"":0.02219305572127431,""continue"":0.3065266674621167,""discard_treasure"":0.0014318100465338264,""place_tower"":0.03126118601598855,""purchase_shop_item"":0.07493139243527025,""remove_tower"":0.0107385753490037,""reroll"":0.2003340890108579,""select_card_service_card"":0.022670325736785586,""select_treasure"":0.01586922801574991,""start_defense"":0.1301753967307004,""use_inventory_item"":0.05369287674501849}",0,0,0,0,4.529666706,52.311286892
original_R1,a1r-r1-p2,165,90,42.979172786076866,43.29924964904785,178.79166666666666,6.589362621307373,42.82359457015991,36.23423194885254,105,23,0,0.6648214459906528,0.19538033814076664,0.6557966461952995,14.527805990990409,0.007017294209938829,,,,,,,,4,0.07474004062276114,0.9686312294181656,2.701061248779297,0.9897649324928601,0.009282860922051923,0.3503845257515731,0.18725238872057795,0.1225821486832906,"{""build_tower"":0.1225821486832906,""confirm_card_service_selection"":0.018876718713586576,""continue"":0.3503845257515731,""discard_treasure"":0.0016313213703099511,""place_tower"":0.032160335586110464,""purchase_shop_item"":0.06874854346306222,""remove_tower"":0.010254020041948263,""reroll"":0.18725238872057795,""select_card_service_card"":0.019109764623630857,""select_treasure"":0.014448846422745281,""start_defense"":0.1225821486832906,""use_inventory_item"":0.05196923793987415}",0,0,0,0,4.567022128,51.331079364
original_R1,a1r-r1-p2,166,91,45.31449170907339,45.65169906616211,195.875,,,,,,,0.6140228815757374,0.18553907620027316,0.6103405090602668,14.67744594612436,0.007564814441950049,,,,,,,,4,0.07593631938200544,1.016431623415367,3.483381986618042,0.9884342910599065,0.010455730871448445,0.35790257392044245,0.17868538608806636,0.11763454584131036,"{""build_tower"":0.11763454584131036,""confirm_card_service_selection"":0.025313763029142736,""continue"":0.35790257392044245,""discard_treasure"":0.0013826845352052754,""place_tower"":0.027760051052967454,""purchase_shop_item"":0.07509040629653266,""remove_tower"":0.009359710699851096,""reroll"":0.17868538608806636,""select_card_service_card"":0.025845564773452456,""select_treasure"":0.01372048500319081,""start_defense"":0.11763454584131036,""use_inventory_item"":0.04967028291852797}",0,0,0,0,4.99510723,60.081269727
original_R1,a1r-r1-p2,167,92,44.94590838750204,43.92140007019043,205.04166666666666,,,,,,,0.5989648463678648,0.17981099717102422,0.5994098467322496,14.82202634850249,0.007944804038206946,,,,,,,,4,0.07821461708786395,0.93872970304428,2.405437469482422,0.9890705656865598,0.009394823848150479,0.3753302174354806,0.17567567567567569,0.11146108514529567,"{""build_tower"":0.11146108514529567,""confirm_card_service_selection"":0.023674049989839463,""continue"":0.3753302174354806,""discard_treasure"":0.001219264377159114,""place_tower"":0.029770371875635034,""purchase_shop_item"":0.0737654948181264,""remove_tower"":0.010363747205852468,""reroll"":0.17567567567567569,""select_card_service_card"":0.023978866084129243,""select_treasure"":0.013411908148750254,""start_defense"":0.11146108514529567,""use_inventory_item"":0.04988823409876041}",0,0,0,0,5.017597725,60.54937824
original_R1,a1r-r1-p2,168,93,46.24117906888326,46.279701232910156,199.97916666666666,,,,,,,0.6352299775044459,0.1889701972322055,0.6330224385387019,15.486558758027291,0.007380157108232921,,,,,,,,4,0.07559577194287588,0.9884965682500287,1.9865074157714844,0.9893880997230831,0.00969761741151543,0.3542035628711324,0.18085217210126056,0.11730388582143973,"{""build_tower"":0.11730388582143973,""confirm_card_service_selection"":0.02448171684550474,""continue"":0.3542035628711324,""discard_treasure"":0.0014584852588811334,""place_tower"":0.029794770288571727,""purchase_shop_item"":0.0755287009063444,""remove_tower"":0.009688509219710387,""reroll"":0.18085217210126056,""select_card_service_card"":0.02448171684550474,""select_treasure"":0.013647254922387749,""start_defense"":0.11730388582143973,""use_inventory_item"":0.05125533909782269}",0,0,0,0,4.97150724,59.51876152
original_R1,a1r-r1-p2,169,94,45.743693828582764,44.0,205.83333333333334,,,,,,,0.6050971571890182,0.18245318227245297,0.6059930045635272,14.646833790019613,0.0064438197200266025,,,,,,,,4,0.06577365888425937,0.9472069304723006,1.8167506456375122,0.9893330542205881,0.008657166277631544,0.37115384615384617,0.17378542510121459,0.1125506072874494,"{""build_tower"":0.1125506072874494,""confirm_card_service_selection"":0.025101214574898785,""continue"":0.37115384615384617,""discard_treasure"":0.001417004048582996,""place_tower"":0.03168016194331984,""purchase_shop_item"":0.07186234817813765,""remove_tower"":0.014473684210526316,""reroll"":0.17378542510121459,""select_card_service_card"":0.025303643724696356,""select_treasure"":0.01325910931174089,""start_defense"":0.1125506072874494,""use_inventory_item"":0.04686234817813765}",0,0,0,0,5.06534876,59.423518024
original_R1,a1r-r1-p2,170,95,44.787470976511635,42.802249908447266,198.0625,5.493323490023613,41.72755543887615,36.23423194885254,101,27,0,0.5887835759332569,0.173716430467314,0.5839786956969061,15.536777486831424,0.008090397381286158,,,,,,,,4,0.07963536772876978,1.1333608203812648,9.87368106842041,0.9895108140618131,0.008999559930280635,0.368254970022089,0.17544966866519407,0.11486273272325655,"{""build_tower"":0.11486273272325655,""confirm_card_service_selection"":0.023877143157673295,""continue"":0.368254970022089,""discard_treasure"":0.001577784790154623,""place_tower"":0.03166088145576943,""purchase_shop_item"":0.071105501209635,""remove_tower"":0.012411907015883034,""reroll"":0.17544966866519407,""select_card_service_card"":0.024613442726412117,""select_treasure"":0.013358577889975807,""start_defense"":0.11486273272325655,""use_inventory_item"":0.04796465762070053}",0,0,0,0,5.052478046,62.782432286
original_R1,a1r-r1-p2,171,96,43.949626882870994,43.52429962158203,202.4375,,,,,,,0.5946567151951854,0.17362603075099797,0.5958026802461398,15.724901256355285,0.006516986312554339,,,,,,,,4,0.06325125038672827,1.0711867707340341,3.2021994590759277,0.9902399687178679,0.008534351959640748,0.40207883091489144,0.17052588247401462,0.11032211587938665,"{""build_tower"":0.11032211587938665,""confirm_card_service_selection"":0.02171452094267778,""continue"":0.40207883091489144,""discard_treasure"":0.001749511165997736,""place_tower"":0.028609653185139448,""purchase_shop_item"":0.06617268704332613,""remove_tower"":0.009982504888340023,""reroll"":0.17052588247401462,""select_card_service_card"":0.022331995471853452,""select_treasure"":0.012864052691159823,""start_defense"":0.11032211587938665,""use_inventory_item"":0.04332612946382628}",0,0,0,0,5.026531174,61.622147886
original_R1,a1r-r1-p2,172,97,42.6127876440684,42.52894973754883,197.6875,,,,,,,0.5897091808112601,0.17361122537730236,0.6057416386902332,15.485179249332296,0.007205616602175867,,,,,,,,4,0.06783027770487886,1.1580249359341044,14.383047103881836,0.9893839644993264,0.00861053001503215,0.4091052797976604,0.17399093687427547,0.11002213088839709,"{""build_tower"":0.11002213088839709,""confirm_card_service_selection"":0.021920118031404784,""continue"":0.4091052797976604,""discard_treasure"":0.001264622194119507,""place_tower"":0.027716303087785856,""purchase_shop_item"":0.06154494678048266,""remove_tower"":0.01032774791864264,""reroll"":0.17399093687427547,""select_card_service_card"":0.022130888397091368,""select_treasure"":0.012962377489724945,""start_defense"":0.11002213088839709,""use_inventory_item"":0.038992517652018124}",0,0,0,0,4.899810503,57.625121475
original_R1,a1r-r1-p2,173,98,43.69008962313334,43.12635040283203,202.22916666666666,,,,,,,0.6185797828405908,0.16693350826957556,0.6240890171182784,16.307792924752388,0.0070659140075182035,,,,,,,,4,0.07251999054202124,0.9821550742183861,2.5285487174987793,0.9907970406994208,0.008427033041554847,0.394560626352117,0.18759657978778202,0.10981765736066756,"{""build_tower"":0.10981765736066756,""confirm_card_service_selection"":0.02060368806016277,""continue"":0.394560626352117,""discard_treasure"":0.001442258164211394,""place_tower"":0.03100855053054497,""purchase_shop_item"":0.062326156381992376,""remove_tower"":0.007726383022561039,""reroll"":0.18759657978778202,""select_card_service_card"":0.021015761821366025,""select_treasure"":0.013186360358504172,""start_defense"":0.10981765736066756,""use_inventory_item"":0.0408983207994231}",0,0,0,0,5.077473406,61.919989743
original_R1,a1r-r1-p2,174,99,44.93003137906393,43.57869911193848,209.9375,,,,,,,0.6061485611572272,0.16748781111795444,0.6063793241977692,15.960947980177128,0.006775087770279242,,,,,,,,4,0.06699428767897189,0.9723485108464957,2.73390531539917,0.9903126837949772,0.009163654403528199,0.3966458271310906,0.18447950779001687,0.10915947206509874,"{""build_tower"":0.10915947206509874,""confirm_card_service_selection"":0.02322119678475737,""continue"":0.3966458271310906,""discard_treasure"":0.0019847176739108863,""place_tower"":0.02927458569018557,""purchase_shop_item"":0.06370943733253945,""remove_tower"":0.0056564453706460256,""reroll"":0.18447950779001687,""select_card_service_card"":0.023816612086930634,""select_treasure"":0.012801428996725216,""start_defense"":0.10915947206509874,""use_inventory_item"":0.0400912970129999}",0,0,0,0,5.212588156,64.142962114
original_R1,a1r-r1-p2,175,100,42.92600234349569,43.39794921875,199.9375,6.3076156079769135,42.54184755682945,36.23423194885254,105,23,0,0.6046696984252529,0.16825445753957935,0.6064163622887511,15.54452801239115,0.006099437733275026,,,,,,,,4,0.0622837170958519,1.0313057319114083,3.667386293411255,0.9905929110648828,0.008193008001207522,0.4012712305928936,0.1858914244034594,0.10920079191413984,"{""build_tower"":0.10920079191413984,""confirm_card_service_selection"":0.021256642700844014,""continue"":0.4012712305928936,""discard_treasure"":0.0012503907471084713,""place_tower"":0.028967385641346256,""purchase_shop_item"":0.06116494737938939,""remove_tower"":0.00718974679587371,""reroll"":0.1858914244034594,""select_card_service_card"":0.021569240387621133,""select_treasure"":0.012920704386787538,""start_defense"":0.10920079191413984,""use_inventory_item"":0.04011670313639679}",0,0,0,0,4.8986317679999996,58.491344318
original_R1,a1r-r1-p2,176,101,45.11763326327006,43.8265495300293,204.10416666666666,,,,,,,0.5776304517326474,0.16698198489890556,0.5738114873186136,14.87055353767459,0.0062780583636874955,,,,,,,,4,0.0680744988987079,0.9494525381387808,2.2932393550872803,0.9901461058061239,0.008240765315862611,0.3908339287537001,0.17658466877615597,0.11268755741553536,"{""build_tower"":0.11268755741553536,""confirm_card_service_selection"":0.023782790650199042,""continue"":0.3908339287537001,""discard_treasure"":0.0016331530060222517,""place_tower"":0.027457384913749106,""purchase_shop_item"":0.06879657037868735,""remove_tower"":0.0043890987036848015,""reroll"":0.17658466877615597,""select_card_service_card"":0.02398693477595182,""select_treasure"":0.013065224048178014,""start_defense"":0.11268755741553536,""use_inventory_item"":0.0440951311626008}",0,0,0,0,5.12211601,62.835653715
original_R1,a1r-r1-p2,177,102,43.265379190444946,43.237600326538086,192.1875,,,,,,,0.5727016547926297,0.16238681908607033,0.5887105233363203,14.475876474038465,0.006902325525147348,,,,,,,,4,0.06660273555364157,0.9469402281416429,7.225388526916504,0.9902668385301135,0.009110252731605558,0.3949051490514905,0.17398373983739837,0.1151219512195122,"{""build_tower"":0.1151219512195122,""confirm_card_service_selection"":0.025365853658536587,""continue"":0.3949051490514905,""discard_treasure"":0.0014092140921409214,""place_tower"":0.026124661246612467,""purchase_shop_item"":0.06525745257452574,""remove_tower"":0.004227642276422764,""reroll"":0.17398373983739837,""select_card_service_card"":0.025691056910569107,""select_treasure"":0.013658536585365854,""start_defense"":0.1151219512195122,""use_inventory_item"":0.03913279132791328}",0,0,0,0,4.670804591,56.84359887
original_R1,a1r-r1-p2,178,103,44.2969605922699,43.05434989929199,188.79166666666666,,,,,,,0.6164874358497091,0.1792693761504521,0.6128337710267968,14.909441324292457,0.007202491732035317,,,,,,,,4,0.07620804402459827,0.9105683111896118,1.863108515739441,0.9900409006483776,0.008873551222172359,0.363275215184286,0.18252041491944382,0.11895828735378504,"{""build_tower"":0.11895828735378504,""confirm_card_service_selection"":0.022070183182520416,""continue"":0.363275215184286,""discard_treasure"":0.0023173692341646435,""place_tower"":0.02979474729640256,""purchase_shop_item"":0.06974177885676451,""remove_tower"":0.007834915029794748,""reroll"":0.18252041491944382,""select_card_service_card"":0.022511586846170824,""select_treasure"":0.014566320900463474,""start_defense"":0.11895828735378504,""use_inventory_item"":0.04745089384241889}",0,0,0,0,4.825454822,56.861997221
original_R1,a1r-r1-p2,179,104,46.764335791269936,45.93210029602051,201.125,,,,,,,0.5805983485285381,0.17347020764991036,0.594980568477982,15.110397028535075,0.006298397996990963,,,,,,,,4,0.06641472224146128,0.8985449985453957,2.280301809310913,0.9898445396119641,0.008230071576116117,0.38201781644914024,0.17101719494510048,0.11839651957737725,"{""build_tower"":0.11839651957737725,""confirm_card_service_selection"":0.021856225398798425,""continue"":0.38201781644914024,""discard_treasure"":0.0016573441060700228,""place_tower"":0.029107105862854775,""purchase_shop_item"":0.06857261238864719,""remove_tower"":0.00580070437124508,""reroll"":0.17101719494510048,""select_card_service_card"":0.022063393412057177,""select_treasure"":0.01419100890822457,""start_defense"":0.11839651957737725,""use_inventory_item"":0.04692355500310752}",0,0,0,0,5.124863023,59.830705774
original_R1,a1r-r1-p2,180,105,43.8377103805542,43.17300033569336,189.1875,7.130454808473587,43.364686757326126,36.23423194885254,108,20,0,0.6235937527739759,0.19327068063544506,0.6348619481755627,14.696510541479821,0.005815518613973027,,,,,,,,4,0.06268495502364305,0.923482756026917,2.096548557281494,0.9903281635623444,0.008915480549654199,0.3663693425834159,0.1837903314612928,0.11815879308446206,"{""build_tower"":0.11815879308446206,""confirm_card_service_selection"":0.021143045920052856,""continue"":0.3663693425834159,""discard_treasure"":0.00242264067833939,""place_tower"":0.02918180817090629,""purchase_shop_item"":0.06750357890100209,""remove_tower"":0.010351282898359212,""reroll"":0.1837903314612928,""select_card_service_card"":0.021583526043387292,""select_treasure"":0.014315604008369122,""start_defense"":0.11815879308446206,""use_inventory_item"":0.047021253165950884}",0,0,0,0,4.682542153,54.869618327
original_R1,a1r-r1-p2,181,106,44.19736043612162,42.96475028991699,181.27083333333334,,,,,,,0.6112011004932718,0.18791909754506117,0.6067633098539185,14.626072343142551,0.006500407250180562,,,,,,,,4,0.06761213780983406,0.8750846486757783,1.8946068286895752,0.9901342198287314,0.008326153859824818,0.3604183427192277,0.1789449488564533,0.12435352258361108,"{""build_tower"":0.12435352258361108,""confirm_card_service_selection"":0.02034248936903804,""continue"":0.3604183427192277,""discard_treasure"":0.0016090104585679806,""place_tower"":0.032410067808297895,""purchase_shop_item"":0.06688886334904035,""remove_tower"":0.0073554763820250545,""reroll"":0.1789449488564533,""select_card_service_card"":0.020802206642914607,""select_treasure"":0.01482588208251925,""start_defense"":0.12435352258361108,""use_inventory_item"":0.047695667164693714}",0,0,0,0,4.655150754,55.107926748
original_R1,a1r-r1-p2,182,107,44.73488116264343,43.65354919433594,197.1875,,,,,,,0.6032300454884972,0.18073235607883983,0.5879396818376876,15.141389188015815,0.005506556739149074,,,,,,,,4,0.0609006973713435,0.9572224673387166,2.0213959217071533,0.9905272351898696,0.008067643669484233,0.3776016904384575,0.18024300052826203,0.11547807712625462,"{""build_tower"":0.11547807712625462,""confirm_card_service_selection"":0.020919175911251982,""continue"":0.3776016904384575,""discard_treasure"":0.001901743264659271,""place_tower"":0.03000528262017961,""purchase_shop_item"":0.06867406233491812,""remove_tower"":0.006339144215530904,""reroll"":0.18024300052826203,""select_card_service_card"":0.021130480718436345,""select_treasure"":0.013523507659799261,""start_defense"":0.11547807712625462,""use_inventory_item"":0.04870575805599577}",0,0,0,0,4.869200464,59.290938464
original_R1,a1r-r1-p2,183,108,45.3887460231781,43.74875068664551,196.41666666666666,,,,,,,0.5865632402616374,0.1818827720011936,0.5931220761424786,14.450120713044637,0.007613038160933364,,,,,,,,4,0.0733019465932975,0.9204983632709529,2.950462818145752,0.9903189239135196,0.008342471404781414,0.38205345778532035,0.17055579126007636,0.1175222740772168,"{""build_tower"":0.1175222740772168,""confirm_card_service_selection"":0.020152736529486636,""continue"":0.38205345778532035,""discard_treasure"":0.0011667373780229104,""place_tower"":0.03203224437844718,""purchase_shop_item"":0.06830717013152313,""remove_tower"":0.00731862537123462,""reroll"":0.17055579126007636,""select_card_service_card"":0.020470937632583792,""select_treasure"":0.013894781501909207,""start_defense"":0.1175222740772168,""use_inventory_item"":0.04900296987696224}",0,0,0,0,5.075083743,60.279967965
original_R1,a1r-r1-p2,184,109,44.08188354969025,42.854400634765625,191.16666666666666,,,,,,,0.63412051236369,0.19402787853079223,0.6325276075965829,15.77701932637414,0.0067920195346636725,,,,,,,,4,0.06997391809191969,0.9506486801223623,2.496994972229004,0.9887616924463111,0.008956802915134985,0.3596338273757629,0.18559285091543157,0.11780732345248475,"{""build_tower"":0.11780732345248475,""confirm_card_service_selection"":0.02005231037489102,""continue"":0.3596338273757629,""discard_treasure"":0.0016346992153443765,""place_tower"":0.030623365300784657,""purchase_shop_item"":0.07018308631211857,""remove_tower"":0.010680034873583261,""reroll"":0.18559285091543157,""select_card_service_card"":0.02048823016564952,""select_treasure"":0.014167393199651265,""start_defense"":0.11780732345248475,""use_inventory_item"":0.051329555361813425}",0,0,0,0,4.8333214049999995,56.968059861
original_R1,a1r-r1-p2,185,110,44.59069593747457,43.362051010131836,188.58333333333334,7.901751518249512,44.13598346710205,36.23423194885254,109,19,0,0.6078499864894978,0.1790169129484167,0.599027294665575,14.929743048481848,0.008967842114594116,,,,,,,,4,0.07282349216337833,0.920922458378805,2.4947869777679443,0.9888572165837102,0.008931559387646202,0.36014140521431726,0.17874502872293416,0.12019443216968625,"{""build_tower"":0.12019443216968625,""confirm_card_service_selection"":0.022536456031816175,""continue"":0.36014140521431726,""discard_treasure"":0.0014361467079098541,""place_tower"":0.03148475475033142,""purchase_shop_item"":0.06915598762704375,""remove_tower"":0.012372956252761821,""reroll"":0.17874502872293416,""select_card_service_card"":0.022867874502872292,""select_treasure"":0.013919575784357048,""start_defense"":0.12019443216968625,""use_inventory_item"":0.04695095006628369}",0,0,0,0,4.642598812,57.362322607
original_R1,a1r-r1-p2,186,111,46.60482907295227,43.73925018310547,202.3125,,,,,,,0.5859847563607083,0.17202720780794023,0.5870489052643901,14.86741896177904,0.0074995711310963855,,,,,,,,4,0.07261024986540801,0.8819465009789718,2.0167603492736816,0.9878635041087621,0.009842220004525427,0.38008444032540417,0.17402945113788487,0.11687776748017711,"{""build_tower"":0.11687776748017711,""confirm_card_service_selection"":0.02162496138399753,""continue"":0.38008444032540417,""discard_treasure"":0.0010297600659046442,""place_tower"":0.028318401812377717,""purchase_shop_item"":0.06940582844197302,""remove_tower"":0.00906188857996087,""reroll"":0.17402945113788487,""select_card_service_card"":0.022036865410359385,""select_treasure"":0.013283904850169911,""start_defense"":0.11687776748017711,""use_inventory_item"":0.047368963031613635}",0,0,0,0,5.10860538,63.346484524
original_R1,a1r-r1-p2,187,112,45.629966815312706,44.0,196.1875,,,,,,,0.5825072270777817,0.1735495798643751,0.5899117399711866,15.033688371861096,0.007186056745430923,,,,,,,,4,0.06972317463038741,0.9463344373413034,2.5722503662109375,0.9875094655737058,0.00883027757958484,0.3641287034087289,0.1758521822236381,0.11797812466815334,"{""build_tower"":0.11797812466815334,""confirm_card_service_selection"":0.028565360518211746,""continue"":0.3641287034087289,""discard_treasure"":0.00021238186258893492,""place_tower"":0.024848677922905384,""purchase_shop_item"":0.07337793352447701,""remove_tower"":0.008601465434851864,""reroll"":0.1758521822236381,""select_card_service_card"":0.028883933312095145,""select_treasure"":0.013804821068280768,""start_defense"":0.11797812466815334,""use_inventory_item"":0.04576829138791547}",0,0,0,0,4.846482706,59.245503026
original_R1,a1r-r1-p2,188,113,46.36980024973551,43.91094970703125,217.1875,,,,,,,0.551901514020868,0.17124111999020242,0.5420790236534142,14.439610857824942,0.008885792814553276,,,,,,,,4,0.07926726268558967,0.9829829854936134,2.903776168823242,0.9897748699420079,0.0074357344149952615,0.40057553956834535,0.1669064748201439,0.10858513189448442,"{""build_tower"":0.10858513189448442,""confirm_card_service_selection"":0.02273381294964029,""continue"":0.40057553956834535,""discard_treasure"":0.0011510791366906475,""place_tower"":0.027338129496402876,""purchase_shop_item"":0.07203836930455636,""remove_tower"":0.00776978417266187,""reroll"":0.1669064748201439,""select_card_service_card"":0.02330935251798561,""select_treasure"":0.012949640287769784,""start_defense"":0.10858513189448442,""use_inventory_item"":0.04805755395683453}",0,0,0,0,5.446530196,66.879418899
original_R1,a1r-r1-p2,189,114,46.12018100420634,45.023399353027344,197.08333333333334,,,,,,,0.5782745571598623,0.16898364051702935,0.5755910462624317,14.959120314242805,0.007553134256365435,,,,,,,,4,0.07237639147284869,0.9055384127674876,2.021151304244995,0.9895136124543153,0.008805266763964618,0.35993657505285415,0.17822410147991544,0.11871035940803383,"{""build_tower"":0.11871035940803383,""confirm_card_service_selection"":0.02558139534883721,""continue"":0.35993657505285415,""discard_treasure"":0.0010570824524312897,""place_tower"":0.02684989429175476,""purchase_shop_item"":0.07410147991543341,""remove_tower"":0.008562367864693447,""reroll"":0.17822410147991544,""select_card_service_card"":0.026109936575052853,""select_treasure"":0.01427061310782241,""start_defense"":0.11871035940803383,""use_inventory_item"":0.04788583509513742}",0,0,0,0,5.144780358,60.914211748
original_R1,a1r-r1-p2,190,115,45.829574743906655,44.918800354003906,199.375,5.764568850398064,41.9988007992506,36.23423194885254,102,26,0,0.5580230524723226,0.17083893661174468,0.54811278907092,15.835066077773154,0.011497914740211376,,,,,,,,4,0.08155136023599066,0.9185697597108389,2.033562421798706,0.9891446818038085,0.009136490058153868,0.3730407523510972,0.16927899686520376,0.11703239289446186,"{""build_tower"":0.11703239289446186,""confirm_card_service_selection"":0.026018808777429465,""continue"":0.3730407523510972,""discard_treasure"":0.0010449320794148381,""place_tower"":0.02884012539184953,""purchase_shop_item"":0.07042842215256008,""remove_tower"":0.012539184952978056,""reroll"":0.16927899686520376,""select_card_service_card"":0.026541274817136886,""select_treasure"":0.013584117032392894,""start_defense"":0.11703239289446186,""use_inventory_item"":0.04461859979101358}",0,0,0,0,5.081811766,62.341531639
original_R1,a1r-r1-p2,191,116,43.794208685557045,44.0,187.45833333333334,,,,,,,0.5649696980495875,0.17410649199519615,0.5732811265107658,15.287671428539664,0.008137908195648672,,,,,,,,4,0.0712162486743182,0.8814979555706183,1.7209656238555908,0.9907017718008764,0.007798169943271205,0.3761947099355412,0.18526339186485885,0.11869304289842188,"{""build_tower"":0.11869304289842188,""confirm_card_service_selection"":0.01900422316070238,""continue"":0.3761947099355412,""discard_treasure"":0.0021115803511891533,""place_tower"":0.027895087797288286,""purchase_shop_item"":0.06323627472771727,""remove_tower"":0.009113136252500556,""reroll"":0.18526339186485885,""select_card_service_card"":0.019226494776617024,""select_treasure"":0.014336519226494777,""start_defense"":0.11869304289842188,""use_inventory_item"":0.04623249611024672}",0,0,0,0,4.694250718,55.887740692
original_R1,a1r-r1-p2,192,117,43.710254073143005,42.93860054016113,183.75,,,,,,,0.585435031242823,0.18215483393642792,0.5801735677889415,15.814853259250762,0.007755523094082102,,,,,,,,4,0.0735144704580307,0.9217480704188347,2.130186080932617,0.98975065790544,0.00800659588005926,0.36575963718820864,0.18956916099773244,0.12108843537414966,"{""build_tower"":0.12108843537414966,""confirm_card_service_selection"":0.01870748299319728,""continue"":0.36575963718820864,""discard_treasure"":0.0015873015873015873,""place_tower"":0.029251700680272108,""purchase_shop_item"":0.06326530612244897,""remove_tower"":0.010997732426303855,""reroll"":0.18956916099773244,""select_card_service_card"":0.018934240362811793,""select_treasure"":0.014285714285714285,""start_defense"":0.12108843537414966,""use_inventory_item"":0.04546485260770975}",0,0,0,0,4.627908021,55.775192057
original_R1,a1r-r1-p2,193,118,44.11722914377848,43.39754867553711,193.91666666666666,,,,,,,0.5881686534538436,0.19658063252667976,0.5980339108689411,15.856919562314118,0.00814200622392958,,,,,,,,4,0.0761167927192071,0.909254476830766,1.7545655965805054,0.9889737287347463,0.008891415558881252,0.365277180919639,0.18349806617963044,0.11559948431456811,"{""build_tower"":0.11559948431456811,""confirm_card_service_selection"":0.02213149978513107,""continue"":0.365277180919639,""discard_treasure"":0.002363558229480017,""place_tower"":0.029329608938547486,""purchase_shop_item"":0.06779114740008595,""remove_tower"":0.014933390631714654,""reroll"":0.18349806617963044,""select_card_service_card"":0.022453803180060163,""select_treasure"":0.013644177051998281,""start_defense"":0.11559948431456811,""use_inventory_item"":0.04737859905457671}",0,0,0,0,4.861482442,57.100748106
original_R1,a1r-r1-p2,194,119,42.416266679763794,39.17490005493164,176.77083333333334,,,,,,,0.6132970532119684,0.20102984756804987,0.6140658868586316,16.2834518352652,0.0095337263305737,,,,,,,,4,0.07983747760162634,0.9961851254543838,4.916050434112549,0.9895537471516338,0.008994541031664567,0.3588685916322923,0.18750736593989392,0.12221567472009429,"{""build_tower"":0.12221567472009429,""confirm_card_service_selection"":0.017324690630524456,""continue"":0.3588685916322923,""discard_treasure"":0.0025928108426635237,""place_tower"":0.0309958750736594,""purchase_shop_item"":0.06187389510901591,""remove_tower"":0.018385385975250444,""reroll"":0.18750736593989392,""select_card_service_card"":0.017913965822038892,""select_treasure"":0.013906894519740719,""start_defense"":0.12221567472009429,""use_inventory_item"":0.04619917501473188}",0,0,0,0,4.728382728,53.911204914
original_R1,a1r-r1-p2,195,120,48.160624861717224,46.76675033569336,216.14583333333334,8.249474346637726,44.483706295490265,36.23423194885254,113,15,0,0.5788556765230759,0.20841056658411383,0.586532984201501,16.29255568762042,0.015039500480137266,,,,,,,,4,0.0773716265699122,0.9743558986157905,2.5895721912384033,0.9873564140602024,0.009048540091210203,0.3667469879518072,0.17773493975903615,0.11325301204819277,"{""build_tower"":0.11325301204819277,""confirm_card_service_selection"":0.022265060240963856,""continue"":0.3667469879518072,""discard_treasure"":0.0021204819277108435,""place_tower"":0.024481927710843374,""purchase_shop_item"":0.07363855421686746,""remove_tower"":0.01927710843373494,""reroll"":0.17773493975903615,""select_card_service_card"":0.022843373493975902,""select_treasure"":0.013493975903614458,""start_defense"":0.11325301204819277,""use_inventory_item"":0.050891566265060244}",0,0,0,0,5.431077174,65.203232762
original_R1,a1r-r1-p2,196,121,44.856431444485985,43.65330123901367,189.89583333333334,,,,,,,0.6362295820468531,0.2274628920359207,0.6293172970828083,17.65891887748174,0.013417212650867642,,,,,,,,4,0.08370750728580686,1.0551778852111764,2.7136306762695312,0.9881065308824241,0.00945216063539394,0.3453647833241909,0.1906747120131651,0.12013165112452003,"{""build_tower"":0.12013165112452003,""confirm_card_service_selection"":0.019528250137136587,""continue"":0.3453647833241909,""discard_treasure"":0.003730115194733955,""place_tower"":0.024245748765770708,""purchase_shop_item"":0.06659352715304444,""remove_tower"":0.0269884805266045,""reroll"":0.1906747120131651,""select_card_service_card"":0.019967087218869993,""select_treasure"":0.01415249588590236,""start_defense"":0.12013165112452003,""use_inventory_item"":0.048491497531541417}",0,0,0,0,4.688827242,55.145151467
original_R1,a1r-r1-p2,197,122,43.77455838521322,43.579999923706055,190.97916666666666,,,,,,,0.6612053516413292,0.23348005991542178,0.6477482153309716,16.929554544427024,0.03040380360976591,,,,,,,,2,0.08187111053201887,1.492068821357356,16.818275451660156,0.9891857408638095,0.01153571790524034,0.3141703938038617,0.1971201047234646,0.11683211519581106,"{""build_tower"":0.11683211519581106,""confirm_card_service_selection"":0.021053779862550453,""continue"":0.3141703938038617,""discard_treasure"":0.002508999672739173,""place_tower"":0.030544343842042108,""purchase_shop_item"":0.07254281662485,""remove_tower"":0.040798516417584814,""reroll"":0.1971201047234646,""select_card_service_card"":0.021053779862550453,""select_treasure"":0.013854041671211957,""start_defense"":0.11683211519581106,""use_inventory_item"":0.052688993127522635}",0,0,0,0,4.926333921,26.97589347
original_R1,a1r-r1-p2,198,123,44.37006656328837,43.75819969177246,196.1875,,,,,,,0.6214888125167984,0.22382845625459716,0.6129460753621282,16.304093936008297,0.04081505740435426,,,,,,,,1,0.09357876995125332,1.2804344989158012,3.8562986850738525,0.9869811411851358,0.01501274123989247,0.33131570563873847,0.19103748539874696,0.11532335138579165,"{""build_tower"":0.11532335138579165,""confirm_card_service_selection"":0.0225124774344271,""continue"":0.33131570563873847,""discard_treasure"":0.0014866730381225444,""place_tower"":0.028671551449506213,""purchase_shop_item"":0.07624508866942763,""remove_tower"":0.027609642136561537,""reroll"":0.19103748539874696,""select_card_service_card"":0.023043432090899436,""select_treasure"":0.0136986301369863,""start_defense"":0.11532335138579165,""use_inventory_item"":0.05373261123500053}",0,0,0,0,5.106394571,14.736909599
original_R1,a1r-r1-p2,199,124,46.8525017897288,46.236900329589844,205.04166666666666,,,,,,,0.5962793682955018,0.21808484134263517,0.5865305509322729,17.065749468602085,0.031034929274867933,,,,,,,,1,0.0831277412481797,1.547670827462123,7.562563896179199,0.9896910642540598,0.012537161246515237,0.3377362324730746,0.18644584434058117,0.11643974801869539,"{""build_tower"":0.11643974801869539,""confirm_card_service_selection"":0.023267628530786427,""continue"":0.3377362324730746,""discard_treasure"":0.001625685836212152,""place_tower"":0.025604551920341393,""purchase_shop_item"":0.0790489737858159,""remove_tower"":0.021438731965047756,""reroll"":0.18644584434058117,""select_card_service_card"":0.023470839260312945,""select_treasure"":0.013615118878276773,""start_defense"":0.11643974801869539,""use_inventory_item"":0.05486689697216013}",0,0,0,0,5.253595796,15.69049847
original_R1,a1r-r1-p2,200,125,44.40112074216207,43.589149475097656,191.22916666666666,9.454021081328392,45.68825303018093,36.23423194885254,114,14,0,0.6399611764927166,0.2417358120745456,0.6330831696589788,17.586439514026598,0.02156593173114945,,,,,,,,1,0.07643149896628326,1.3397504323058658,2.8713572025299072,0.9875368506065396,0.01607324079506927,0.3255256563895849,0.19479246105240222,0.11809565312125504,"{""build_tower"":0.11809565312125504,""confirm_card_service_selection"":0.02178886588953045,""continue"":0.3255256563895849,""discard_treasure"":0.0028325525656389583,""place_tower"":0.02603769473798889,""purchase_shop_item"":0.07244797908268874,""remove_tower"":0.03213857718705741,""reroll"":0.19479246105240222,""select_card_service_card"":0.022006754548425756,""select_treasure"":0.014271707157642444,""start_defense"":0.11809565312125504,""use_inventory_item"":0.05196644514653012}",0,0,0,0,4.83557699,14.043733752
original_R1,a1r-r1-p2,201,126,45.93267913659414,43.824249267578125,188.75,,,,,,,0.6459933625671316,0.23753995973567543,0.6233435157272551,17.42112152285342,0.04919110474156696,,,,,,,,1,0.08493489565120803,1.2825553251637354,2.989016532897949,0.9856466570354896,0.017471234960895445,0.3195364238410596,0.19757174392935983,0.12406181015452539,"{""build_tower"":0.12406181015452539,""confirm_card_service_selection"":0.023620309050772628,""continue"":0.3195364238410596,""discard_treasure"":0.003532008830022075,""place_tower"":0.01434878587196468,""purchase_shop_item"":0.07428256070640177,""remove_tower"":0.02891832229580574,""reroll"":0.19757174392935983,""select_card_service_card"":0.023951434878587197,""select_treasure"":0.01445916114790287,""start_defense"":0.12406181015452539,""use_inventory_item"":0.051655629139072845}",0,0,0,0,5.087268686,16.441043227
original_R1,a1r-r1-p2,202,127,44.2459165652593,43.243900299072266,195.47916666666666,,,,,,,0.645172495175399,0.2374932301834501,0.6373808561144648,18.12233535501848,0.09393825475450829,,,,,,,,1,0.08103113883250468,1.401647546806851,4.008374214172363,0.9887342252648804,0.014090648134918633,0.346797399552382,0.19929660023446658,0.11531493125865928,"{""build_tower"":0.11531493125865928,""confirm_card_service_selection"":0.016306085473729085,""continue"":0.346797399552382,""discard_treasure"":0.0033038473835660235,""place_tower"":0.01886390280294149,""purchase_shop_item"":0.07108600660769476,""remove_tower"":0.02877544495363956,""reroll"":0.19929660023446658,""select_card_service_card"":0.016625812639880635,""select_treasure"":0.013428540978365128,""start_defense"":0.11531493125865928,""use_inventory_item"":0.0548864968560162}",0,0,0,0,5.096233211,14.523161873
original_R1,a1r-r1-p2,203,128,45.265708247820534,43.39449882507324,197.91666666666666,,,,,,,0.6541011121975271,0.2467622056681078,0.653642801862014,18.753906957811843,0.046822687594804416,,,,,,,,1,0.10789179998008828,4.222349875851681,37.66176223754883,0.9841491406479208,0.01681156218738148,0.34757894736842104,0.2014736842105263,0.11621052631578947,"{""build_tower"":0.11621052631578947,""confirm_card_service_selection"":0.008421052631578947,""continue"":0.34757894736842104,""discard_treasure"":0.003473684210526316,""place_tower"":0.023578947368421053,""purchase_shop_item"":0.06494736842105263,""remove_tower"":0.03873684210526316,""reroll"":0.2014736842105263,""select_card_service_card"":0.008421052631578947,""select_treasure"":0.013789473684210527,""start_defense"":0.11621052631578947,""use_inventory_item"":0.0571578947368421}",0,0,0,0,4.960047572,13.949143081999999
original_R1,a1r-r1-p2,204,129,44.75530016422272,43.592899322509766,192.27083333333334,,,,,,,0.6675027481819339,0.2518194877291192,0.6529173142201191,18.08317116113089,0.023470468581001262,,,,,,,,1,0.10321920485915365,2.985286659485585,14.505982398986816,0.9853424510041927,0.01691024863740077,0.3418571892946148,0.20684797919601258,0.11853938671578719,"{""build_tower"":0.11853938671578719,""confirm_card_service_selection"":0.006609600173366562,""continue"":0.3418571892946148,""discard_treasure"":0.003250623036081916,""place_tower"":0.021887528442951564,""purchase_shop_item"":0.06447069021562467,""remove_tower"":0.03944089283779391,""reroll"":0.20684797919601258,""select_card_service_card"":0.006717954274569293,""select_treasure"":0.01441109545996316,""start_defense"":0.11853938671578719,""use_inventory_item"":0.05742767363744718}",0,0,0,0,4.780893756,13.311371173
original_R1,a1r-r1-p2,205,130,46.123085618019104,45.105098724365234,203.27083333333334,7.808260232210159,44.0424921810627,36.23423194885254,109,19,0,0.6503641248104693,0.23961689204663067,0.6340992053349813,17.744269582245316,0.17114060699924055,,,,,,,,1,0.1203200985223819,2.9318743378688126,18.421337127685547,0.987103344659423,0.01689227257305995,0.37265552936353386,0.2013938710669263,0.11560930613918212,"{""build_tower"":0.11560930613918212,""confirm_card_service_selection"":0.0030747155888080353,""continue"":0.37265552936353386,""discard_treasure"":0.0024597724710464283,""place_tower"":0.022752895357179462,""purchase_shop_item"":0.06026442554063749,""remove_tower"":0.03351439991800759,""reroll"":0.2013938710669263,""select_card_service_card"":0.00317720610843497,""select_treasure"":0.014041201188890028,""start_defense"":0.11560930613918212,""use_inventory_item"":0.05544737111817157}",0,0,0,0,5.092952532,14.082150429
original_R1,a1r-r1-p2,206,131,45.598504225413,44.0,204.125,,,,,,,0.620139533491193,0.22977655025237342,0.6145988320692991,17.436964901400195,0.03934092353600322,,,,,,,,1,0.1099702381552794,2.994456654939896,8.975329399108887,0.9868000545913588,0.016441050057227794,0.39753010818534396,0.19310063278220044,0.11349254949989794,"{""build_tower"":0.11349254949989794,""confirm_card_service_selection"":0.003674219228413962,""continue"":0.39753010818534396,""discard_treasure"":0.0020412329046744235,""place_tower"":0.019902020820575628,""purchase_shop_item"":0.05950193917125944,""remove_tower"":0.0260257195345989,""reroll"":0.19310063278220044,""select_card_service_card"":0.003674219228413962,""select_treasure"":0.013370075525617474,""start_defense"":0.11349254949989794,""use_inventory_item"":0.05419473361910594}",0,0,0,0,5.049705038,14.331239005
original_R1,a1r-r1-p2,207,132,48.02238941192627,46.55574989318848,218.52083333333334,,,,,,,0.5950909167609367,0.22005809845212218,0.588779240119748,16.806688249792195,0.045083331846576695,,,,,,,,1,0.11626000956791203,3.1994075833297355,19.762434005737305,0.987284894409853,0.015443377719238037,0.40480503384498046,0.18762513108971304,0.11164076651730384,"{""build_tower"":0.11164076651730384,""confirm_card_service_selection"":0.0058156163599961865,""continue"":0.40480503384498046,""discard_treasure"":0.002764801220326056,""place_tower"":0.01449137191343312,""purchase_shop_item"":0.06387644198684336,""remove_tower"":0.02230908570883783,""reroll"":0.18762513108971304,""select_card_service_card"":0.0058156163599961865,""select_treasure"":0.013347316236056821,""start_defense"":0.11164076651730384,""use_inventory_item"":0.055868052245209264}",0,0,0,0,5.26684671,15.559448198
original_R1,a1r-r1-p2,208,133,46.606693744659424,44.74245071411133,203.27083333333334,,,,,,,0.627116944532996,0.22239266280993236,0.6311357984176049,17.05783140728628,0.04128590119697224,,,,,,,,1,0.11741890471715194,3.3404089365250025,17.75957679748535,0.9843158196509001,0.019636245611577462,0.3804448088551809,0.1990365891155068,0.11653172081582454,"{""build_tower"":0.11653172081582454,""confirm_card_service_selection"":0.004509582863585118,""continue"":0.3804448088551809,""discard_treasure"":0.0029722250691811007,""place_tower"":0.020293122886133032,""purchase_shop_item"":0.06149431177616071,""remove_tower"":0.025110177308598956,""reroll"":0.1990365891155068,""select_card_service_card"":0.004714563902838987,""select_treasure"":0.013938710669263093,""start_defense"":0.11653172081582454,""use_inventory_item"":0.054422465921902224}",0,0,0,0,5.152423628,14.883473892
original_R1,a1r-r1-p2,209,134,46.51429796218872,44.187700271606445,205.875,,,,,,,0.6006846496770398,0.20964074531974938,0.5887617805065253,16.959505043990262,0.05552468457207373,,,,,,,,1,0.10452308104588436,2.384180249311985,9.911598205566406,0.9870466479557745,0.01674040289930044,0.378769479862376,0.1887269783444647,0.11485529245092087,"{""build_tower"":0.11485529245092087,""confirm_card_service_selection"":0.009815826755717466,""continue"":0.378769479862376,""discard_treasure"":0.003339404978749241,""place_tower"":0.01912568306010929,""purchase_shop_item"":0.06931795183161303,""remove_tower"":0.01973284760170006,""reroll"":0.1887269783444647,""select_card_service_card"":0.010018214936247723,""select_treasure"":0.013256425824731835,""start_defense"":0.11485529245092087,""use_inventory_item"":0.0581866019024489}",0,0,0,0,5.144619807,14.746732906
original_R1,a1r-r1-p2,210,135,50.69007714589437,50.72945022583008,214.52083333333334,9.93149921298027,46.16573116183281,36.23423194885254,120,8,0,0.5838375634341116,0.20508071860425797,0.5915701440194758,16.386102516211704,0.036158922666223454,,,,,,,,1,0.13589805291920173,3.162730106493322,7.361276149749756,0.9851464355136443,0.01742789437767209,0.3999223074681946,0.1868505389919394,0.12013207730406915,"{""build_tower"":0.12013207730406915,""confirm_card_service_selection"":0.0032048169369719337,""continue"":0.3999223074681946,""discard_treasure"":0.0035932795959988345,""place_tower"":0.010100029134699427,""purchase_shop_item"":0.06370787608041177,""remove_tower"":0.01718947266194037,""reroll"":0.1868505389919394,""select_card_service_card"":0.0032048169369719337,""select_treasure"":0.013790424395454987,""start_defense"":0.12013207730406915,""use_inventory_item"":0.05817228318927843}",0,0,0,0,5.26535567,15.41620959
original_R1,a1r-r1-p2,211,136,48.9638622601827,48.74435043334961,214.14583333333334,,,,,,,0.5890994938232313,0.20331066402680573,0.5840096720835057,16.900354898905853,0.0280051440639931,,,,,,,,1,0.09866273843842309,3.2155779832746925,9.83882999420166,0.9870791384493562,0.017927050045350702,0.4047086292440899,0.20147874306839186,0.11645101663585952,"{""build_tower"":0.11645101663585952,""confirm_card_service_selection"":0.0009728572818367545,""continue"":0.4047086292440899,""discard_treasure"":0.0017511431073061582,""place_tower"":0.011285144469306353,""purchase_shop_item"":0.06041443720206246,""remove_tower"":0.013036287576612512,""reroll"":0.20147874306839186,""select_card_service_card"":0.0009728572818367545,""select_treasure"":0.013522716217530888,""start_defense"":0.11645101663585952,""use_inventory_item"":0.058955151279307325}",0,0,0,0,5.284635213,15.356746669
original_R1,a1r-r1-p2,212,137,49.01466258366903,50.53350067138672,201.79166666666666,,,,,,,0.5969345937552195,0.22047848237607798,0.5834052343117563,15.970209575474085,0.11974381104941681,,,,,,,,1,0.1389504810305018,5.080096152267958,76.14529418945312,0.9862955406532444,0.019262604930094983,0.3876729300020648,0.19698533966549658,0.12347718356390668,"{""build_tower"":0.12347718356390668,""confirm_card_service_selection"":0.0003097253768325418,""continue"":0.3876729300020648,""discard_treasure"":0.0021680776378277928,""place_tower"":0.00681395829031592,""purchase_shop_item"":0.06215155895106339,""remove_tower"":0.020751600247780302,""reroll"":0.19698533966549658,""select_card_service_card"":0.0003097253768325418,""select_treasure"":0.01466033450340698,""start_defense"":0.12347718356390668,""use_inventory_item"":0.06122238282056577}",0,0,0,0,4.939264251,14.011381655
original_R1,a1r-r1-p2,213,138,47.72435212135315,47.10989952087402,193.02083333333334,,,,,,,0.5902977609590252,0.21892500604659088,0.5626140961775908,16.30764391044543,0.12608368841658277,,,,,,,,1,0.15250965268225283,5.331195447895978,94.74646759033203,0.9874520465502986,0.01716735908711279,0.39255261737722613,0.19913653534808418,0.12563410685375068,"{""build_tower"":0.12563410685375068,""confirm_card_service_selection"":0.00010793308148947653,""continue"":0.39255261737722613,""discard_treasure"":0.002050728548300054,""place_tower"":0.005072854830005397,""purchase_shop_item"":0.05709660010793308,""remove_tower"":0.01899622234214787,""reroll"":0.19913653534808418,""select_card_service_card"":0.00010793308148947653,""select_treasure"":0.015110631408526714,""start_defense"":0.12563410685375068,""use_inventory_item"":0.058499730167296274}",0,0,0,0,4.679176023,13.43458057
original_R1,a1r-r1-p2,214,139,44.97693951924642,43.38335037231445,174.6875,,,,,,,0.6191310444430969,0.21447169927375237,0.6227859926946235,16.918888351051827,0.02616105993354612,,,,,,,,1,0.09247183619123517,3.5595736088174763,11.132406234741211,0.9876971353272114,0.016983488828621128,0.3735241502683363,0.20238521168753726,0.1308288610614192,"{""build_tower"":0.1308288610614192,""confirm_card_service_selection"":0.0005963029218843172,""continue"":0.3735241502683363,""discard_treasure"":0.002385211687537269,""place_tower"":0.0033392963625521765,""purchase_shop_item"":0.05831842576028622,""remove_tower"":0.02146690518783542,""reroll"":0.20238521168753726,""select_card_service_card"":0.0005963029218843172,""select_treasure"":0.015503875968992248,""start_defense"":0.1308288610614192,""use_inventory_item"":0.06022659511031604}",0,0,0,0,4.482131484,12.648225943
original_R1,a1r-r1-p2,215,140,48.234964768091835,46.382301330566406,183.20833333333334,11.50973442196846,47.743966370821,36.23423194885254,124,4,0,0.6288904241950851,0.2244993522768226,0.6279806801251002,16.761266459729526,0.11260640477911303,,,,,,,,1,0.1328273811510631,4.023244677271162,27.334396362304688,0.9868647402737927,0.018655495398810933,0.34239254036843303,0.21173527405048898,0.13372754150557198,"{""build_tower"":0.13372754150557198,""confirm_card_service_selection"":0.0009097111667045713,""continue"":0.34239254036843303,""discard_treasure"":0.0018194223334091425,""place_tower"":0.0020468501250852852,""purchase_shop_item"":0.0644757789401865,""remove_tower"":0.027518762792813282,""reroll"":0.21173527405048898,""select_card_service_card"":0.0009097111667045713,""select_treasure"":0.01591994541733,""start_defense"":0.13372754150557198,""use_inventory_item"":0.06481692062770071}",0,0,0,0,4.6090317,12.847240717
original_R1,a1r-r1-p2,216,141,46.82514782746633,45.27820014953613,179.52083333333334,,,,,,,0.6441481891484521,0.2336595749229741,0.6385207035962273,16.351725200103758,0.07739287701449085,,,,,,,,1,0.1284283360137659,2.970148926272112,14.000534057617188,0.9847086146867918,0.021401396295165315,0.3423465243124057,0.21318324242775907,0.1328768713009168,"{""build_tower"":0.1328768713009168,""confirm_card_service_selection"":0.00046419867703377044,""continue"":0.3423465243124057,""discard_treasure"":0.0029012417314610655,""place_tower"":0.002088894046651967,""purchase_shop_item"":0.06266682139955901,""remove_tower"":0.030056864337936636,""reroll"":0.21318324242775907,""select_card_service_card"":0.00046419867703377044,""select_treasure"":0.01555065568063131,""start_defense"":0.1328768713009168,""use_inventory_item"":0.0645236161076941}",0,0,0,0,4.53844226,12.3888765
original_R1,a1r-r1-p2,217,142,49.64164980252584,50.18510055541992,190.375,,,,,,,0.6278353997086694,0.23560266321564688,0.6254543662071228,17.24462885601333,0.0572302492715203,,,,,,,,1,0.12737618014216423,4.280858423974779,20.67936134338379,0.9826369274290961,0.02445569411954946,0.3497483037863865,0.20551543007222586,0.13230466185160866,"{""build_tower"":0.13230466185160866,""confirm_card_service_selection"":0.0001094331363536879,""continue"":0.3497483037863865,""discard_treasure"":0.0037207266360253883,""place_tower"":0.0016414970453053185,""purchase_shop_item"":0.06478441672138323,""remove_tower"":0.026920551543007223,""reroll"":0.20551543007222586,""select_card_service_card"":0.0001094331363536879,""select_treasure"":0.015539505362223682,""start_defense"":0.13230466185160866,""use_inventory_item"":0.06730137885751805}",0,0,0,0,4.724860947,13.585744292
original_R1,a1r-r1-p2,218,143,47.03574808438619,44.36885070800781,186.08333333333334,,,,,,,0.6254771925976513,0.2366298536181896,0.6118927427700588,16.589123739867862,0.03572111181045849,,,,,,,,1,0.10916940782751355,3.0934050151279995,15.45874309539795,0.9813572730172696,0.02491213125841958,0.3577026421854008,0.20577698163905062,0.12819077474249888,"{""build_tower"":0.12819077474249888,""confirm_card_service_selection"":0.0002239140170174653,""continue"":0.3577026421854008,""discard_treasure"":0.0033587102552619795,""place_tower"":0.0013434841021047917,""purchase_shop_item"":0.06056874160322436,""remove_tower"":0.035826242722794444,""reroll"":0.20577698163905062,""select_card_service_card"":0.0002239140170174653,""select_treasure"":0.015114196148678908,""start_defense"":0.12819077474249888,""use_inventory_item"":0.06347962382445141}",0,0,0,0,4.519160119,12.729560927
original_R1,a1r-r1-p2,219,144,47.80057708422343,49.341299057006836,182.79166666666666,,,,,,,0.6213633761719657,0.22693650003119403,0.6331698264394487,16.66356770555963,0.046975050244197646,,,,,,,,2,0.13188775522368296,4.003228240353721,28.02699089050293,0.9816970491005073,0.02406766659447125,0.34545247321632094,0.21381354000455893,0.133120583542284,"{""build_tower"":0.133120583542284,""confirm_card_service_selection"":0.00011397310234784591,""continue"":0.34545247321632094,""discard_treasure"":0.00250740825165261,""place_tower"":0.0013676772281741509,""purchase_shop_item"":0.06177342147253248,""remove_tower"":0.027923410075222248,""reroll"":0.21381354000455893,""select_card_service_card"":0.00011397310234784591,""select_treasure"":0.01561431502165489,""start_defense"":0.133120583542284,""use_inventory_item"":0.06507864144062002}",0,0,0,0,4.578663774,25.13705772
original_R1,a1r-r1-p2,220,145,47.22036465009054,46.383100509643555,186.25,9.33791407942772,45.57214602828026,36.23423194885254,122,6,0,0.588019364005354,0.2232226326633613,0.5744949630328587,16.032132598064788,0.043159695359437526,,,,,,,,1,0.11094128319195339,3.960085851805551,21.015426635742188,0.985274937789759,0.020548244432679243,0.37930648769574943,0.20212527964205818,0.12919463087248323,"{""build_tower"":0.12919463087248323,""confirm_card_service_selection"":0.0,""continue"":0.37930648769574943,""discard_treasure"":0.003355704697986577,""place_tower"":0.0016778523489932886,""purchase_shop_item"":0.05715883668903803,""remove_tower"":0.02192393736017897,""reroll"":0.20212527964205818,""select_card_service_card"":0.0,""select_treasure"":0.015436241610738255,""start_defense"":0.12919463087248323,""use_inventory_item"":0.060626398210290824}",0,0,0,0,4.626949883,12.902889217
original_R1,a1r-r1-p2,221,146,45.47034168243408,44.47084999084473,170.5,,,,,,,0.575912040110458,0.21180859427946372,0.5787596637383103,15.780699068184104,0.03314834827563118,,,,,,,,2,0.13262742559891194,3.937425285577774,13.085291862487793,0.984490185172164,0.019436228147242218,0.3517839687194526,0.21823069403714565,0.135752688172043,"{""build_tower"":0.135752688172043,""confirm_card_service_selection"":0.0,""continue"":0.3517839687194526,""discard_treasure"":0.004032258064516129,""place_tower"":0.0012218963831867058,""purchase_shop_item"":0.05510752688172043,""remove_tower"":0.020283479960899315,""reroll"":0.21823069403714565,""select_card_service_card"":0.0,""select_treasure"":0.016251221896383186,""start_defense"":0.135752688172043,""use_inventory_item"":0.06158357771260997}",0,0,0,0,4.355832845,24.042883944
original_R1,a1r-r1-p2,222,147,44.08683959643046,44.1971492767334,156.95833333333334,,,,,,,0.5716426750865767,0.20937988887543568,0.5638165891170501,14.45763296680924,0.03203469914466647,,,,,,,,1,0.11114109853903452,4.292106000582377,32.14714813232422,0.9853805459760818,0.022580351556340854,0.33899654897796655,0.2268383328908946,0.14321741438810726,"{""build_tower"":0.14321741438810726,""confirm_card_service_selection"":0.0,""continue"":0.33899654897796655,""discard_treasure"":0.001990974250066366,""place_tower"":0.0015927794000530925,""purchase_shop_item"":0.048579771701619326,""remove_tower"":0.02243164321741439,""reroll"":0.2268383328908946,""select_card_service_card"":0.0,""select_treasure"":0.017122378550570746,""start_defense"":0.14321741438810726,""use_inventory_item"":0.056012742235200426}",0,0,0,0,3.9989778830000002,10.627142069
original_R1,a1r-r1-p2,223,148,46.76680636405945,45.553001403808594,177.22916666666666,,,,,,,0.5248006423382254,0.1975974278423277,0.5227271362262613,14.494083659990121,0.13441831544332672,,,,,,,,1,0.13102099956835017,9.006045749958824,67.60636138916016,0.986084443873379,0.021607942605281576,0.3850946279534501,0.2065357940519572,0.13424238862113552,"{""build_tower"":0.13424238862113552,""confirm_card_service_selection"":0.00011755025273304338,""continue"":0.3850946279534501,""discard_treasure"":0.0029387563183260845,""place_tower"":0.0004702010109321735,""purchase_shop_item"":0.05078170918067474,""remove_tower"":0.014811331844363465,""reroll"":0.2065357940519572,""select_card_service_card"":0.00011755025273304338,""select_treasure"":0.015751733866227812,""start_defense"":0.13424238862113552,""use_inventory_item"":0.05489596802633126}",0,0,0,0,4.46434324,12.115840411
original_R1,a1r-r1-p2,224,149,43.64640204111735,43.73435020446777,142.6875,,,,,,,0.5315333278054687,0.1799243917551869,0.5205821715019368,13.176652269326926,0.0318573857086314,,,,,,,,1,0.14648549948577527,5.803973811644095,34.23881530761719,0.98451297744967,0.023573957728566946,0.3105562855891371,0.2474813841436706,0.15593517301795884,"{""build_tower"":0.15593517301795884,""confirm_card_service_selection"":0.0,""continue"":0.3105562855891371,""discard_treasure"":0.002774127609870054,""place_tower"":0.0008760402978537013,""purchase_shop_item"":0.04526208205577457,""remove_tower"":0.010220470141626515,""reroll"":0.2474813841436706,""select_card_service_card"":0.0,""select_treasure"":0.018688859687545627,""start_defense"":0.15593517301795884,""use_inventory_item"":0.05227040443860417}",0,0,0,0,3.85014269,9.851570546
original_R1,a1r-r1-p2,225,150,43.53435822327932,42.86054992675781,133.375,8.899061858654022,45.13329380750656,36.23423194885254,120,8,0,0.532612753696158,0.1784555992507484,0.495916508476232,13.026554083058196,0.03185161418025473,,,,,,,,1,0.12049278846153846,5.3828407526016235,29.064027786254883,0.9856466117340551,0.022808019627028935,0.2781943142767885,0.24882849109653232,0.1661980631052796,"{""build_tower"":0.1661980631052796,""confirm_card_service_selection"":0.0,""continue"":0.2781943142767885,""discard_treasure"":0.002655420181193377,""place_tower"":0.00046860356138706655,""purchase_shop_item"":0.05029678225554514,""remove_tower"":0.008903467666354265,""reroll"":0.24882849109653232,""select_card_service_card"":0.0,""select_treasure"":0.02077475788815995,""start_defense"":0.1661980631052796,""use_inventory_item"":0.05748203686348016}",0,0,0,0,3.744532241,9.355533933
original_R1,a1r-r1-p2,226,151,44.0639394124349,43.55635070800781,134.33333333333334,,,,,,,0.5097948999808141,0.16133588842387844,0.519293799996376,13.29489257336929,0.0292256829174081,,,,,,,,1,0.13206129807692307,4.078872983272259,11.695663452148438,0.9852945032913814,0.02738884363610011,0.28101736972704716,0.2548076923076923,0.16687344913151364,"{""build_tower"":0.16687344913151364,""confirm_card_service_selection"":0.0,""continue"":0.28101736972704716,""discard_treasure"":0.003411910669975186,""place_tower"":0.0004652605459057072,""purchase_shop_item"":0.044820099255583126,""remove_tower"":0.008839950372208437,""reroll"":0.2548076923076923,""select_card_service_card"":0.0,""select_treasure"":0.020471464019851116,""start_defense"":0.16687344913151364,""use_inventory_item"":0.05241935483870968}",0,0,0,0,3.724423127,9.502172221
original_R1,a1r-r1-p2,227,152,43.44885834058126,43.02905082702637,137.125,,,,,,,0.5278106828944406,0.17083921180849332,0.5391390231939462,13.763086092151608,0.053640105784954636,,,,,,,,1,0.13791241812018248,5.943262246938852,23.477693557739258,0.9845363816132878,0.01911636621046525,0.30127620783956244,0.2500759647523549,0.16165299301124278,"{""build_tower"":0.16165299301124278,""confirm_card_service_selection"":0.0,""continue"":0.30127620783956244,""discard_treasure"":0.003950167122455181,""place_tower"":0.0009115770282588879,""purchase_shop_item"":0.04314797933758736,""remove_tower"":0.006988757216651474,""reroll"":0.2500759647523549,""select_card_service_card"":0.0,""select_treasure"":0.019750835612275905,""start_defense"":0.16165299301124278,""use_inventory_item"":0.050592525068368276}",0,0,0,0,3.7447821599999997,9.47263523
original_R1,a1r-r1-p2,228,153,42.80246225992838,42.47184944152832,134.60416666666666,,,,,,,0.5389163337197628,0.17152607293370845,0.5368514857613124,13.592403266419423,0.024909267483683203,,,,,,,,2,0.12894688890530512,4.979847726913599,21.00896453857422,0.9889695491623728,0.013311150053945871,0.2965485219006346,0.25444977557653614,0.16143011917659805,"{""build_tower"":0.16143011917659805,""confirm_card_service_selection"":0.0,""continue"":0.2965485219006346,""discard_treasure"":0.0038693700665531653,""place_tower"":0.0004643244079863798,""purchase_shop_item"":0.04426559356136821,""remove_tower"":0.006190992106485064,""reroll"":0.25444977557653614,""select_card_service_card"":0.0,""select_treasure"":0.01965639993809008,""start_defense"":0.16143011917659805,""use_inventory_item"":0.051694784089150285}",0,0,0,0,3.683320711,18.835848924
original_R1,a1r-r1-p2,229,154,44.94966665903727,43.65825080871582,146.58333333333334,,,,,,,0.5233017376091862,0.1882284356944647,0.5194696954318455,13.845941418043962,0.043114522954299773,,,,,,,,1,0.10094596046422209,5.0800599583557675,17.846521377563477,0.9855103280030287,0.01761469554289111,0.3148095508811825,0.23962478681068788,0.1557703240477544,"{""build_tower"":0.1557703240477544,""confirm_card_service_selection"":0.0,""continue"":0.3148095508811825,""discard_treasure"":0.003695281409891984,""place_tower"":0.0012791358726549175,""purchase_shop_item"":0.04732802728823195,""remove_tower"":0.00824332006822058,""reroll"":0.23962478681068788,""select_card_service_card"":0.0,""select_treasure"":0.019329164297896533,""start_defense"":0.1557703240477544,""use_inventory_item"":0.054150085275724846}",0,0,0,0,3.913818583,10.222005663
original_R1,a1r-r1-p2,230,155,46.057718992233276,43.916250228881836,158.375,8.249736934900284,44.48396888375282,36.23423194885254,114,14,0,0.5105350637556456,0.18812541322550647,0.5123274018367131,14.153090074757316,0.10504148910173777,,,,,,,,1,0.1117216760913531,7.951285004615784,89.47732543945312,0.9843854981604178,0.017554761717716853,0.35569586950802423,0.22309918442515128,0.14785582741383846,"{""build_tower"":0.14785582741383846,""confirm_card_service_selection"":0.0,""continue"":0.35569586950802423,""discard_treasure"":0.0032886082609839516,""place_tower"":0.0005261773217574323,""purchase_shop_item"":0.04446198368850303,""remove_tower"":0.008287292817679558,""reroll"":0.22309918442515128,""select_card_service_card"":0.0,""select_treasure"":0.018021573270192055,""start_defense"":0.14785582741383846,""use_inventory_item"":0.05090765588003157}",0,0,0,0,4.053530444,10.998537348
original_R1,a1r-r1-p2,231,156,44.4684374332428,43.82600021362305,155.625,,,,,,,0.5255264727360134,0.19404617545161434,0.5161815136671066,14.368655967566134,0.0622282700850216,,,,,,,,2,0.12315443828701973,3.9780242552359897,17.34726333618164,0.9865019516156401,0.0143500664892296,0.3578313253012048,0.22048192771084338,0.14564926372155287,"{""build_tower"":0.14564926372155287,""confirm_card_service_selection"":0.0,""continue"":0.3578313253012048,""discard_treasure"":0.0036144578313253013,""place_tower"":0.0008032128514056225,""purchase_shop_item"":0.04484605087014726,""remove_tower"":0.011914323962516734,""reroll"":0.22048192771084338,""select_card_service_card"":0.0,""select_treasure"":0.018072289156626505,""start_defense"":0.14564926372155287,""use_inventory_item"":0.051137884872824634}",0,0,0,0,3.986394628,21.257343293
original_R1,a1r-r1-p2,232,157,40.616260290145874,39.99995040893555,118.54166666666667,,,,,,,0.5235450040531804,0.17528280591500786,0.5276487171649933,13.872480911029273,0.026078206197543415,,,,,,,,2,0.1533159198968307,4.762221841708474,12.167742729187012,0.9837592386664827,0.01765832651163573,0.26133567662565904,0.2711775043936731,0.17539543057996484,"{""build_tower"":0.17539543057996484,""confirm_card_service_selection"":0.0,""continue"":0.26133567662565904,""discard_treasure"":0.0045694200351493845,""place_tower"":0.0012302284710017574,""purchase_shop_item"":0.03479789103690686,""remove_tower"":0.011423550087873463,""reroll"":0.2711775043936731,""select_card_service_card"":0.0,""select_treasure"":0.020738137082601055,""start_defense"":0.17539543057996484,""use_inventory_item"":0.043936731107205626}",0,0,0,0,3.328384788,16.500866324
original_R1,a1r-r1-p2,233,158,42.175012270609535,42.1335506439209,123.97916666666667,,,,,,,0.5343199222535222,0.17857754811684967,0.5403464324772358,14.384163321526502,0.025962160283900932,,,,,,,,1,0.11613084934651852,4.642138123512268,13.346121788024902,0.9825155839061517,0.023552345655237634,0.2665098302806251,0.2688623760712485,0.17308015459586623,"{""build_tower"":0.17308015459586623,""confirm_card_service_selection"":0.0,""continue"":0.2665098302806251,""discard_treasure"":0.004705091581246849,""place_tower"":0.000504116955133591,""purchase_shop_item"":0.03528818685935137,""remove_tower"":0.013779196773651487,""reroll"":0.2688623760712485,""select_card_service_card"":0.0,""select_treasure"":0.02083683414552176,""start_defense"":0.17308015459586623,""use_inventory_item"":0.04335405814148883}",0,0,0,0,3.478684098,8.527637504
original_R1,a1r-r1-p2,234,159,41.73458747069041,41.47134971618652,121.97916666666667,,,,,,,0.5347060267399668,0.18177407217466204,0.5296679553778275,14.02505177408389,0.023244546995872795,,,,,,,,1,0.11926210056180539,5.021922546884288,11.417204856872559,0.9825520435732742,0.022177121723475662,0.2703672075149445,0.2652433817250214,0.17455166524338173,"{""build_tower"":0.17455166524338173,""confirm_card_service_selection"":0.0,""continue"":0.2703672075149445,""discard_treasure"":0.004782237403928267,""place_tower"":0.0003415883859948762,""purchase_shop_item"":0.03313407344150299,""remove_tower"":0.015029888983774551,""reroll"":0.2652433817250214,""select_card_service_card"":0.0,""select_treasure"":0.020836891545687446,""start_defense"":0.17455166524338173,""use_inventory_item"":0.04116140051238258}",0,0,0,0,3.380206425,8.354754952
original_R1,a1r-r1-p2,235,160,41.37932940324148,41.73025131225586,132.4375,5.172757998108864,41.4069899469614,36.23423194885254,104,24,0,0.49564687370177124,0.17750261380738708,0.49533248543739317,14.452754145647427,0.03467624081727991,,,,,,,,1,0.11416886746883392,4.360003070831299,19.135915756225586,0.9828586039203212,0.022753015607595444,0.3347490954852918,0.24209532798489855,0.15935189554821458,"{""build_tower"":0.15935189554821458,""confirm_card_service_selection"":0.0,""continue"":0.3347490954852918,""discard_treasure"":0.0034607519270095956,""place_tower"":0.00015730690577316344,""purchase_shop_item"":0.03114676734308636,""remove_tower"":0.012899166273399402,""reroll"":0.24209532798489855,""select_card_service_card"":0.0,""select_treasure"":0.019348749410099102,""start_defense"":0.15935189554821458,""use_inventory_item"":0.0374390435740129}",0,0,0,0,3.5266910339999997,8.95162451
original_R1,a1r-r1-p2,236,161,44.04528121153513,43.38599967956543,139.6875,,,,,,,0.4908308935894393,0.1763718937924707,0.48694585650055494,14.429805117158997,0.03404091648311199,,,,,,,,1,0.1258532926440239,4.736104828340036,21.72758674621582,0.9807355050257865,0.023137384059804457,0.32304250559284114,0.24086502609992544,0.16092468307233407,"{""build_tower"":0.16092468307233407,""confirm_card_service_selection"":0.0,""continue"":0.32304250559284114,""discard_treasure"":0.003877703206562267,""place_tower"":0.0,""purchase_shop_item"":0.0348993288590604,""remove_tower"":0.014615958240119313,""reroll"":0.24086502609992544,""select_card_service_card"":0.0,""select_treasure"":0.01953765846383296,""start_defense"":0.16092468307233407,""use_inventory_item"":0.041312453392990306}",0,0,0,0,3.6744903730000003,9.71609413
original_R1,a1r-r1-p2,237,162,42.97525199254354,43.14799880981445,142.0625,,,,,,,0.5136602093618373,0.19181652931504303,0.5151125446513847,15.1353404883032,0.06210241689135459,,,,,,,,1,0.14655493779314888,3.864556665773745,10.566667556762695,0.986614142310578,0.017758137684453418,0.3409590849098108,0.23757149142102948,0.15412817128611234,"{""build_tower"":0.15412817128611234,""confirm_card_service_selection"":0.0,""continue"":0.3409590849098108,""discard_treasure"":0.004252822994573985,""place_tower"":0.000586596275113653,""purchase_shop_item"":0.034609180231705526,""remove_tower"":0.013638363396392433,""reroll"":0.23757149142102948,""select_card_service_card"":0.0,""select_treasure"":0.01891772987241531,""start_defense"":0.15412817128611234,""use_inventory_item"":0.041208388326734124}",0,0,0,0,3.727886212,9.670112803
original_R1,a1r-r1-p2,238,163,42.20123744010925,42.2849006652832,130.02083333333334,,,,,,,0.5457546550238231,0.19619101832643895,0.5370512104034424,15.096791251305637,0.022995034936466253,,,,,,,,1,0.12757409781217574,5.461212735176087,10.57498550415039,0.9856777714333927,0.018761710524559022,0.2813651658388079,0.26742509213267107,0.16567857715109757,"{""build_tower"":0.16567857715109757,""confirm_card_service_selection"":0.0,""continue"":0.2813651658388079,""discard_treasure"":0.0038455375741067136,""place_tower"":0.0001602307322544464,""purchase_shop_item"":0.03300753084441596,""remove_tower"":0.022912994712385837,""reroll"":0.26742509213267107,""select_card_service_card"":0.0,""select_treasure"":0.01970838006729691,""start_defense"":0.16567857715109757,""use_inventory_item"":0.04021791379586605}",0,0,0,0,3.576932026,8.957005494
original_R1,a1r-r1-p2,239,164,40.5164038737615,41.01264953613281,121.27083333333333,,,,,,,0.5374782631970382,0.200499808967024,0.5494680586068527,14.597458103163216,0.024135521591233555,,,,,,,,1,0.14137354039627573,4.676921243252962,13.276397705078125,0.9828450165942185,0.021190595894080143,0.2810513657447174,0.2552825974918399,0.17058924583404914,"{""build_tower"":0.17058924583404914,""confirm_card_service_selection"":0.0,""continue"":0.2810513657447174,""discard_treasure"":0.003435835767050335,""place_tower"":0.0003435835767050335,""purchase_shop_item"":0.030578938326747983,""remove_tower"":0.028345645078165265,""reroll"":0.2552825974918399,""select_card_service_card"":0.0,""select_treasure"":0.020958598179007044,""start_defense"":0.17058924583404914,""use_inventory_item"":0.03882494416766879}",0,0,0,0,3.337323837,8.285140464
original_R1,a1r-r1-p2,240,165,38.7989916006724,38.08085060119629,105.64583333333333,3.5613922476768494,39.79562419652939,36.23423194885254,94,34,0,0.5320068960626975,0.17653820111195095,0.5218375995755196,14.7012045825388,0.056676806259565636,,,,,,,,1,0.12864866405725478,4.632786023616791,9.791552543640137,0.9849995033847981,0.01920625544153154,0.23525931768881878,0.2928416485900217,0.18753697495563004,"{""build_tower"":0.18753697495563004,""confirm_card_service_selection"":0.0,""continue"":0.23525931768881878,""discard_treasure"":0.004338394793926247,""place_tower"":0.0005915992900808519,""purchase_shop_item"":0.021100374679550383,""remove_tower"":0.01833957799250641,""reroll"":0.2928416485900217,""select_card_service_card"":0.0,""select_treasure"":0.022086373496351803,""start_defense"":0.18753697495563004,""use_inventory_item"":0.03036876355748373}",0,0,0,0,3.061581234,7.296547572
original_R1,a1r-r1-p2,241,166,39.93016894658407,40.3879508972168,121.54166666666667,,,,,,,0.5098675140923209,0.17300406063658458,0.5238767421763876,15.343021332257896,0.0524630996720668,,,,,,,,1,0.14410413542519446,3.900379937628041,12.468573570251465,0.9856526084266773,0.01891333366865697,0.28711004456633527,0.2799108673294481,0.16798080219403497,"{""build_tower"":0.16798080219403497,""confirm_card_service_selection"":0.0,""continue"":0.28711004456633527,""discard_treasure"":0.00411381556393555,""place_tower"":0.0005142269454919438,""purchase_shop_item"":0.02399725745629071,""remove_tower"":0.015083990401097017,""reroll"":0.2799108673294481,""select_card_service_card"":0.0,""select_treasure"":0.02056907781967775,""start_defense"":0.16798080219403497,""use_inventory_item"":0.03273911552965375}",0,0,0,0,3.389420036,8.371443425
original_R1,a1r-r1-p2,242,167,36.54688533147176,35.027950286865234,91.08333333333333,,,,,,,0.5571071938896475,0.15873818729270672,0.5512355350785785,14.639773832358314,0.17983963891957602,,,,,,,,1,0.14144965281916988,6.12415807776981,29.691579818725586,0.9783729193829633,0.024672501927448645,0.15667886550777677,0.34560841720036595,0.20516925892040255,"{""build_tower"":0.20516925892040255,""confirm_card_service_selection"":0.0,""continue"":0.15667886550777677,""discard_treasure"":0.0052607502287282705,""place_tower"":0.0004574565416285453,""purchase_shop_item"":0.014181152790484904,""remove_tower"":0.018298261665141813,""reroll"":0.34560841720036595,""select_card_service_card"":0.0,""select_treasure"":0.024473924977127172,""start_defense"":0.20516925892040255,""use_inventory_item"":0.024702653247941447}",0,0,0,0,2.8962894710000002,6.407868255
original_R1,a1r-r1-p2,243,168,37.085218826929726,37.169450759887695,93.0,,,,,,,0.5729035557760923,0.16545518274583831,0.5671127471658919,15.438301894832732,0.025555516256443096,,,,,,,,1,0.1199466764099068,6.627035882737902,30.94523811340332,0.976277641722807,0.03123885217226214,0.14695340501792115,0.35237455197132617,0.20318100358422939,"{""build_tower"":0.20318100358422939,""confirm_card_service_selection"":0.0,""continue"":0.14695340501792115,""discard_treasure"":0.0076164874551971325,""place_tower"":0.00044802867383512545,""purchase_shop_item"":0.01568100358422939,""remove_tower"":0.019265232974910396,""reroll"":0.35237455197132617,""select_card_service_card"":0.0,""select_treasure"":0.02486559139784946,""start_defense"":0.20318100358422939,""use_inventory_item"":0.0264336917562724}",0,0,0,0,2.936237511,6.555638456
original_R1,a1r-r1-p2,244,169,38.52775013446808,37.72665023803711,107.95833333333333,,,,,,,0.5408542429166682,0.15544969367713474,0.5600948943978264,15.222911634843511,0.05858573136633606,,,,,,,,1,0.15093365950243814,5.356946207228161,15.024354934692383,0.9819592315012383,0.023048315818111103,0.2236588189888074,0.32072558857583944,0.18178309532998843,"{""build_tower"":0.18178309532998843,""confirm_card_service_selection"":0.0,""continue"":0.2236588189888074,""discard_treasure"":0.0075260517174835975,""place_tower"":0.0,""purchase_shop_item"":0.021034349671941337,""remove_tower"":0.010999614048629872,""reroll"":0.32072558857583944,""select_card_service_card"":0.0,""select_treasure"":0.021806252412196064,""start_defense"":0.18178309532998843,""use_inventory_item"":0.030683133925125436}",0,0,0,0,3.173572961,7.560195952
original_R1,a1r-r1-p2,245,170,40.05565412839254,39.18680000305176,120.10416666666667,7.010961875319481,43.24519382417202,36.23423194885254,115,13,0,0.5225393101246391,0.16161813863646288,0.506158902593281,14.839530956356711,0.022990771127692627,,,,,,,,1,0.1286291480064392,4.28690460972164,8.774890899658203,0.9830671704155302,0.02077444897883612,0.2732003469210755,0.2903729401561145,0.17016478751084127,"{""build_tower"":0.17016478751084127,""confirm_card_service_selection"":0.0,""continue"":0.2732003469210755,""discard_treasure"":0.005897658282740676,""place_tower"":0.00017346053772766696,""purchase_shop_item"":0.02515177797051171,""remove_tower"":0.011795316565481353,""reroll"":0.2903729401561145,""select_card_service_card"":0.0,""select_treasure"":0.020121422376409365,""start_defense"":0.17016478751084127,""use_inventory_item"":0.03295750216825672}",0,0,0,0,3.376563783,8.241192338
original_R1,a1r-r1-p2,246,171,44.06472889582316,42.96940040588379,143.95833333333334,,,,,,,0.5111583736878614,0.1605827412666701,0.5156919801676715,15.597257665915539,0.021197300658160303,,,,,,,,1,0.12346324545365793,5.22784267089985,11.387249946594238,0.9809666349553591,0.01823214448436543,0.3015918958031838,0.27698986975397977,0.15658465991316933,"{""build_tower"":0.15658465991316933,""confirm_card_service_selection"":0.0,""continue"":0.3015918958031838,""discard_treasure"":0.007670043415340087,""place_tower"":0.0,""purchase_shop_item"":0.03357452966714906,""remove_tower"":0.008683068017366137,""reroll"":0.27698986975397977,""select_card_service_card"":0.0,""select_treasure"":0.019247467438494936,""start_defense"":0.15658465991316933,""use_inventory_item"":0.03907380607814761}",0,0,0,0,3.924887118,10.030745243
original_R1,a1r-r1-p2,247,172,43.6694229443868,42.76560020446777,147.14583333333334,,,,,,,0.542722040215917,0.16000203551341313,0.5309380026800292,16.317801921604584,0.059366167503997404,,,,,,,,1,0.13862290818776404,5.474799530846732,13.458667755126953,0.9799150001449162,0.017747467683096017,0.2947755911085941,0.28925385813393745,0.1512105337675209,"{""build_tower"":0.1512105337675209,""confirm_card_service_selection"":0.00014158289678606824,""continue"":0.2947755911085941,""discard_treasure"":0.006512813252159139,""place_tower"":0.00014158289678606824,""purchase_shop_item"":0.03511255840294492,""remove_tower"":0.010760300155741186,""reroll"":0.28925385813393745,""select_card_service_card"":0.00014158289678606824,""select_treasure"":0.018830525272547076,""start_defense"":0.1512105337675209,""use_inventory_item"":0.0419085374486762}",0,0,0,0,3.974801598,10.379770172
original_R1,a1r-r1-p2,248,173,38.724854389826454,37.26250076293945,102.8125,,,,,,,0.5835537256666674,0.15841506972572292,0.5904529988765717,15.326187229727337,0.02163011723823729,,,,,,,,1,0.16274757906794549,4.765927350521087,14.312047958374023,0.9779812117674369,0.027764247078448535,0.17102330293819656,0.35116514690982775,0.19250253292806485,"{""build_tower"":0.19250253292806485,""confirm_card_service_selection"":0.0,""continue"":0.17102330293819656,""discard_treasure"":0.00911854103343465,""place_tower"":0.00020263424518743666,""purchase_shop_item"":0.018642350557244173,""remove_tower"":0.013373860182370821,""reroll"":0.35116514690982775,""select_card_service_card"":0.0,""select_treasure"":0.02330293819655522,""start_defense"":0.19250253292806485,""use_inventory_item"":0.028166160081053698}",0,0,0,0,3.0598879390000002,7.323443483
original_R1,a1r-r1-p2,249,174,38.415803949038185,37.5439510345459,100.875,,,,,,,0.5642031535612626,0.15936532831549824,0.5514479154034665,16.38809439260028,0.08562174054685256,,,,,,,,1,0.15422922294390828,6.049044082039281,38.37807846069336,0.9761789489394938,0.02949558708228563,0.17430813713341595,0.345518380834366,0.19454770755885997,"{""build_tower"":0.19454770755885997,""confirm_card_service_selection"":0.0,""continue"":0.17430813713341595,""discard_treasure"":0.010119785212722016,""place_tower"":0.0004130524576621231,""purchase_shop_item"":0.016935150764147047,""remove_tower"":0.01321767864518794,""reroll"":0.345518380834366,""select_card_service_card"":0.0,""select_treasure"":0.02292441140024783,""start_defense"":0.19454770755885997,""use_inventory_item"":0.027467988434531184}",0,0,0,0,3.133144623,7.172047484
original_R1,a1r-r1-p2,250,175,38.07177925109863,37.62930107116699,98.64583333333333,-0.21811644732952118,36.01611550152302,36.23423194885254,59,69,0,0.6136754275155533,0.17086664017784345,0.6325658340203134,16.52461592158033,0.16104893597519931,,,,,,,,1,0.13574906791511335,6.624315889258134,30.639863967895508,0.9801458603286877,0.026178400571409025,0.1351636747624076,0.3767687434002112,0.19704329461457235,"{""build_tower"":0.19704329461457235,""confirm_card_service_selection"":0.0,""continue"":0.1351636747624076,""discard_treasure"":0.00781414994720169,""place_tower"":0.0,""purchase_shop_item"":0.016473072861668426,""remove_tower"":0.020908130939809925,""reroll"":0.3767687434002112,""select_card_service_card"":0.0,""select_treasure"":0.023442449841605068,""start_defense"":0.19704329461457235,""use_inventory_item"":0.025343189017951427}",0,0,0,0,3.167593074,6.975153392
original_R1,a1r-r1-p2,251,176,35.46853725115458,33.9109992980957,85.52083333333333,,,,,,,0.6253778692878138,0.14938474943969207,0.6195998787879944,15.839452353280743,0.06609107108413488,,,,,,,,1,0.13242953489808476,5.284409102271585,13.848617553710938,0.9775803291892814,0.024915932020282045,0.09792935444579781,0.4075517661388551,0.21193666260657734,"{""build_tower"":0.21193666260657734,""confirm_card_service_selection"":0.0,""continue"":0.09792935444579781,""discard_treasure"":0.0060901339829476245,""place_tower"":0.000243605359317905,""purchase_shop_item"":0.006577344701583435,""remove_tower"":0.01364190012180268,""reroll"":0.4075517661388551,""select_card_service_card"":0.0,""select_treasure"":0.02582216808769793,""start_defense"":0.21193666260657734,""use_inventory_item"":0.018270401948842874}",0,0,0,0,2.837940308,6.153208347
original_R1,a1r-r1-p2,252,177,37.342893520991005,35.28339958190918,93.9375,,,,,,,0.5762944451363178,0.14182136962695271,0.5700536138481564,15.579018716522484,0.019664515940651956,,,,,,,,2,0.12310631200671196,3.695949637227588,7.657665729522705,0.9813221298515561,0.01969271996575925,0.1383898868928809,0.378797959636283,0.20270569971168773,"{""build_tower"":0.20270569971168773,""confirm_card_service_selection"":0.0,""continue"":0.1383898868928809,""discard_treasure"":0.005100909292526059,""place_tower"":0.00022177866489243733,""purchase_shop_item"":0.012863162563761367,""remove_tower"":0.011532490574406742,""reroll"":0.378797959636283,""select_card_service_card"":0.0,""select_treasure"":0.024617431803060547,""start_defense"":0.20270569971168773,""use_inventory_item"":0.023064981148813484}",0,0,0,0,3.045613577,13.402014257
original_R1,a1r-r1-p2,253,178,37.39041260878245,36.509050369262695,98.27083333333333,,,,,,,0.5565883197524671,0.1420479019072293,0.5635847229706613,15.563379412782044,0.03244452170895927,,,,,,,,1,0.13041141080228905,5.304871603062279,9.838218688964844,0.973668986740082,0.028710038058067624,0.16514733941064236,0.36421454314182744,0.19419122323510707,"{""build_tower"":0.19419122323510707,""confirm_card_service_selection"":0.0,""continue"":0.16514733941064236,""discard_treasure"":0.005087979648081407,""place_tower"":0.0,""purchase_shop_item"":0.0158999364002544,""remove_tower"":0.012931948272206912,""reroll"":0.36421454314182744,""select_card_service_card"":0.0,""select_treasure"":0.022683909264362943,""start_defense"":0.19419122323510707,""use_inventory_item"":0.02565189739241043}",0,0,0,0,3.060263415,6.9195387010000005
original_R1,a1r-r1-p2,254,179,36.68596875667572,36.06410026550293,87.0,,,,,,,0.5979102459791155,0.13607709708663263,0.6084736094755285,15.851513178081213,0.0214879893571967,,,,,,,,2,0.15204503694001367,4.714831110309152,16.868440628051758,0.9801140289609073,0.02151671049239881,0.08884099616858238,0.4111590038314176,0.21623563218390804,"{""build_tower"":0.21623563218390804,""confirm_card_service_selection"":0.0,""continue"":0.08884099616858238,""discard_treasure"":0.005507662835249042,""place_tower"":0.0,""purchase_shop_item"":0.009099616858237548,""remove_tower"":0.007423371647509579,""reroll"":0.4111590038314176,""select_card_service_card"":0.0,""select_treasure"":0.025383141762452106,""start_defense"":0.21623563218390804,""use_inventory_item"":0.020114942528735632}",0,0,0,0,2.923686767,12.531438159
original_R1,a1r-r1-p2,255,180,36.038145899772644,34.626399993896484,87.75,4.235975965857506,40.470207914710045,36.23423194885254,98,30,0,0.5876541677265505,0.13548766409973234,0.5902055186383864,15.94703054455622,0.4179974658866687,,,,,,,,1,0.10103955338982974,3.7562113719827988,7.063095569610596,0.9831136975046443,0.019085130435140693,0.11396011396011396,0.39791073124406456,0.20987654320987653,"{""build_tower"":0.20987654320987653,""confirm_card_service_selection"":0.0,""continue"":0.11396011396011396,""discard_treasure"":0.006172839506172839,""place_tower"":0.00023741690408357076,""purchase_shop_item"":0.008547008547008548,""remove_tower"":0.008309591642924977,""reroll"":0.39791073124406456,""select_card_service_card"":0.0,""select_treasure"":0.0251661918328585,""start_defense"":0.20987654320987653,""use_inventory_item"":0.019943019943019943}",0,0,0,0,2.943938388,6.302077829
original_R1,a1r-r1-p2,256,181,39.8095977306366,39.736148834228516,113.79166666666667,,,,,,,0.5441843195379006,0.14624179975862392,0.5432793403213675,16.14220412261316,0.05405223990998242,,,,,,,,1,0.1191034618426453,4.564500591971657,9.898292541503906,0.9806944217690103,0.024179199456491253,0.2145734163310143,0.3398022702306847,0.17832295862321493,"{""build_tower"":0.17832295862321493,""confirm_card_service_selection"":0.0,""continue"":0.2145734163310143,""discard_treasure"":0.004760161113145368,""place_tower"":0.0009154155986818016,""purchase_shop_item"":0.022702306847308677,""remove_tower"":0.008971072867081655,""reroll"":0.3398022702306847,""select_card_service_card"":0.0,""select_treasure"":0.021237641889417794,""start_defense"":0.17832295862321493,""use_inventory_item"":0.03039179787623581}",0,0,0,0,3.4184733,8.27088892
original_R1,a1r-r1-p2,257,182,43.807514667510986,42.152849197387695,150.1875,,,,,,,0.5139462621013002,0.1437877913491795,0.5170443931530262,16.039536613954898,0.030410121027326285,,,,,,,,1,0.13503009337803412,3.9320829654562064,8.982972145080566,0.981114133123851,0.01758487564351024,0.32071022333194615,0.2882507976140935,0.1480094326536274,"{""build_tower"":0.1480094326536274,""confirm_card_service_selection"":0.0,""continue"":0.32071022333194615,""discard_treasure"":0.004300180330142877,""place_tower"":0.0,""purchase_shop_item"":0.031765848245248994,""remove_tower"":0.005409904286308781,""reroll"":0.2882507976140935,""select_card_service_card"":0.0,""select_treasure"":0.017478152309612985,""start_defense"":0.1480094326536274,""use_inventory_item"":0.03606602857539187}",0,0,0,0,4.109334213,10.739588248
original_R1,a1r-r1-p2,258,183,45.13510012626648,43.74275016784668,168.0625,,,,,,,0.5005636646752135,0.14990940441864364,0.5002222368493676,16.226088939383054,0.037526852811510025,,,,,,,,2,0.12415575806517154,5.332461845129728,37.83889389038086,0.9804281830294099,0.016217591561144218,0.34758894260567746,0.27160034709309533,0.13685384901450354,"{""build_tower"":0.13685384901450354,""confirm_card_service_selection"":0.00012396181975951408,""continue"":0.34758894260567746,""discard_treasure"":0.004834510970621049,""place_tower"":0.00012396181975951408,""purchase_shop_item"":0.03892401140448742,""remove_tower"":0.004338663691582993,""reroll"":0.27160034709309533,""select_card_service_card"":0.00012396181975951408,""select_treasure"":0.016610883847774885,""start_defense"":0.13685384901450354,""use_inventory_item"":0.04202305689847527}",0,0,0,0,4.2726411,23.10017517
original_R1,a1r-r1-p2,259,184,43.68990421295166,43.27120018005371,160.72916666666666,,,,,,,0.4864334967000183,0.1373333900170106,0.4902967243425308,16.12074996200158,0.020662580058166395,,,,,,,,1,0.10054723509857731,4.094701301666998,8.02421760559082,0.9834780277324486,0.01735787421104408,0.34374594944912507,0.2830848995463383,0.138950097213221,"{""build_tower"":0.138950097213221,""confirm_card_service_selection"":0.0,""continue"":0.34374594944912507,""discard_treasure"":0.0034996759559300064,""place_tower"":0.0002592352559948153,""purchase_shop_item"":0.03473752430330525,""remove_tower"":0.0031108230719377834,""reroll"":0.2830848995463383,""select_card_service_card"":0.0,""select_treasure"":0.016850291639662993,""start_defense"":0.138950097213221,""use_inventory_item"":0.03681140635126377}",0,0,0,0,4.12062264,11.038081135
original_R1,a1r-r1-p2,260,185,43.88549391428629,43.12045097351074,144.39583333333334,9.094382032752037,45.328613981604576,36.23423194885254,117,11,0,0.48061924317386606,0.13232464644046957,0.48321629634925295,15.351799007165896,0.03476371792930877,,,,,,,,2,0.1405699306300708,4.92526721741472,24.306915283203125,0.9811889124793448,0.01981492478600038,0.2937527052373395,0.3021209060741596,0.15466743615639877,"{""build_tower"":0.15466743615639877,""confirm_card_service_selection"":0.0,""continue"":0.2937527052373395,""discard_treasure"":0.0034627037945462414,""place_tower"":0.00014427932477276007,""purchase_shop_item"":0.031741451450007216,""remove_tower"":0.0038955417688645217,""reroll"":0.3021209060741596,""select_card_service_card"":0.0,""select_treasure"":0.019044870870004327,""start_defense"":0.15466743615639877,""use_inventory_item"":0.03650266916750829}",0,0,0,0,3.848459668,20.358485353
original_R1,a1r-r1-p2,261,186,45.77516214052836,45.004499435424805,154.60416666666666,,,,,,,0.5089281133030249,0.1440396899434493,0.5020072655431156,15.335431970608795,0.04256442130093186,,,,,,,,1,0.11438598894867404,6.370651060137256,20.12044334411621,0.9783621949700306,0.02175089575607201,0.2941652068454386,0.3004985850963482,0.15051879800565962,"{""build_tower"":0.15051879800565962,""confirm_card_service_selection"":0.00013475272874275703,""continue"":0.2941652068454386,""discard_treasure"":0.004716345505996497,""place_tower"":0.0,""purchase_shop_item"":0.03692224767551543,""remove_tower"":0.003099312761083412,""reroll"":0.3004985850963482,""select_card_service_card"":0.00013475272874275703,""select_treasure"":0.018326371109014958,""start_defense"":0.15051879800565962,""use_inventory_item"":0.04096482953779814}",0,0,0,0,4.11092293,11.288909105
original_R1,a1r-r1-p2,262,187,44.51013739903768,43.2585506439209,154.875,,,,,,,0.488098606347044,0.1451556657230356,0.484101132551829,15.47260337995446,0.027985038204193794,,,,,,,,2,0.1425520833581686,5.129239014784495,14.386581420898438,0.9855060070830449,0.013951531161243718,0.3217648641377455,0.2830239440408932,0.14648910411622276,"{""build_tower"":0.14648910411622276,""confirm_card_service_selection"":0.0002690341673392521,""continue"":0.3217648641377455,""discard_treasure"":0.0053806833467850415,""place_tower"":0.0,""purchase_shop_item"":0.035916061339790153,""remove_tower"":0.0026903416733925207,""reroll"":0.2830239440408932,""select_card_service_card"":0.0002690341673392521,""select_treasure"":0.017218186709712133,""start_defense"":0.14648910411622276,""use_inventory_item"":0.04048964218455744}",0,0,0,0,4.075400834,21.485164091
original_R1,a1r-r1-p2,263,188,45.0536835193634,43.73904991149902,148.64583333333334,,,,,,,0.5152798366470525,0.14242198403846318,0.5098196821553367,15.900243205654135,0.11247973752714253,,,,,,,,1,0.1281048557055848,8.301596603223256,30.41161346435547,0.9815922721426716,0.02004816206837339,0.2786264891380519,0.3119831814996496,0.15360896986685355,"{""build_tower"":0.15360896986685355,""confirm_card_service_selection"":0.0,""continue"":0.2786264891380519,""discard_treasure"":0.005466012613875262,""place_tower"":0.0,""purchase_shop_item"":0.034618079887876664,""remove_tower"":0.002943237561317449,""reroll"":0.3119831814996496,""select_card_service_card"":0.0,""select_treasure"":0.018500350385423966,""start_defense"":0.15360896986685355,""use_inventory_item"":0.04064470918009811}",0,0,0,0,4.049370363,10.519475553
original_R1,a1r-r1-p2,264,189,38.68560020128886,37.134050369262695,104.89583333333333,,,,,,,0.5326893283235602,0.11783646506189342,0.5360502555966378,15.35313522891873,0.026101688485641716,,,,,,,,1,0.1219572365283966,4.793129730224609,18.607858657836914,0.9711441050028381,0.031178906746208667,0.1853028798411122,0.36643495531281034,0.18768619662363456,"{""build_tower"":0.18768619662363456,""confirm_card_service_selection"":0.0,""continue"":0.1853028798411122,""discard_treasure"":0.004568023833167826,""place_tower"":0.0,""purchase_shop_item"":0.01727904667328699,""remove_tower"":0.0025819265143992055,""reroll"":0.36643495531281034,""select_card_service_card"":0.0,""select_treasure"":0.022442899702085402,""start_defense"":0.18768619662363456,""use_inventory_item"":0.02601787487586892}",0,0,0,0,3.162892399,7.494400952
original_R1,a1r-r1-p2,265,190,37.848221023877464,38.40705108642578,98.8125,2.082616552710533,38.31684850156307,36.23423194885254,77,51,0,0.5671957680484321,0.11509053504825122,0.5641486534946843,15.996286351598439,0.04304697021411572,,,,,,,,1,0.09876796995338641,4.991014248446414,11.262950897216797,0.9770053772692954,0.028105269431283598,0.14041745730550284,0.4008011806873287,0.1958675943495678,"{""build_tower"":0.1958675943495678,""confirm_card_service_selection"":0.0,""continue"":0.14041745730550284,""discard_treasure"":0.0056925996204933585,""place_tower"":0.0,""purchase_shop_item"":0.012861058401855367,""remove_tower"":0.0031625553447185324,""reroll"":0.4008011806873287,""select_card_service_card"":0.0,""select_treasure"":0.02298123550495467,""start_defense"":0.1958675943495678,""use_inventory_item"":0.022348724436010964}",0,0,0,0,3.1562253670000002,7.076518496
original_R1,a1r-r1-p2,266,191,37.86271015803019,37.24380111694336,102.72916666666667,,,,,,,0.5569440910986051,0.1128315767627705,0.5497718162834644,16.49575270018247,0.040182721447581574,,,,,,,,2,0.1309628613293171,4.336773866415024,14.325353622436523,0.9781308047730903,0.022499125148169697,0.16021091056580816,0.39363212330156155,0.18819712025958224,"{""build_tower"":0.18819712025958224,""confirm_card_service_selection"":0.0,""continue"":0.16021091056580816,""discard_treasure"":0.0038531737984181707,""place_tower"":0.00020279862096937742,""purchase_shop_item"":0.01622388967755019,""remove_tower"":0.0016223889677550193,""reroll"":0.39363212330156155,""select_card_service_card"":0.0,""select_treasure"":0.022105049685662136,""start_defense"":0.18819712025958224,""use_inventory_item"":0.025755424863110932}",0,0,0,0,3.210722562,14.74659343
original_R1,a1r-r1-p2,267,192,40.052285393079124,38.853450775146484,116.16666666666667,,,,,,,0.529151845727028,0.1156323830969317,0.5360636562108994,16.554773050696934,0.03992182012602412,,,,,,,,1,0.12804687497290698,5.075274602933363,10.816300392150879,0.978633100093549,0.026828338815407318,0.2143113342898135,0.36477761836441897,0.1757532281205165,"{""build_tower"":0.1757532281205165,""confirm_card_service_selection"":0.0,""continue"":0.2143113342898135,""discard_treasure"":0.003945480631276901,""place_tower"":0.0,""purchase_shop_item"":0.017395982783357244,""remove_tower"":0.0019727403156384504,""reroll"":0.36477761836441897,""select_card_service_card"":0.0,""select_treasure"":0.02098278335724534,""start_defense"":0.1757532281205165,""use_inventory_item"":0.025107604017216643}",0,0,0,0,3.584208749,8.353963744
original_R1,a1r-r1-p2,268,193,42.02440198262533,42.49195098876953,147.72916666666666,,,,,,,0.512804016035336,0.1377676698101958,0.5156763430152621,16.604587885821143,0.039278655999225975,,,,,,,,1,0.15173349582723208,4.663566568068096,11.42188549041748,0.9812743218894852,0.019501385145953724,0.30320124100973067,0.31476519531800873,0.14511352418558737,"{""build_tower"":0.14511352418558737,""confirm_card_service_selection"":0.0,""continue"":0.30320124100973067,""discard_treasure"":0.004371738823861233,""place_tower"":0.0001410238330277817,""purchase_shop_item"":0.03088421943308419,""remove_tower"":0.0029615004935834156,""reroll"":0.31476519531800873,""select_card_service_card"":0.0,""select_treasure"":0.01748695529544493,""start_defense"":0.14511352418558737,""use_inventory_item"":0.035961077422084334}",0,0,0,0,4.131777382,10.318098999
original_R1,a1r-r1-p2,269,194,41.44930016994476,41.47264862060547,132.0625,,,,,,,0.490188901912358,0.12719170677517283,0.47981465578079224,16.5088216843717,0.02353599647009105,,,,,,,,1,0.12279407054185867,5.961605916023254,22.90793800354004,0.9806044449298463,0.023831124305725097,0.27338696955355735,0.32449913235526107,0.1602776463164537,"{""build_tower"":0.1602776463164537,""confirm_card_service_selection"":0.0,""continue"":0.27338696955355735,""discard_treasure"":0.003943839722353683,""place_tower"":0.00015775358889414735,""purchase_shop_item"":0.025082820634169428,""remove_tower"":0.00236630383341221,""reroll"":0.32449913235526107,""select_card_service_card"":0.0,""select_treasure"":0.019245937845085975,""start_defense"":0.1602776463164537,""use_inventory_item"":0.03076194983435873}",0,0,0,0,3.651197354,9.341105228
original_R1,a1r-r1-p2,270,195,45.97879147529602,44.102949142456055,175.02083333333334,7.112625166773796,43.346857115626335,36.23423194885254,108,20,0,0.4638849361960707,0.13009471298224493,0.47601911786830786,16.438373897299197,0.033083925298011636,,,,,,,,1,0.12867517137166226,4.62077673998746,13.451985359191895,0.9789046843217871,0.020167378934495377,0.35733841209379835,0.2853231758124033,0.13403166289727414,"{""build_tower"":0.13403166289727414,""confirm_card_service_selection"":0.00011903344839900012,""continue"":0.35733841209379835,""discard_treasure"":0.0032139031067730034,""place_tower"":0.00011903344839900012,""purchase_shop_item"":0.03332936555172003,""remove_tower"":0.000952267587192001,""reroll"":0.2853231758124033,""select_card_service_card"":0.00011903344839900012,""select_treasure"":0.016188548982264017,""start_defense"":0.13403166289727414,""use_inventory_item"":0.03523390072610404}",0,0,0,0,4.521889128,12.241102682
original_R1,a1r-r1-p2,271,196,45.916256149609886,44.56595039367676,176.77083333333334,,,,,,,0.48940246141378274,0.1465889078874193,0.5030790839125129,16.182019868258898,0.03367406108364936,,,,,,,,1,0.12332633663626279,4.022731497007258,11.295978546142578,0.9807108434997707,0.0191427632508909,0.3631113730111962,0.275427224513848,0.13199764289923394,"{""build_tower"":0.13199764289923394,""confirm_card_service_selection"":0.0,""continue"":0.3631113730111962,""discard_treasure"":0.003182086034177961,""place_tower"":0.0,""purchase_shop_item"":0.037477902180318205,""remove_tower"":0.0015321154979375368,""reroll"":0.275427224513848,""select_card_service_card"":0.0,""select_treasure"":0.016028285209192694,""start_defense"":0.13199764289923394,""use_inventory_item"":0.03924572775486152}",0,0,0,0,4.528336369,12.350329642
original_R1,a1r-r1-p2,272,197,44.31724568208059,42.8609504699707,168.91666666666666,,,,,,,0.4710433144368752,0.15333815821409333,0.46528851706534624,15.61909573124634,0.030643224295204163,,,,,,,,1,0.12842648522928357,5.111620593816042,20.496288299560547,0.9860458947541203,0.017122202698374167,0.37111494819930935,0.2692402565367538,0.13394178589047853,"{""build_tower"":0.13394178589047853,""confirm_card_service_selection"":0.00037000493339911197,""continue"":0.37111494819930935,""discard_treasure"":0.00123334977799704,""place_tower"":0.000123334977799704,""purchase_shop_item"":0.034410458806117414,""remove_tower"":0.0014800197335964479,""reroll"":0.2692402565367538,""select_card_service_card"":0.00037000493339911197,""select_treasure"":0.016156882091761225,""start_defense"":0.13394178589047853,""use_inventory_item"":0.03761716822890972}",0,0,0,0,4.277949619,11.589776715
original_R1,a1r-r1-p2,273,198,46.606885512669884,44.123300552368164,188.52083333333334,,,,,,,0.44308217850328335,0.1551991120590792,0.449449523869488,15.614554205281292,0.025739425559928957,,,,,,,,2,0.11998246827473243,4.594497250186072,22.772077560424805,0.9849763824009777,0.014622945959369341,0.414299922643386,0.23494308763399271,0.12598077135595093,"{""build_tower"":0.12598077135595093,""confirm_card_service_selection"":0.00011050944855785169,""continue"":0.414299922643386,""discard_treasure"":0.0022101889711570338,""place_tower"":0.0,""purchase_shop_item"":0.03856779754669024,""remove_tower"":0.0016576417283677754,""reroll"":0.23494308763399271,""select_card_service_card"":0.00011050944855785169,""select_treasure"":0.015139794452425682,""start_defense"":0.12598077135595093,""use_inventory_item"":0.04099900541496298}",0,0,0,0,4.5364361970000004,26.120647254
original_R1,a1r-r1-p2,274,199,45.76688766479492,44.645151138305664,178.625,,,,,,,0.4541035078286137,0.1538940197910869,0.4691613702213063,15.989764578279766,0.027487249109232354,,,,,,,,1,0.11710908329662155,5.141729859744801,12.372398376464844,0.983509199603783,0.01936820028897594,0.3900163284348029,0.24772568229531142,0.13027758339164916,"{""build_tower"":0.13027758339164916,""confirm_card_service_selection"":0.00011663167716351762,""continue"":0.3900163284348029,""discard_treasure"":0.0010496850944716584,""place_tower"":0.00023326335432703523,""purchase_shop_item"":0.040821087007231166,""remove_tower"":0.0006997900629811056,""reroll"":0.24772568229531142,""select_card_service_card"":0.00011663167716351762,""select_treasure"":0.015512013062747841,""start_defense"":0.13027758339164916,""use_inventory_item"":0.04315372055050152}",0,0,0,0,4.4355020960000004,12.252351779
original_R1,a1r-r1-p2,275,200,48.90897289911906,48.51645088195801,195.22916666666666,6.347518056631088,42.58175000548363,36.23423194885254,106,22,0,0.44065397128250566,0.16083149973466637,0.44675896296630035,16.02885904028884,0.04601363636460076,,,,,,,,2,0.10623433420786986,5.347777534175563,19.644777297973633,0.9829078713832814,0.017162951980591624,0.40764059331981645,0.23444669725749653,0.12709422687013125,"{""build_tower"":0.12709422687013125,""confirm_card_service_selection"":0.000746985380428983,""continue"":0.40764059331981645,""discard_treasure"":0.0025610927328993706,""place_tower"":0.00010671219720414043,""purchase_shop_item"":0.04129762031800235,""remove_tower"":0.001493970760857966,""reroll"":0.23444669725749653,""select_card_service_card"":0.0008536975776331235,""select_treasure"":0.01493970760857966,""start_defense"":0.12709422687013125,""use_inventory_item"":0.04172446910681891}",0,0,0,0,4.816387557,27.515541435
original_R2,a1r-r2-p1,1,1,37.885716676712036,36.861000061035156,86.25,,,,,,,0.010656055492605666,0.00019403201114605054,0.014230886094189961,0.06228876432840519,0.0007399810152891986,,,,,,,,4,0.005274481961832327,0.08258419752682504,0.6410285830497742,0.9616995783812917,0.03504641822484486,0.14057971014492754,0.06231884057971015,0.2248792270531401,"{""build_tower"":0.2248792270531401,""confirm_card_service_selection"":0.025603864734299518,""continue"":0.14057971014492754,""discard_treasure"":0.0,""place_tower"":0.06980676328502415,""purchase_shop_item"":0.10990338164251208,""remove_tower"":0.0,""reroll"":0.06231884057971015,""select_card_service_card"":0.025603864734299518,""select_treasure"":0.02608695652173913,""start_defense"":0.2248792270531401,""use_inventory_item"":0.09033816425120773}",0,0,0,0,2.482691944,24.541969286
original_R2,a1r-r2-p1,2,2,35.96030839284261,34.4375,83.64583333333333,,,,,,,0.03312441512899453,0.020377738772072825,0.032224694776232354,0.08349427706954761,0.006554300537118252,,,,,,,,4,0.021818847628310323,0.7912786485394463,4.184202194213867,0.9803158837866087,0.017371460198774002,0.13748443337484434,0.07970112079701121,0.2186799501867995,"{""build_tower"":0.2186799501867995,""confirm_card_service_selection"":0.02291407222914072,""continue"":0.13748443337484434,""discard_treasure"":0.0,""place_tower"":0.06301369863013699,""purchase_shop_item"":0.11307596513075965,""remove_tower"":0.0,""reroll"":0.07970112079701121,""select_card_service_card"":0.02291407222914072,""select_treasure"":0.02515566625155666,""start_defense"":0.2186799501867995,""use_inventory_item"":0.09838107098381071}",0,0,0,0,2.470341626,22.430370512
original_R2,a1r-r2-p1,3,3,38.26493740081787,36.125450134277344,94.1875,,,,,,,0.03814229566859861,0.021887012873897656,0.042482122882372804,0.1385453061576919,0.003950557021097565,,,,,,,,4,0.018807656364515424,0.6383237617297305,2.2122819423675537,0.9751723126093863,0.019690806951580778,0.14067684140676842,0.0822826808228268,0.20703384207033843,"{""build_tower"":0.20703384207033843,""confirm_card_service_selection"":0.0289758902897589,""continue"":0.14067684140676842,""discard_treasure"":0.00022119000221190003,""place_tower"":0.07232913072329131,""purchase_shop_item"":0.11612475116124751,""remove_tower"":0.0,""reroll"":0.0822826808228268,""select_card_service_card"":0.029418270294182702,""select_treasure"":0.0245520902455209,""start_defense"":0.20703384207033843,""use_inventory_item"":0.09135147091351471}",0,0,0,0,2.839549755,27.558502364
original_R2,a1r-r2-p1,4,4,36.1307958761851,35.06425094604492,83.72916666666667,,,,,,,0.047031579828690905,0.023708017533934006,0.058402520429808646,0.17766992275821342,0.014374215524741274,,,,,,,,4,0.018216095806565136,0.6180673128692433,1.715165376663208,0.9780150611000687,0.016863941214978695,0.1443145060960438,0.0783777058969893,0.22070166708136352,"{""build_tower"":0.22070166708136352,""confirm_card_service_selection"":0.02537944762378701,""continue"":0.1443145060960438,""discard_treasure"":0.0,""place_tower"":0.0649415277432197,""purchase_shop_item"":0.10624533466036327,""remove_tower"":0.0,""reroll"":0.0783777058969893,""select_card_service_card"":0.02562826573774571,""select_treasure"":0.02537944762378701,""start_defense"":0.22070166708136352,""use_inventory_item"":0.08833043045533714}",0,0,0,0,2.428422524,23.891688709
original_R2,a1r-r2-p1,5,5,36.85367524623871,35.81890106201172,86.1875,0.371584489941597,36.605816438794136,36.23423194885254,50,35,43,0.06304804224308465,0.024095551321030466,0.06773375423953813,0.18344432420641849,0.002463553082420463,,,,,,,,4,0.02097998110248762,0.6552254175767303,4.758727550506592,0.9710761036308202,0.022018362042110634,0.1414068165337201,0.08436064781242446,0.2182741116751269,"{""build_tower"":0.2182741116751269,""confirm_card_service_selection"":0.028281363306744016,""continue"":0.1414068165337201,""discard_treasure"":0.0,""place_tower"":0.06985738457819676,""purchase_shop_item"":0.10224800580130529,""remove_tower"":0.0,""reroll"":0.08436064781242446,""select_card_service_card"":0.028764805414551606,""select_treasure"":0.025380710659898477,""start_defense"":0.2182741116751269,""use_inventory_item"":0.0831520425429055}",0,0,0,0,2.567499619,25.371779963
original_R2,a1r-r2-p1,6,6,37.21632711092631,36.0,86.77083333333333,,,,,,,0.06903629737847189,0.022525690302978487,0.07454821998801302,0.3832908468916188,0.004788332085809088,,,,,,,,4,0.02711813321665806,0.577789214631433,2.7745697498321533,0.9776626047993108,0.017292141955455437,0.14645858343337334,0.07995198079231693,0.21824729891956782,"{""build_tower"":0.21824729891956782,""confirm_card_service_selection"":0.024729891956782712,""continue"":0.14645858343337334,""discard_treasure"":0.0,""place_tower"":0.06554621848739496,""purchase_shop_item"":0.1070828331332533,""remove_tower"":0.0,""reroll"":0.07995198079231693,""select_card_service_card"":0.025210084033613446,""select_treasure"":0.024729891956782712,""start_defense"":0.21824729891956782,""use_inventory_item"":0.08979591836734693}",0,0,0,0,2.561971176,24.943288112
original_R2,a1r-r2-p1,7,7,37.63521671295166,35.36465072631836,91.25,,,,,,,0.10726684253481691,0.06127305964661086,0.10887941687057416,0.5901223748756403,0.005936381250800377,,,,,,,,4,0.03651258690903584,0.9726315726422601,5.403707981109619,0.9760209983563696,0.018706980174303882,0.16164383561643836,0.08812785388127854,0.21027397260273972,"{""build_tower"":0.21027397260273972,""confirm_card_service_selection"":0.024657534246575342,""continue"":0.16164383561643836,""discard_treasure"":0.00022831050228310502,""place_tower"":0.06598173515981735,""purchase_shop_item"":0.10388127853881278,""remove_tower"":0.0,""reroll"":0.08812785388127854,""select_card_service_card"":0.024657534246575342,""select_treasure"":0.024657534246575342,""start_defense"":0.21027397260273972,""use_inventory_item"":0.08561643835616438}",0,0,0,0,2.627703663,27.514675586
original_R2,a1r-r2-p1,8,8,37.73369594415029,36.357900619506836,90.8125,,,,,,,0.10837653436956629,0.061094673655562766,0.12062395188452986,0.45044774119788505,0.003538189082569766,,,,,,,,4,0.037876674284537636,0.7020417955185015,2.334639072418213,0.9747813861680205,0.020968142457099423,0.1624225739848589,0.08419362239045652,0.21243404450562056,"{""build_tower"":0.21243404450562056,""confirm_card_service_selection"":0.030282174810736407,""continue"":0.1624225739848589,""discard_treasure"":0.0,""place_tower"":0.06010552879100711,""purchase_shop_item"":0.10438173893094746,""remove_tower"":0.0,""reroll"":0.08419362239045652,""select_card_service_card"":0.030511585225969258,""select_treasure"":0.024317504014682266,""start_defense"":0.21243404450562056,""use_inventory_item"":0.07891718284010094}",0,0,0,0,2.659997109,26.878809356
original_R2,a1r-r2-p1,9,9,37.16410609086355,35.54145050048828,91.08333333333333,,,,,,,0.11554224344250742,0.057556003540983544,0.12052574536452691,0.39465739583091364,0.0038520456201796252,,,,,,,,4,0.02358940973257025,0.6402809504005644,2.011272668838501,0.9793592706312262,0.016938510415558185,0.1555352241537054,0.08234217749313816,0.20791399817017384,"{""build_tower"":0.20791399817017384,""confirm_card_service_selection"":0.02767612076852699,""continue"":0.1555352241537054,""discard_treasure"":0.0,""place_tower"":0.06953339432753888,""purchase_shop_item"":0.10933211344922232,""remove_tower"":0.0,""reroll"":0.08234217749313816,""select_card_service_card"":0.02767612076852699,""select_treasure"":0.0242451967063129,""start_defense"":0.20791399817017384,""use_inventory_item"":0.0878316559926807}",0,0,0,0,2.725019089,25.822285259
original_R2,a1r-r2-p1,10,10,38.508127530415855,36.475250244140625,95.52083333333333,0.4959774762392044,36.73020942509174,36.23423194885254,58,36,34,0.11642758330840854,0.05635704825231191,0.11642855643812153,0.5709720278055535,0.004131485340820973,,,,,,,,4,0.0237509127602809,0.47917868393576807,1.3431240320205688,0.9770099392338732,0.019424763792711828,0.1470010905125409,0.08396946564885496,0.20588876772082879,"{""build_tower"":0.20588876772082879,""confirm_card_service_selection"":0.029443838604143947,""continue"":0.1470010905125409,""discard_treasure"":0.00021810250817884405,""place_tower"":0.06608505997818975,""purchase_shop_item"":0.11624863685932388,""remove_tower"":0.0,""reroll"":0.08396946564885496,""select_card_service_card"":0.029443838604143947,""select_treasure"":0.023773173391494002,""start_defense"":0.20588876772082879,""use_inventory_item"":0.09203925845147219}",0,0,0,0,2.862185658,28.861712856
original_R2,a1r-r2-p1,11,11,36.97691651185354,36.26365089416504,85.5625,,,,,,,0.12932988539639126,0.06958618430378492,0.13155674622120225,0.6760993587374534,0.0023738098708931564,,,,,,,,4,0.02387094760642332,0.6665458769592292,3.20068097114563,0.9801456174194725,0.01617675307480728,0.16167518870221573,0.0784027270513757,0.22132943754565376,"{""build_tower"":0.22132943754565376,""confirm_card_service_selection"":0.02751400048697346,""continue"":0.16167518870221573,""discard_treasure"":0.0,""place_tower"":0.06184562941319698,""purchase_shop_item"":0.09690771852934014,""remove_tower"":0.0,""reroll"":0.0784027270513757,""select_card_service_card"":0.02751400048697346,""select_treasure"":0.026053080107134162,""start_defense"":0.22132943754565376,""use_inventory_item"":0.07742878013148284}",0,0,0,0,2.488388712,24.659699327
original_R2,a1r-r2-p1,12,12,37.28926467895508,36.401350021362305,92.6875,,,,,,,0.16181694087981363,0.10020007862046863,0.15911012256724966,0.9345747854633228,0.004565783502079689,,,,,,,,4,0.044929705392051905,0.7867599444256889,2.2621474266052246,0.9802120005698154,0.016059587670800585,0.18161384580804676,0.07080242751180041,0.20543942458979547,"{""build_tower"":0.20543942458979547,""confirm_card_service_selection"":0.02809620139357159,""continue"":0.18161384580804676,""discard_treasure"":0.0,""place_tower"":0.06877950101146325,""purchase_shop_item"":0.10406832996178916,""remove_tower"":0.0,""reroll"":0.07080242751180041,""select_card_service_card"":0.028320971004720162,""select_treasure"":0.022926500337154418,""start_defense"":0.20543942458979547,""use_inventory_item"":0.08451337379186334}",0,0,0,0,2.734150906,26.618463023
original_R2,a1r-r2-p1,13,13,38.404237588246666,37.423200607299805,92.3125,,,,,,,0.14610590996953,0.08587246288387917,0.1421841276395652,0.8014055196163014,0.004438786967966735,,,,,,,,4,0.04873953392315242,0.6521534507887231,1.8924570083618164,0.9787604521413623,0.01680536803582476,0.1728729406454525,0.07898894154818326,0.21281877679981945,"{""build_tower"":0.21281877679981945,""confirm_card_service_selection"":0.024599413225005643,""continue"":0.1728729406454525,""discard_treasure"":0.0004513653802753329,""place_tower"":0.06138569171744527,""purchase_shop_item"":0.10200857594222523,""remove_tower"":0.0,""reroll"":0.07898894154818326,""select_card_service_card"":0.02482509591514331,""select_treasure"":0.02482509591514331,""start_defense"":0.21281877679981945,""use_inventory_item"":0.08440532611148725}",0,0,0,0,2.643833961,27.69512625
original_R2,a1r-r2-p1,14,14,38.319708267847695,36.855098724365234,95.4375,,,,,,,0.14735093053526346,0.09710236254579195,0.14697809807128376,0.9772351247466247,0.004149747131224204,,,,,,,,4,0.03849153551790449,0.6247180888636245,1.338773250579834,0.9762574624111466,0.01840713547749652,0.17223313686967912,0.084042785418031,0.2043222003929273,"{""build_tower"":0.2043222003929273,""confirm_card_service_selection"":0.028159790438768827,""continue"":0.17223313686967912,""discard_treasure"":0.0,""place_tower"":0.058284217419777344,""purchase_shop_item"":0.10958306046714691,""remove_tower"":0.0,""reroll"":0.084042785418031,""select_card_service_card"":0.028596376337044312,""select_treasure"":0.024012224405151713,""start_defense"":0.2043222003929273,""use_inventory_item"":0.08644400785854617}",0,0,0,0,2.709927124,28.985273029
original_R2,a1r-r2-p1,15,15,38.25013097127279,36.75969886779785,93.14583333333333,0.22382742166519165,36.45805937051773,36.23423194885254,66,47,15,0.1461570520152232,0.0992247988578589,0.16099594057434136,1.526495451644459,0.0036950490332401387,,,,,,,,4,0.032829733513709575,0.5018621974935135,1.151142954826355,0.9750359094590912,0.0184865197710072,0.17579959740550213,0.08320286289420711,0.20890181167524044,"{""build_tower"":0.20890181167524044,""confirm_card_service_selection"":0.023708342652650413,""continue"":0.17579959740550213,""discard_treasure"":0.0,""place_tower"":0.05927085663162603,""purchase_shop_item"":0.10445090583762022,""remove_tower"":0.00022366360993066427,""reroll"":0.08320286289420711,""select_card_service_card"":0.02415566987251174,""select_treasure"":0.024602997092373072,""start_defense"":0.20890181167524044,""use_inventory_item"":0.08678148065309774}",0,0,0,0,2.725618048,27.800447083
original_R2,a1r-r2-p1,16,16,36.160754243532814,34.7723503112793,89.52083333333333,,,,,,,0.17678912368858812,0.1299670971501406,0.18881018284489126,1.3955790083294666,0.00546127017972086,,,,,,,,4,0.037618376342031884,0.5241547711193562,1.1684730052947998,0.9732825766471022,0.021120519637513685,0.15778450081452175,0.08005585292064231,0.2061903653711892,"{""build_tower"":0.2061903653711892,""confirm_card_service_selection"":0.026297416802420294,""continue"":0.15778450081452175,""discard_treasure"":0.002559925529439144,""place_tower"":0.06609262276006517,""purchase_shop_item"":0.10798231324179661,""remove_tower"":0.005585292064230859,""reroll"":0.08005585292064231,""select_card_service_card"":0.027228298813125437,""select_treasure"":0.024668373283686294,""start_defense"":0.2061903653711892,""use_inventory_item"":0.08936467302769374}",0,0,0,0,2.669346425,26.487546864
original_R2,a1r-r2-p1,17,17,36.47173329194387,35.44770050048828,89.02083333333333,,,,,,,0.19365980822128506,0.1435102521251416,0.18111300928627744,1.4155422290699509,0.010381157116224879,,,,,,,,4,0.04159299437614048,0.5984873624847216,1.9185556173324585,0.9711598398438058,0.024088339797933313,0.178095015211795,0.0882284109524924,0.20898666042593025,"{""build_tower"":0.20898666042593025,""confirm_card_service_selection"":0.01872220922068804,""continue"":0.178095015211795,""discard_treasure"":0.0007020828457758015,""place_tower"":0.060613152351977534,""purchase_shop_item"":0.09922770886964662,""remove_tower"":0.006084717996723613,""reroll"":0.0882284109524924,""select_card_service_card"":0.01872220922068804,""select_treasure"":0.024572899602153055,""start_defense"":0.20898666042593025,""use_inventory_item"":0.0870582728761994}",0,0,0,0,2.591827297,25.460242718
original_R2,a1r-r2-p1,18,18,37.078566590944924,36.65275001525879,94.35416666666667,,,,,,,0.19425455325115468,0.14040536894944772,0.2028870497726732,1.494669562863685,0.0027084133865950357,,,,,,,,4,0.025700513428697985,0.5022351713851094,1.7091015577316284,0.9804995675556379,0.016334806012714073,0.175977036873482,0.08633252373592404,0.20048575844557298,"{""build_tower"":0.20048575844557298,""confirm_card_service_selection"":0.023183925811437404,""continue"":0.175977036873482,""discard_treasure"":0.00044159858688452196,""place_tower"":0.06513579156546699,""purchase_shop_item"":0.10797085449326563,""remove_tower"":0.002428792227864871,""reroll"":0.08633252373592404,""select_card_service_card"":0.023183925811437404,""select_treasure"":0.023625524398321926,""start_defense"":0.20048575844557298,""use_inventory_item"":0.09074850960476927}",0,0,0,0,2.788574977,27.748757319
original_R2,a1r-r2-p1,19,19,36.39062492052714,35.062049865722656,89.08333333333333,,,,,,,0.20263269140450724,0.14138102266296948,0.20361067749121609,1.9567544000685884,0.0021392797761483747,,,,,,,,4,0.020124846870791826,0.443039998631267,1.0430690050125122,0.9808281561236286,0.015314534292830265,0.16674462114125352,0.08956969130028064,0.20790458372310572,"{""build_tower"":0.20790458372310572,""confirm_card_service_selection"":0.027128157156220765,""continue"":0.16674462114125352,""discard_treasure"":0.0007015902712815715,""place_tower"":0.06150608044901777,""purchase_shop_item"":0.10243217960710944,""remove_tower"":0.002806361085126286,""reroll"":0.08956969130028064,""select_card_service_card"":0.027128157156220765,""select_treasure"":0.02362020579981291,""start_defense"":0.20790458372310572,""use_inventory_item"":0.08255378858746493}",0,0,0,0,2.61893259,25.538528017
original_R2,a1r-r2-p1,20,20,38.56874791781107,37.32284927368164,97.85416666666667,0.21521712839603424,36.44944907724857,36.23423194885254,66,56,6,0.2188173670715837,0.1562386183154648,0.23583071149493517,2.8814716494969996,0.005674099853971364,,,,,,,,4,0.0314047715724691,0.528260715697941,1.179260015487671,0.9762581233167045,0.018779094992695672,0.1711730892058761,0.09410261869278262,0.20140515222482436,"{""build_tower"":0.20140515222482436,""confirm_card_service_selection"":0.025974025974025976,""continue"":0.1711730892058761,""discard_treasure"":0.0004258037044922291,""place_tower"":0.058973813072173725,""purchase_shop_item"":0.10453480945284224,""remove_tower"":0.007238662976367894,""reroll"":0.09410261869278262,""select_card_service_card"":0.02661273153076432,""select_treasure"":0.023632105599318713,""start_defense"":0.20140515222482436,""use_inventory_item"":0.08452203534170748}",0,0,0,0,2.938969148,28.682083474
original_R2,a1r-r2-p1,21,21,36.376770973205566,35.624799728393555,91.75,,,,,,,0.2712974656261441,0.1944787535378716,0.30278478417959476,3.8146098666675896,0.006644901570325577,,,,,,,,4,0.0548502605718871,0.6353040126462778,1.6561352014541626,0.9741989831492547,0.02486631005174584,0.15122615803814715,0.09059945504087194,0.2027702089009991,"{""build_tower"":0.2027702089009991,""confirm_card_service_selection"":0.019981834695731154,""continue"":0.15122615803814715,""discard_treasure"":0.00045413260672116256,""place_tower"":0.06562216167120799,""purchase_shop_item"":0.1030881017257039,""remove_tower"":0.02861035422343324,""reroll"":0.09059945504087194,""select_card_service_card"":0.019981834695731154,""select_treasure"":0.02316076294277929,""start_defense"":0.2027702089009991,""use_inventory_item"":0.09173478655767484}",0,0,0,0,2.685272136,26.152590241
original_R2,a1r-r2-p1,22,22,36.79890433947245,36.36739921569824,94.45833333333333,,,,,,,0.34529623356762656,0.22137968290291232,0.3698456498483817,7.304293346328079,0.006681419697062868,,,,,,,,4,0.06790925013936228,0.7216145052678056,2.0198898315429688,0.9750344417569752,0.022603154958536226,0.14600794000882222,0.08888398764887516,0.19938244375827086,"{""build_tower"":0.19938244375827086,""confirm_card_service_selection"":0.023820026466696075,""continue"":0.14600794000882222,""discard_treasure"":0.0006616674018526688,""place_tower"":0.06418173797970887,""purchase_shop_item"":0.10299955888839876,""remove_tower"":0.04146449051610057,""reroll"":0.08888398764887516,""select_card_service_card"":0.023820026466696075,""select_treasure"":0.02337891486546096,""start_defense"":0.19938244375827086,""use_inventory_item"":0.08601676224084694}",0,0,0,0,2.755235214,27.339145879
original_R2,a1r-r2-p1,23,23,34.26684168974558,34.2325496673584,94.33333333333333,,,,,,,0.4880325959256796,0.30041435724216453,0.47420868691470885,8.815754704248116,0.006382074349157089,,,,,,,,4,0.07227548925826947,0.9224684532317851,2.4645135402679443,0.919727645596347,0.06381663255807427,0.15812720848056538,0.09010600706713781,0.18573321554770317,"{""build_tower"":0.18573321554770317,""confirm_card_service_selection"":0.016563604240282685,""continue"":0.15812720848056538,""discard_treasure"":0.0015459363957597172,""place_tower"":0.05410777385159011,""purchase_shop_item"":0.0885600706713781,""remove_tower"":0.10004416961130742,""reroll"":0.09010600706713781,""select_card_service_card"":0.01678445229681979,""select_treasure"":0.02120141342756184,""start_defense"":0.18573321554770317,""use_inventory_item"":0.08149293286219081}",0,0,0,0,2.478344437,25.555193903
original_R2,a1r-r2-p1,24,24,34.71870219707489,34.45620155334473,94.1875,,,,,,,0.4116178928963117,0.2656474586584807,0.42031895162330735,6.564882623767289,0.00512113138792911,,,,,,,,4,0.054911897491870656,0.9106376270453135,2.3045153617858887,0.9563248621899365,0.045191606118654214,0.16412298164122982,0.0864852908648529,0.18867507188675073,"{""build_tower"":0.18867507188675073,""confirm_card_service_selection"":0.0203494802034948,""continue"":0.16412298164122982,""discard_treasure"":0.0024330900243309003,""place_tower"":0.0577305905773059,""purchase_shop_item"":0.09267861092678611,""remove_tower"":0.0756469807564698,""reroll"":0.0864852908648529,""select_card_service_card"":0.0205706702057067,""select_treasure"":0.0227825702278257,""start_defense"":0.18867507188675073,""use_inventory_item"":0.0798495907984959}",0,0,0,0,2.5436198389999998,25.937419595
original_R2,a1r-r2-p1,25,25,35.45875815550486,34.294050216674805,94.29166666666667,-3.188957691192627,33.04527425765991,36.23423194885254,31,97,0,0.40279533238136134,0.26236680435597476,0.4222789630293846,6.795916395854904,0.0036773407570459917,,,,,,,,4,0.042117531747660704,0.6391689344826672,1.3214393854141235,0.9706219969379428,0.02842235293549796,0.16791869200176757,0.09323906319045515,0.19222271321254972,"{""build_tower"":0.19222271321254972,""confirm_card_service_selection"":0.019885108263367212,""continue"":0.16791869200176757,""discard_treasure"":0.002209456473707468,""place_tower"":0.0618647812638091,""purchase_shop_item"":0.09147149801148917,""remove_tower"":0.05700397702165267,""reroll"":0.09323906319045515,""select_card_service_card"":0.019885108263367212,""select_treasure"":0.022315510384445427,""start_defense"":0.19222271321254972,""use_inventory_item"":0.07976137870083959}",0,0,0,0,2.5632775260000003,26.299464268
original_R2,a1r-r2-p1,26,26,36.952256202697754,37.069549560546875,103.33333333333333,,,,,,,0.4395820695330061,0.2816526627900282,0.4630517542362213,7.851771914057461,0.007132337108873799,,,,,,,,4,0.06757812504656613,0.7669821221381425,1.574391484260559,0.9754668567941317,0.022327828488778324,0.19556451612903225,0.08911290322580645,0.18205645161290324,"{""build_tower"":0.18205645161290324,""confirm_card_service_selection"":0.02217741935483871,""continue"":0.19556451612903225,""discard_treasure"":0.001411290322580645,""place_tower"":0.055645161290322584,""purchase_shop_item"":0.09233870967741936,""remove_tower"":0.059475806451612906,""reroll"":0.08911290322580645,""select_card_service_card"":0.022379032258064518,""select_treasure"":0.020967741935483872,""start_defense"":0.18205645161290324,""use_inventory_item"":0.07681451612903226}",0,0,0,0,2.798658928,28.593203442
original_R2,a1r-r2-p1,27,27,35.41475443045298,34.141300201416016,105.27083333333333,,,,,,,0.46596140716609474,0.2978468876699816,0.46657471992075444,8.683742718276743,0.005591684391765739,,,,,,,,4,0.05622416504193097,0.767552450299263,1.6153117418289185,0.9751646161667337,0.02285288441926241,0.21709875321591135,0.09301405105877697,0.1723728478131803,"{""build_tower"":0.1723728478131803,""confirm_card_service_selection"":0.018404907975460124,""continue"":0.21709875321591135,""discard_treasure"":0.004155946962200673,""place_tower"":0.060558084306352664,""purchase_shop_item"":0.08588957055214724,""remove_tower"":0.0629329111418959,""reroll"":0.09301405105877697,""select_card_service_card"":0.018404907975460124,""select_treasure"":0.020186028102117552,""start_defense"":0.1723728478131803,""use_inventory_item"":0.07460914308331684}",0,0,0,0,2.762981183,28.834064479
original_R2,a1r-r2-p1,28,28,33.97978123029073,32.976449966430664,101.20833333333333,,,,,,,0.5016254258913847,0.31041029352285143,0.4960551587374587,8.533243660898785,0.007006873615673133,,,,,,,,4,0.083424753264377,0.7916734132327532,1.8203731775283813,0.9549148306450397,0.0400453877978419,0.2099629477151091,0.09860024701523261,0.17167558666117744,"{""build_tower"":0.17167558666117744,""confirm_card_service_selection"":0.018937834499794155,""continue"":0.2099629477151091,""discard_treasure"":0.0037052284890901604,""place_tower"":0.053314121037463975,""purchase_shop_item"":0.07698641416220667,""remove_tower"":0.08851379168382051,""reroll"":0.09860024701523261,""select_card_service_card"":0.018937834499794155,""select_treasure"":0.02099629477151091,""start_defense"":0.17167558666117744,""use_inventory_item"":0.06669411280362289}",0,0,0,0,2.5942544549999997,27.385124587
original_R2,a1r-r2-p1,29,29,34.538437485694885,34.0,99.375,,,,,,,0.43228491059877283,0.2784456113884732,0.4242451575241591,6.844208498223536,0.003749076429046813,,,,,,,,4,0.04307598787310876,0.6443071561424356,1.491684913635254,0.9660931483998149,0.027425929720170404,0.21928721174004193,0.10083857442348008,0.1769392033542977,"{""build_tower"":0.1769392033542977,""confirm_card_service_selection"":0.021174004192872117,""continue"":0.21928721174004193,""discard_treasure"":0.0033542976939203353,""place_tower"":0.06079664570230608,""purchase_shop_item"":0.08259958071278826,""remove_tower"":0.04591194968553459,""reroll"":0.10083857442348008,""select_card_service_card"":0.021383647798742137,""select_treasure"":0.021174004192872117,""start_defense"":0.1769392033542977,""use_inventory_item"":0.06960167714884696}",0,0,0,0,2.706723513,27.822128481
original_R2,a1r-r2-p1,30,30,35.27775843938192,33.74445152282715,105.125,-3.0857591778039932,33.148472771048546,36.23423194885254,33,95,0,0.42576122804067273,0.27774449800175466,0.42941908575594423,8.121000650657294,0.002956588101892521,,,,,,,,4,0.03337751122307964,0.5929534114897251,1.0988330841064453,0.9676240335064877,0.02723901441786438,0.2348394768133175,0.09908838684106223,0.17162108600871978,"{""build_tower"":0.17162108600871978,""confirm_card_service_selection"":0.019619500594530322,""continue"":0.2348394768133175,""discard_treasure"":0.0017835909631391202,""place_tower"":0.056282203725723345,""purchase_shop_item"":0.08224336107808165,""remove_tower"":0.053111375346809354,""reroll"":0.09908838684106223,""select_card_service_card"":0.02001585414189457,""select_treasure"":0.020808561236623068,""start_defense"":0.17162108600871978,""use_inventory_item"":0.06896551724137931}",0,0,0,0,2.7977840819999997,31.364542637
original_R2,a1r-r2-p1,31,31,36.812903881073,34.40735054016113,111.58333333333333,,,,,,,0.45364672915093973,0.2955110600920518,0.4466530435851642,8.2523259388281,0.005006189558375782,,,,,,,,4,0.051678993894408144,0.6933180661428542,1.45387601852417,0.9680934276233519,0.02886671954322429,0.22815533980582525,0.09970126960418223,0.16878267363704258,"{""build_tower"":0.16878267363704258,""confirm_card_service_selection"":0.022964899178491413,""continue"":0.22815533980582525,""discard_treasure"":0.0028005974607916355,""place_tower"":0.052091112770724424,""purchase_shop_item"":0.08775205377147124,""remove_tower"":0.05601194921583271,""reroll"":0.09970126960418223,""select_card_service_card"":0.02315160567587752,""select_treasure"":0.020351008215085883,""start_defense"":0.16878267363704258,""use_inventory_item"":0.06945481702763256}",0,0,0,0,2.92499017,31.602233715
original_R2,a1r-r2-p1,32,32,35.89949790636698,34.71904945373535,109.29166666666667,,,,,,,0.46160574008425476,0.2964998160718411,0.4769558303412937,9.12782573445948,0.0033013946445602676,,,,,,,,4,0.036373447050296125,0.6158426625742799,1.2061362266540527,0.969531985109349,0.024100706757356722,0.23522683949675943,0.10598551277163554,0.16736561189477697,"{""build_tower"":0.16736561189477697,""confirm_card_service_selection"":0.020205871139916128,""continue"":0.23522683949675943,""discard_treasure"":0.002668699961875715,""place_tower"":0.05299275638581777,""purchase_shop_item"":0.08292032024399543,""remove_tower"":0.0571864277544796,""reroll"":0.10598551277163554,""select_card_service_card"":0.020205871139916128,""select_treasure"":0.01963400686237133,""start_defense"":0.16736561189477697,""use_inventory_item"":0.068242470453679}",0,0,0,0,2.84530616,30.106501536
original_R2,a1r-r2-p1,33,33,36.425070921579994,34.763450622558594,116.14583333333333,,,,,,,0.4732544840622197,0.3092135749411731,0.471733171492815,9.128570407940005,0.0035359741362878017,,,,,,,,4,0.038676603908904574,0.6263791803609241,1.778830647468567,0.9593431712896682,0.03448056018995968,0.262780269058296,0.08286995515695067,0.16,"{""build_tower"":0.16,""confirm_card_service_selection"":0.017040358744394617,""continue"":0.262780269058296,""discard_treasure"":0.0025112107623318385,""place_tower"":0.05022421524663677,""purchase_shop_item"":0.08681614349775785,""remove_tower"":0.0661883408071749,""reroll"":0.08286995515695067,""select_card_service_card"":0.017040358744394617,""select_treasure"":0.01937219730941704,""start_defense"":0.16,""use_inventory_item"":0.07515695067264574}",0,0,0,0,3.052164136,31.757893827
original_R2,a1r-r2-p1,34,34,36.19660611947378,34.8306999206543,116.0625,,,,,,,0.46223508747760567,0.30425550608035407,0.47718418355692516,8.601185280475375,0.004728485081552042,,,,,,,,4,0.054529975253072654,0.6077425842258063,1.7539312839508057,0.96208198127996,0.029703915838829496,0.2550709028899659,0.09298151139831269,0.15921737569556632,"{""build_tower"":0.15921737569556632,""confirm_card_service_selection"":0.020642613534374438,""continue"":0.2550709028899659,""discard_treasure"":0.0016155088852988692,""place_tower"":0.05708131394722671,""purchase_shop_item"":0.08903248967869323,""remove_tower"":0.05331179321486268,""reroll"":0.09298151139831269,""select_card_service_card"":0.02118111649614073,""select_treasure"":0.01902710464907557,""start_defense"":0.15921737569556632,""use_inventory_item"":0.07162089391491654}",0,0,0,0,3.118313691,33.674779268
original_R2,a1r-r2-p1,35,35,36.984187523523964,36.15340042114258,115.5,-1.9512013792991638,34.283030569553375,36.23423194885254,41,87,0,0.5053279164202976,0.32268761041012145,0.5046775750815868,8.504209683780152,0.005565917989759906,,,,,,,,4,0.06167774293995039,0.6756041703576391,1.4106483459472656,0.9667835561586723,0.02980439671823247,0.24639249639249639,0.09686147186147186,0.16396103896103897,"{""build_tower"":0.16396103896103897,""confirm_card_service_selection"":0.021103896103896104,""continue"":0.24639249639249639,""discard_treasure"":0.0030663780663780665,""place_tower"":0.047979797979797977,""purchase_shop_item"":0.08225108225108226,""remove_tower"":0.06800144300144301,""reroll"":0.09686147186147186,""select_card_service_card"":0.021464646464646464,""select_treasure"":0.01893939393939394,""start_defense"":0.16396103896103897,""use_inventory_item"":0.06601731601731602}",0,0,0,0,2.918342389,31.909076762
original_R2,a1r-r2-p1,36,36,35.886614759763084,35.33645057678223,106.27083333333333,,,,,,,0.4775133639191314,0.31288705434688363,0.45958358868956567,7.654938149028164,0.0028593488334081483,,,,,,,,4,0.02976970432791859,0.5186841992661357,1.158610463142395,0.9712430490132096,0.02442860195878893,0.23760047049598118,0.09409919623603215,0.17271123309155068,"{""build_tower"":0.17271123309155068,""confirm_card_service_selection"":0.019211919231523232,""continue"":0.23760047049598118,""discard_treasure"":0.0017643599294256027,""place_tower"":0.05195059792197608,""purchase_shop_item"":0.08292491668300334,""remove_tower"":0.058223877671044894,""reroll"":0.09409919623603215,""select_card_service_card"":0.01940795922368163,""select_treasure"":0.019996079200156832,""start_defense"":0.17271123309155068,""use_inventory_item"":0.0693981572240737}",0,0,0,0,2.7519348089999998,29.477204718
original_R2,a1r-r2-p1,37,37,38.57728139559428,37.34454917907715,115.1875,,,,,,,0.4471133391385289,0.2961763168756116,0.44652173160152003,7.4131925703724395,0.0025421025809671187,,,,,,,,4,0.022937323622913522,0.5723015723580663,1.0770399570465088,0.9714363276245261,0.02392863305497237,0.23910291191897268,0.10255018990775909,0.17037438958220294,"{""build_tower"":0.17037438958220294,""confirm_card_service_selection"":0.02369325375293905,""continue"":0.23910291191897268,""discard_treasure"":0.0009043226623259179,""place_tower"":0.053355037077229155,""purchase_shop_item"":0.08862362090793996,""remove_tower"":0.036715500090432264,""reroll"":0.10255018990775909,""select_card_service_card"":0.02369325375293905,""select_treasure"":0.02025682763610056,""start_defense"":0.17037438958220294,""use_inventory_item"":0.07035630312895641}",0,0,0,0,3.105874041,33.666144602
original_R2,a1r-r2-p1,38,38,36.34887492656708,35.72189903259277,114.77083333333333,,,,,,,0.47036939707140646,0.3085123302705069,0.4775151867758144,8.096125791911746,0.004448944796887521,,,,,,,,4,0.039265422097576615,0.6492574353787032,1.1190681457519531,0.9713291857338369,0.0262141052887521,0.25921219822109276,0.10491922308948992,0.16227990560900346,"{""build_tower"":0.16227990560900346,""confirm_card_service_selection"":0.01905972045743329,""continue"":0.25921219822109276,""discard_treasure"":0.0014521691777092032,""place_tower"":0.05100744236703576,""purchase_shop_item"":0.08241060083499728,""remove_tower"":0.048466146306044657,""reroll"":0.10491922308948992,""select_card_service_card"":0.019785805046287894,""select_treasure"":0.020148847340715193,""start_defense"":0.16227990560900346,""use_inventory_item"":0.06897803594118715}",0,0,0,0,3.036761406,31.958936337
original_R2,a1r-r2-p1,39,39,36.51481032371521,35.45825004577637,114.1875,,,,,,,0.4721351967250006,0.30964986725538374,0.47135360877622257,8.136349607067288,0.003709411904599785,,,,,,,,4,0.03842752304097468,0.5644904842430895,1.5726757049560547,0.9651596809163967,0.029706566319377584,0.2795110381317278,0.09104178069695311,0.16274402481299033,"{""build_tower"":0.16274402481299033,""confirm_card_service_selection"":0.019157088122605363,""continue"":0.2795110381317278,""discard_treasure"":0.00036489691662105453,""place_tower"":0.05035577449370553,""purchase_shop_item"":0.07717569786535304,""remove_tower"":0.05491698595146871,""reroll"":0.09104178069695311,""select_card_service_card"":0.019339536580915893,""select_treasure"":0.018974639664294836,""start_defense"":0.16274402481299033,""use_inventory_item"":0.06367451195037402}",0,0,0,0,2.996251702,31.629272755
original_R2,a1r-r2-p1,40,40,36.4495187997818,34.86919975280762,107.20833333333333,-2.2389966398477554,33.995235309004784,36.23423194885254,39,89,0,0.46664842414318275,0.28728711536622875,0.4698042184824035,7.88355113170366,0.004392455239364305,,,,,,,,4,0.03837568689847276,0.6010503612813496,3.9948649406433105,0.9694194230772807,0.026480762565153696,0.2502914885347843,0.09696851923824329,0.17431014380101048,"{""build_tower"":0.17431014380101048,""confirm_card_service_selection"":0.02137582588418189,""continue"":0.2502914885347843,""discard_treasure"":0.0025262339681305867,""place_tower"":0.05130198212203654,""purchase_shop_item"":0.08200544111931597,""remove_tower"":0.03731053245239021,""reroll"":0.09696851923824329,""select_card_service_card"":0.02137582588418189,""select_treasure"":0.02098717450446949,""start_defense"":0.17431014380101048,""use_inventory_item"":0.06723668869024485}",0,0,0,0,2.838977469,29.744441931
original_R2,a1r-r2-p1,41,41,36.256651838620506,35.16079902648926,114.95833333333333,,,,,,,0.5140862545547021,0.30041389370103383,0.5327282686802474,7.8893579146373165,0.0042435216758514634,,,,,,,,4,0.04402783889831467,0.6192103329707276,1.2971811294555664,0.9743307325544821,0.025430922703394157,0.257883291047481,0.10239217107647698,0.16092787241754258,"{""build_tower"":0.16092787241754258,""confirm_card_service_selection"":0.024284160927872417,""continue"":0.257883291047481,""discard_treasure"":0.0016310257339615802,""place_tower"":0.04893077201884741,""purchase_shop_item"":0.08354476259514317,""remove_tower"":0.052917723812975714,""reroll"":0.10239217107647698,""select_card_service_card"":0.024827836172526277,""select_treasure"":0.01920985864443639,""start_defense"":0.16092787241754258,""use_inventory_item"":0.06252265313519391}",0,0,0,0,2.964268222,32.494581743
original_R2,a1r-r2-p1,42,42,35.734135349591575,34.0,105.39583333333333,,,,,,,0.49445081088958137,0.278794256618745,0.49709653593599795,6.62761374551611,0.0031866979030837684,,,,,,,,4,0.03793694917112589,0.5520205516368151,1.5540928840637207,0.9769836456544689,0.020357975480146707,0.22870132437240562,0.11444949594781577,0.17256374777624037,"{""build_tower"":0.17256374777624037,""confirm_card_service_selection"":0.022138762601304606,""continue"":0.22870132437240562,""discard_treasure"":0.0019766752322593396,""place_tower"":0.05653291164261712,""purchase_shop_item"":0.08381102984779601,""remove_tower"":0.03656849179679779,""reroll"":0.11444949594781577,""select_card_service_card"":0.02233643012453054,""select_treasure"":0.019964419845819332,""start_defense"":0.17256374777624037,""use_inventory_item"":0.06839296303617316}",0,0,0,0,2.840707376,29.868342332
original_R2,a1r-r2-p1,43,43,38.84995210170746,37.52169990539551,112.83333333333333,,,,,,,0.4971036787895064,0.2695061949946338,0.49204452437433327,6.576548265096088,0.004415444240469862,,,,,,,,4,0.04350142047571188,0.5872821084816348,1.5271320343017578,0.9744896953021706,0.022762485695156185,0.22451994091580502,0.11152141802067947,0.17540620384047267,"{""build_tower"":0.17540620384047267,""confirm_card_service_selection"":0.024002954209748892,""continue"":0.22451994091580502,""discard_treasure"":0.001292466765140325,""place_tower"":0.04874446085672083,""purchase_shop_item"":0.09010339734121123,""remove_tower"":0.03212703101920236,""reroll"":0.11152141802067947,""select_card_service_card"":0.024741506646971934,""select_treasure"":0.02086410635155096,""start_defense"":0.17540620384047267,""use_inventory_item"":0.07127031019202364}",0,0,0,0,3.037844645,35.163700525
original_R2,a1r-r2-p1,44,44,38.884821017583214,37.52225112915039,114.54166666666667,,,,,,,0.5036321224459411,0.2728042863147388,0.50803356109695,6.581922043214464,0.004596575807475098,,,,,,,,4,0.03779122227040881,0.5029879805039276,1.3012932538986206,0.976592713972946,0.023511994746513665,0.2204437977446344,0.11349581666060386,0.172971989814478,"{""build_tower"":0.172971989814478,""confirm_card_service_selection"":0.02328119316114951,""continue"":0.2204437977446344,""discard_treasure"":0.0009094216078574026,""place_tower"":0.052018915969443434,""purchase_shop_item"":0.09166969807202618,""remove_tower"":0.034558021098581304,""reroll"":0.11349581666060386,""select_card_service_card"":0.02364496180429247,""select_treasure"":0.021098581302291742,""start_defense"":0.172971989814478,""use_inventory_item"":0.0729356129501637}",0,0,0,0,3.098774242,33.838419469
original_R2,a1r-r2-p1,45,45,39.87870184580485,38.999549865722656,116.41666666666667,-1.1677812784910202,35.06645067036152,36.23423194885254,48,80,0,0.49205640234886033,0.2611889189858165,0.5086232420395721,6.506145699565106,0.004578790671282398,,,,,,,,4,0.04455419841476462,0.5764194142750718,1.2597562074661255,0.9765300527940619,0.019403604219074954,0.21975662133142448,0.11972083035075161,0.17448103078024338,"{""build_tower"":0.17448103078024338,""confirm_card_service_selection"":0.024158911954187543,""continue"":0.21975662133142448,""discard_treasure"":0.0014316392269148174,""place_tower"":0.048496778811739444,""purchase_shop_item"":0.09126700071581961,""remove_tower"":0.029706513958482464,""reroll"":0.11972083035075161,""select_card_service_card"":0.024695776664280602,""select_treasure"":0.02040085898353615,""start_defense"":0.17448103078024338,""use_inventory_item"":0.07140300644237652}",0,0,0,0,3.104931312,34.810850056
original_R2,a1r-r2-p1,46,46,38.359943787256874,38.25575065612793,115.3125,,,,,,,0.47942334480457166,0.25936447948452707,0.5041518285870552,7.405047644960528,0.0035678158545289825,,,,,,,,4,0.04137883479283615,0.5557379058816216,1.2321590185165405,0.9794257652734466,0.01799663955303417,0.22384823848238483,0.11562782294489611,0.16982836495031617,"{""build_tower"":0.16982836495031617,""confirm_card_service_selection"":0.022764227642276424,""continue"":0.22384823848238483,""discard_treasure"":0.0012646793134598012,""place_tower"":0.05022583559168925,""purchase_shop_item"":0.0943089430894309,""remove_tower"":0.03523035230352303,""reroll"":0.11562782294489611,""select_card_service_card"":0.023125564588979224,""select_treasure"":0.01951219512195122,""start_defense"":0.16982836495031617,""use_inventory_item"":0.07443541102077687}",0,0,0,0,3.119993993,33.278479893
original_R2,a1r-r2-p1,47,47,38.33676461378733,36.755149841308594,111.60416666666667,,,,,,,0.5361593969118132,0.2785572480724851,0.5260871829731124,8.33305680499894,0.003981403323039211,,,,,,,,4,0.03942549793005344,0.5864279229371321,1.2902716398239136,0.9701131337708622,0.027253079649415753,0.19600522680604815,0.11461638977039387,0.17509800261340303,"{""build_tower"":0.17509800261340303,""confirm_card_service_selection"":0.024080642150457344,""continue"":0.19600522680604815,""discard_treasure"":0.0009333582228859437,""place_tower"":0.050961358969572525,""purchase_shop_item"":0.09482919544521187,""remove_tower"":0.048907970879223446,""reroll"":0.11461638977039387,""select_card_service_card"":0.024267313795034533,""select_treasure"":0.020907224192645138,""start_defense"":0.17509800261340303,""use_inventory_item"":0.07429531454172111}",0,0,0,0,3.051077569,31.835480178
original_R2,a1r-r2-p1,48,48,36.478700160980225,35.479148864746094,109.58333333333333,,,,,,,0.5640004046621436,0.3050133810412944,0.5969631650618145,9.729138036652724,0.00574177199132464,,,,,,,,4,0.05809018929444608,0.5911926226246924,1.1492111682891846,0.97414840906738,0.02431559903059332,0.19980988593155893,0.12167300380228137,0.17015209125475286,"{""build_tower"":0.17015209125475286,""confirm_card_service_selection"":0.02015209125475285,""continue"":0.19980988593155893,""discard_treasure"":0.0005703422053231939,""place_tower"":0.05532319391634981,""purchase_shop_item"":0.08574144486692015,""remove_tower"":0.06539923954372624,""reroll"":0.12167300380228137,""select_card_service_card"":0.02015209125475285,""select_treasure"":0.019961977186311788,""start_defense"":0.17015209125475286,""use_inventory_item"":0.07091254752851711}",0,0,0,0,2.963364899,30.976857683
original_R2,a1r-r2-p1,49,49,33.180062452952065,33.061851501464844,96.25,,,,,,,0.6107955202739022,0.322827350261477,0.5873949363043434,9.147278330145182,0.005574379942285496,,,,,,,,4,0.06506990141382343,0.7789139747619629,2.5862982273101807,0.954765082569185,0.033661202527582645,0.18744588744588744,0.11623376623376623,0.17575757575757575,"{""build_tower"":0.17575757575757575,""confirm_card_service_selection"":0.014935064935064935,""continue"":0.18744588744588744,""discard_treasure"":0.0010822510822510823,""place_tower"":0.05562770562770563,""purchase_shop_item"":0.07857142857142857,""remove_tower"":0.08896103896103896,""reroll"":0.11623376623376623,""select_card_service_card"":0.014935064935064935,""select_treasure"":0.020562770562770564,""start_defense"":0.17575757575757575,""use_inventory_item"":0.07012987012987013}",0,0,0,0,2.538712789,26.159767742
original_R2,a1r-r2-p1,50,50,38.31639361381531,36.57869911193848,117.83333333333333,-0.855436697602272,35.37879525125027,36.23423194885254,51,77,0,0.5369806307539409,0.2885239575969978,0.5449795007057812,8.614418204153926,0.005791259476411696,,,,,,,,4,0.05990998645353576,0.6281084703362506,2.095407724380493,0.9758763191639911,0.022074996888556558,0.21587694483734088,0.1181046676096181,0.16637199434229138,"{""build_tower"":0.16637199434229138,""confirm_card_service_selection"":0.020685997171145686,""continue"":0.21587694483734088,""discard_treasure"":0.0010608203677510608,""place_tower"":0.048444130127298445,""purchase_shop_item"":0.08999292786421499,""remove_tower"":0.058875530410183875,""reroll"":0.1181046676096181,""select_card_service_card"":0.02086280056577086,""select_treasure"":0.019978783592644978,""start_defense"":0.16637199434229138,""use_inventory_item"":0.07337340876944837}",0,0,0,0,3.104891757,34.204379516
original_R2,a1r-r2-p1,51,51,37.462626934051514,37.06814956665039,117.33333333333333,,,,,,,0.5122921824630168,0.2780326448051046,0.5034419389610941,9.802085459730304,0.004569408561730432,,,,,,,,4,0.050603693181818184,0.5522902763702653,1.4991103410720825,0.9809418813187202,0.019382025019943037,0.23384232954545456,0.11843039772727272,0.16246448863636365,"{""build_tower"":0.16246448863636365,""confirm_card_service_selection"":0.01970880681818182,""continue"":0.23384232954545456,""discard_treasure"":0.0001775568181818182,""place_tower"":0.05397727272727273,""purchase_shop_item"":0.08771306818181818,""remove_tower"":0.04971590909090909,""reroll"":0.11843039772727272,""select_card_service_card"":0.01970880681818182,""select_treasure"":0.01953125,""start_defense"":0.16246448863636365,""use_inventory_item"":0.072265625}",0,0,0,0,3.18384536,33.505265594
original_R2,a1r-r2-p1,52,52,35.80096050103506,34.53244972229004,110.97916666666667,,,,,,,0.5913553222064947,0.3160940714776139,0.582044719230561,9.803374124862323,0.0038074790884690757,,,,,,,,4,0.04596538371628239,0.6664038747549057,1.6849523782730103,0.9619402796229943,0.03159837371536663,0.2110005631687629,0.11657593392153182,0.16500844753144359,"{""build_tower"":0.16500844753144359,""confirm_card_service_selection"":0.015956448282335275,""continue"":0.2110005631687629,""discard_treasure"":0.0007508916838746011,""place_tower"":0.04880795945184907,""purchase_shop_item"":0.08109630185845691,""remove_tower"":0.09010700206495213,""reroll"":0.11657593392153182,""select_card_service_card"":0.015956448282335275,""select_treasure"":0.01989862962267693,""start_defense"":0.16500844753144359,""use_inventory_item"":0.06983292660033791}",0,0,0,0,2.900226836,30.159217898
original_R2,a1r-r2-p1,53,53,37.62549368540446,35.95899963378906,114.89583333333333,,,,,,,0.5340859751238778,0.2918942698232644,0.522987840527838,7.498776312766649,0.005338470259462466,,,,,,,,4,0.06364421948621218,0.5760047252882611,1.3453543186187744,0.9763268545126451,0.020292811190963468,0.23699002719854942,0.11550317316409792,0.16736174070716228,"{""build_tower"":0.16736174070716228,""confirm_card_service_selection"":0.01613780598368087,""continue"":0.23699002719854942,""discard_treasure"":0.0009066183136899365,""place_tower"":0.04968268359020852,""purchase_shop_item"":0.08105167724388032,""remove_tower"":0.0600181323662738,""reroll"":0.11550317316409792,""select_card_service_card"":0.01613780598368087,""select_treasure"":0.02012692656391659,""start_defense"":0.16736174070716228,""use_inventory_item"":0.06872166817769719}",0,0,0,0,2.986909162,32.712990535
original_R2,a1r-r2-p1,54,54,38.578785379727684,36.853200912475586,120.29166666666667,,,,,,,0.46967137008825305,0.2530968819532083,0.4719330516198407,7.0315095837905295,0.004349362647565652,,,,,,,,4,0.04598694408069486,0.5212353291394918,1.3044166564941406,0.9786017250387338,0.017472555374969608,0.2530308278489782,0.12105992379632836,0.16383789400762036,"{""build_tower"":0.16383789400762036,""confirm_card_service_selection"":0.02112919986144787,""continue"":0.2530308278489782,""discard_treasure"":0.0008659508139937652,""place_tower"":0.04797367509525459,""purchase_shop_item"":0.08486317977138899,""remove_tower"":0.035157603048146864,""reroll"":0.12105992379632836,""select_card_service_card"":0.021475580187045377,""select_treasure"":0.019570488396259092,""start_defense"":0.16383789400762036,""use_inventory_item"":0.06719778316591618}",0,0,0,0,3.157475178,35.199328985
original_R2,a1r-r2-p1,55,55,38.31800842285156,36.70000076293945,115.33333333333333,-0.5088961571455002,35.72533579170704,36.23423194885254,51,77,0,0.4614522758967759,0.23423073224073263,0.46271337365562265,6.460020727429495,0.004342323196851794,,,,,,,,4,0.04060724436898123,0.46641265583986585,0.9151743650436401,0.9780356219462586,0.018733150611462242,0.2483742774566474,0.11867774566473989,0.16961705202312138,"{""build_tower"":0.16961705202312138,""confirm_card_service_selection"":0.021495664739884394,""continue"":0.2483742774566474,""discard_treasure"":0.000361271676300578,""place_tower"":0.05220375722543353,""purchase_shop_item"":0.08507947976878613,""remove_tower"":0.026192196531791907,""reroll"":0.11867774566473989,""select_card_service_card"":0.02167630057803468,""select_treasure"":0.02005057803468208,""start_defense"":0.16961705202312138,""use_inventory_item"":0.06665462427745665}",0,0,0,0,3.090698489,33.715057951
original_R2,a1r-r2-p1,56,56,38.4597917397817,36.85210037231445,115.0,,,,,,,0.4719356421318643,0.23611657260865193,0.5168351415883411,6.578174392610661,0.003683473417678132,,,,,,,,4,0.03660136526873843,0.49348409507762303,0.8931062817573547,0.9816087206055483,0.016535875440405853,0.24003623188405798,0.1197463768115942,0.17065217391304346,"{""build_tower"":0.17065217391304346,""confirm_card_service_selection"":0.022644927536231884,""continue"":0.24003623188405798,""discard_treasure"":0.0005434782608695652,""place_tower"":0.050543478260869565,""purchase_shop_item"":0.09003623188405797,""remove_tower"":0.020289855072463767,""reroll"":0.1197463768115942,""select_card_service_card"":0.023007246376811594,""select_treasure"":0.020652173913043477,""start_defense"":0.17065217391304346,""use_inventory_item"":0.07119565217391305}",0,0,0,0,3.089804914,34.249657594
original_R2,a1r-r2-p1,57,57,39.30911056200663,38.06105041503906,121.45833333333333,,,,,,,0.5202763662089166,0.2460383213533746,0.5234514682189279,6.988995248340071,0.004712457210436459,,,,,,,,4,0.045994078021739486,0.5189697133458179,1.0551528930664062,0.9832811018467723,0.013518007958064909,0.2641509433962264,0.11132075471698114,0.1653516295025729,"{""build_tower"":0.1653516295025729,""confirm_card_service_selection"":0.019382504288164664,""continue"":0.2641509433962264,""discard_treasure"":0.0010291595197255575,""place_tower"":0.05180102915951972,""purchase_shop_item"":0.0902229845626072,""remove_tower"":0.019039451114922813,""reroll"":0.11132075471698114,""select_card_service_card"":0.01972555746140652,""select_treasure"":0.01955403087478559,""start_defense"":0.1653516295025729,""use_inventory_item"":0.07307032590051458}",0,0,0,0,3.274902626,36.708644179
original_R2,a1r-r2-p1,58,58,38.8433332045873,37.955650329589844,115.02083333333333,,,,,,,0.5510267715671914,0.26896511860065897,0.5551774776117369,7.162160089416622,0.003844464683507712,,,,,,,,4,0.050294193269854244,0.5019093201580372,1.0878100395202637,0.9772373622431884,0.01649515110660683,0.2454265531606593,0.11555877558413331,0.17225140373120812,"{""build_tower"":0.17225140373120812,""confirm_card_service_selection"":0.01756928092736823,""continue"":0.2454265531606593,""discard_treasure"":0.0003622532149972831,""place_tower"":0.05162108313711284,""purchase_shop_item"":0.08784640463684115,""remove_tower"":0.024995471834812533,""reroll"":0.11555877558413331,""select_card_service_card"":0.017931534142365514,""select_treasure"":0.01992392682485057,""start_defense"":0.17225140373120812,""use_inventory_item"":0.07426190907444304}",0,0,0,0,3.116037284,33.546697558
original_R2,a1r-r2-p1,59,59,39.29689967632294,38.817800521850586,113.70833333333333,,,,,,,0.5704786619113111,0.2639822651117873,0.6112377386201512,8.071077158873022,0.005194878482391438,,,,,,,,4,0.05152287452735684,0.5463262772695585,1.3962335586547852,0.9826835049399755,0.014319852026264098,0.22957127152803225,0.11652620007328691,0.17607182117991937,"{""build_tower"":0.17607182117991937,""confirm_card_service_selection"":0.019970685232685966,""continue"":0.22957127152803225,""discard_treasure"":0.0007328691828508611,""place_tower"":0.05075119091242213,""purchase_shop_item"":0.09380725540491022,""remove_tower"":0.021986075485525832,""reroll"":0.11652620007328691,""select_card_service_card"":0.020520337119824112,""select_treasure"":0.020520337119824112,""start_defense"":0.17607182117991937,""use_inventory_item"":0.07347013558079883}",0,0,0,0,3.12936564,34.531506522
original_R2,a1r-r2-p1,60,60,39.28662498792013,38.4914493560791,114.77083333333333,-1.0522156655788422,35.1820162832737,36.23423194885254,53,75,0,0.6019577454892148,0.29368504585230887,0.6201498278162696,7.698860759902871,0.00448758240482696,,,,,,,,4,0.04717204050922936,0.5388369837945158,1.368489384651184,0.9779226893477655,0.01828048770866272,0.2294427300780541,0.10691595570884008,0.17462334361953166,"{""build_tower"":0.17462334361953166,""confirm_card_service_selection"":0.017244508985296787,""continue"":0.2294427300780541,""discard_treasure"":0.0003630422944273008,""place_tower"":0.048466146306044657,""purchase_shop_item"":0.08930840442911599,""remove_tower"":0.045198765656198944,""reroll"":0.10691595570884008,""select_card_service_card"":0.01742603013251044,""select_treasure"":0.020330368487928845,""start_defense"":0.17462334361953166,""use_inventory_item"":0.07605736068251952}",0,0,0,0,3.156793404,33.54003781
original_R2,a1r-r2-p1,61,61,38.99814371267954,37.80619812011719,115.10416666666667,,,,,,,0.6037720694182671,0.3014698822921412,0.6147802749818022,7.644228790443587,0.004702801873959702,,,,,,,,4,0.05001322730359706,0.5813898545774546,1.5669571161270142,0.9774462098456838,0.020009184298528868,0.232579185520362,0.0988235294117647,0.1721266968325792,"{""build_tower"":0.1721266968325792,""confirm_card_service_selection"":0.014479638009049774,""continue"":0.232579185520362,""discard_treasure"":0.0012669683257918551,""place_tower"":0.05737556561085973,""purchase_shop_item"":0.0930316742081448,""remove_tower"":0.04126696832579185,""reroll"":0.0988235294117647,""select_card_service_card"":0.014660633484162897,""select_treasure"":0.020452488687782804,""start_defense"":0.1721266968325792,""use_inventory_item"":0.08180995475113122}",0,0,0,0,3.150007272,33.576995639
original_R2,a1r-r2-p1,62,62,38.01112333933512,35.54719924926758,110.79166666666667,,,,,,,0.6027006351801317,0.30237398002200866,0.6151151763541358,6.90829619172074,0.005244662784770341,,,,,,,,4,0.04745511284896305,0.6342857746141297,1.131971001625061,0.9790500547122878,0.017873533291830904,0.24238435502068448,0.1021060549078601,0.17468973298232418,"{""build_tower"":0.17468973298232418,""confirm_card_service_selection"":0.01692365550959007,""continue"":0.24238435502068448,""discard_treasure"":0.000752162467092892,""place_tower"":0.055848063181647235,""purchase_shop_item"":0.08894321173373448,""remove_tower"":0.030462579917262127,""reroll"":0.1021060549078601,""select_card_service_card"":0.017111696126363294,""select_treasure"":0.021060549078600978,""start_defense"":0.17468973298232418,""use_inventory_item"":0.07502820609251598}",0,0,0,0,3.031916581,32.359291069
original_R2,a1r-r2-p1,63,63,40.01174775759379,38.781150817871094,115.77083333333333,,,,,,,0.5812492107437476,0.2781253510772478,0.5853973539038138,6.884289622031461,0.003783838509827381,,,,,,,,4,0.04258273558860475,0.5648031371899627,1.0142595767974854,0.979713309975532,0.017475139995274894,0.23915781896706856,0.10437286305560554,0.1763541479215404,"{""build_tower"":0.1763541479215404,""confirm_card_service_selection"":0.018535180852978225,""continue"":0.23915781896706856,""discard_treasure"":0.00035990642432967427,""place_tower"":0.05146661867914342,""purchase_shop_item"":0.0930358106892208,""remove_tower"":0.024293683642253015,""reroll"":0.10437286305560554,""select_card_service_card"":0.019075040489472738,""select_treasure"":0.02015475976246176,""start_defense"":0.1763541479215404,""use_inventory_item"":0.07684002159438547}",0,0,0,0,3.170866817,34.490259789
original_R2,a1r-r2-p1,64,64,39.867501974105835,39.36409950256348,114.54166666666667,,,,,,,0.5874422024159028,0.2632456867418529,0.5932266414165497,6.999092491930998,0.005909435780443511,,,,,,,,4,0.05615016064521941,0.5403611348433928,1.3525513410568237,0.97953877623929,0.01841800872617486,0.2120771189523463,0.10767551837031648,0.17751909785376502,"{""build_tower"":0.17751909785376502,""confirm_card_service_selection"":0.020734812659148782,""continue"":0.2120771189523463,""discard_treasure"":0.0005456529647144416,""place_tower"":0.05074572571844307,""purchase_shop_item"":0.10130956711531466,""remove_tower"":0.026009457984721717,""reroll"":0.10767551837031648,""select_card_service_card"":0.021280465623863223,""select_treasure"":0.021462349945434705,""start_defense"":0.17751909785376502,""use_inventory_item"":0.0831211349581666}",0,0,0,0,3.208071193,35.620168156
original_R2,a1r-r2-p1,65,65,38.33082719643911,36.35690116882324,108.60416666666667,0.5480453372001648,36.782277286052704,36.23423194885254,65,63,0,0.6237987941280657,0.2731868806239421,0.6311077220099313,7.649692167039431,0.004142683455159256,,,,,,,,4,0.048051075278116126,0.5886561487402234,1.0579334497451782,0.9787968816118358,0.018354496996228892,0.22827546518319586,0.11490504507960866,0.18031843468252445,"{""build_tower"":0.18031843468252445,""confirm_card_service_selection"":0.01477076539420679,""continue"":0.22827546518319586,""discard_treasure"":0.0011509687320161136,""place_tower"":0.05140993669671974,""purchase_shop_item"":0.08804910799923268,""remove_tower"":0.02781507769038941,""reroll"":0.11490504507960866,""select_card_service_card"":0.01477076539420679,""select_treasure"":0.021101093420295414,""start_defense"":0.18031843468252445,""use_inventory_item"":0.0771149050450796}",0,0,0,0,2.997879458,32.44257985
original_R2,a1r-r2-p1,66,66,38.87556680043539,36.47809982299805,113.25,,,,,,,0.6304248180219466,0.2777609487516774,0.6353174800222571,7.900882883055862,0.0034600055792617986,,,,,,,,4,0.0370916193774478,0.5865359780463305,2.1955716609954834,0.9764889472835436,0.020608741292645307,0.22682119205298013,0.11147902869757174,0.17531272994849154,"{""build_tower"":0.17531272994849154,""confirm_card_service_selection"":0.01545253863134658,""continue"":0.22682119205298013,""discard_treasure"":0.0007358351729212656,""place_tower"":0.051508462104488596,""purchase_shop_item"":0.09234731420161883,""remove_tower"":0.03568800588668138,""reroll"":0.11147902869757174,""select_card_service_card"":0.015636497424576894,""select_treasure"":0.020603384841795438,""start_defense"":0.17531272994849154,""use_inventory_item"":0.07910228108903605}",0,0,0,0,3.055357458,33.439338274
original_R2,a1r-r2-p1,67,67,39.03215193748474,38.27544975280762,113.20833333333333,,,,,,,0.6528008336543483,0.27954159672838486,0.6635703749277375,7.3655034250508615,0.00566901579441037,,,,,,,,4,0.06113311868499626,0.611324826424772,1.494098424911499,0.9796812269349083,0.020951858012598346,0.2278248067721752,0.11078395288921605,0.17592933382407067,"{""build_tower"":0.17592933382407067,""confirm_card_service_selection"":0.016378358483621642,""continue"":0.2278248067721752,""discard_treasure"":0.000736105999263894,""place_tower"":0.05373573794626426,""purchase_shop_item"":0.0923813029076187,""remove_tower"":0.030732425469267573,""reroll"":0.11078395288921605,""select_card_service_card"":0.016378358483621642,""select_treasure"":0.020794994479205006,""start_defense"":0.17592933382407067,""use_inventory_item"":0.07839528892160472}",0,0,0,0,3.157921421,33.516716453
original_R2,a1r-r2-p1,68,68,40.91547477245331,39.42774963378906,124.04166666666667,,,,,,,0.6435497460798689,0.2590028154343228,0.6317692473530769,7.328363284170204,0.004379321708635568,,,,,,,,4,0.05518811165044705,0.5707188568388423,1.449499249458313,0.9800635504349601,0.01798668959721302,0.22992945918710112,0.12143097077594894,0.16829022505878402,"{""build_tower"":0.16829022505878402,""confirm_card_service_selection"":0.022505878401074906,""continue"":0.22992945918710112,""discard_treasure"":0.0008397715821296608,""place_tower"":0.0512260665099093,""purchase_shop_item"":0.09774941215989251,""remove_tower"":0.021834061135371178,""reroll"":0.12143097077594894,""select_card_service_card"":0.02267383271750084,""select_treasure"":0.019818609338259994,""start_defense"":0.16829022505878402,""use_inventory_item"":0.07541148807524353}",0,0,0,0,3.449167483,37.972322274
original_R2,a1r-r2-p1,69,69,40.01923529307047,38.0,116.5,,,,,,,0.6336747815349711,0.25054091184226723,0.6152191609144211,7.617502383719459,0.004861683380609479,,,,,,,,4,0.06063729740509933,0.512947629629211,1.137272834777832,0.9818434641288171,0.016877004686235028,0.2349785407725322,0.12285407725321888,0.17417739628040058,"{""build_tower"":0.17417739628040058,""confirm_card_service_selection"":0.02092274678111588,""continue"":0.2349785407725322,""discard_treasure"":0.000357653791130186,""place_tower"":0.048283261802575105,""purchase_shop_item"":0.0919170243204578,""remove_tower"":0.017167381974248927,""reroll"":0.12285407725321888,""select_card_service_card"":0.021101573676680974,""select_treasure"":0.02074391988555079,""start_defense"":0.17417739628040058,""use_inventory_item"":0.07331902718168813}",0,0,0,0,3.18265308,34.93157106
original_R2,a1r-r2-p1,70,70,40.67013347148895,39.35905075073242,121.89583333333333,-0.6769586205482483,35.55727332830429,36.23423194885254,55,73,0,0.6179239356221394,0.2580213801380731,0.6492494474286619,8.507411412573465,0.0034415923232897867,,,,,,,,4,0.042109871364158134,0.5107252908789593,1.0651494264602661,0.9802092864365103,0.01882577410129749,0.2503845496496325,0.1206631345069219,0.1698854896598872,"{""build_tower"":0.1698854896598872,""confirm_card_service_selection"":0.017945650316185266,""continue"":0.2503845496496325,""discard_treasure"":0.0003418219107844813,""place_tower"":0.04853871133139634,""purchase_shop_item"":0.08819005298239617,""remove_tower"":0.023072978977952487,""reroll"":0.1206631345069219,""select_card_service_card"":0.018287472226969748,""select_treasure"":0.019825670825499915,""start_defense"":0.1698854896598872,""use_inventory_item"":0.07297897795248676}",0,0,0,0,3.345654096,37.1463359
original_R2,a1r-r2-p1,71,71,39.48948963483175,37.52255058288574,120.97916666666667,,,,,,,0.6959993723835002,0.27835681486115205,0.6923995562221693,8.383097676114275,0.003553011162990594,,,,,,,,4,0.03816915761031534,0.6249352745387865,1.2004541158676147,0.9769823658424884,0.022958819845529353,0.2252453934906148,0.12881005682796626,0.16617874978474256,"{""build_tower"":0.16617874978474256,""confirm_card_service_selection"":0.01790941966592044,""continue"":0.2252453934906148,""discard_treasure"":0.0005166178749784743,""place_tower"":0.05200619941449974,""purchase_shop_item"":0.09178577578784226,""remove_tower"":0.03754089891510246,""reroll"":0.12881005682796626,""select_card_service_card"":0.018253831582572756,""select_treasure"":0.019459273290855863,""start_defense"":0.16617874978474256,""use_inventory_item"":0.07611503358016188}",0,0,0,0,3.405032885,37.947366632
original_R2,a1r-r2-p1,72,72,40.299170772234596,40.0,122.08333333333333,,,,,,,0.6480864340241533,0.26699160643803804,0.6594042790972668,7.977934701999265,0.003299978445679501,,,,,,,,4,0.03170885773294646,0.5624125755351522,0.9728918671607971,0.980026805828247,0.01880630365896808,0.23839590443686007,0.12235494880546074,0.16791808873720138,"{""build_tower"":0.16791808873720138,""confirm_card_service_selection"":0.016211604095563138,""continue"":0.23839590443686007,""discard_treasure"":0.00017064846416382253,""place_tower"":0.05511945392491468,""purchase_shop_item"":0.09266211604095563,""remove_tower"":0.025085324232081912,""reroll"":0.12235494880546074,""select_card_service_card"":0.016211604095563138,""select_treasure"":0.019795221843003412,""start_defense"":0.16791808873720138,""use_inventory_item"":0.07815699658703072}",0,0,0,0,3.398830562,36.885898297
original_R2,a1r-r2-p1,73,73,41.241264740626015,40.0,127.10416666666667,,,,,,,0.6270696491806858,0.2650985272736109,0.6571493080506722,9.393420618789078,0.004347667804798523,,,,,,,,4,0.04126244009239599,0.536727627273649,0.9990563988685608,0.978346012337676,0.02055868717919414,0.25143419111621046,0.12309457465989182,0.16571053925585968,"{""build_tower"":0.16571053925585968,""confirm_card_service_selection"":0.018193738731355515,""continue"":0.25143419111621046,""discard_treasure"":0.0013112604491067037,""place_tower"":0.04786100639239469,""purchase_shop_item"":0.08982134076380921,""remove_tower"":0.02671693165054909,""reroll"":0.12309457465989182,""select_card_service_card"":0.018357646287493853,""select_treasure"":0.01950499918046222,""start_defense"":0.16571053925585968,""use_inventory_item"":0.07228323225700704}",0,0,0,0,3.49219566,39.001939865
original_R2,a1r-r2-p1,74,74,37.65817713737488,35.16950035095215,116.3125,,,,,,,0.6726452753823448,0.2859494137197919,0.6961375678127463,9.610543769874539,0.0036197810409455337,,,,,,,,4,0.03835677592591806,0.5566575989465822,1.0456372499465942,0.978345039049114,0.017183276433074338,0.25774673114812824,0.12376858319899696,0.16532330288375424,"{""build_tower"":0.16532330288375424,""confirm_card_service_selection"":0.016836826079168907,""continue"":0.25774673114812824,""discard_treasure"":0.0005373455131649651,""place_tower"":0.04639082930324198,""purchase_shop_item"":0.0814974028300197,""remove_tower"":0.039405337632097436,""reroll"":0.12376858319899696,""select_card_service_card"":0.016836826079168907,""select_treasure"":0.01934443847393874,""start_defense"":0.16532330288375424,""use_inventory_item"":0.06698907397456565}",0,0,0,0,3.091272597,33.243993347
original_R2,a1r-r2-p1,75,75,39.96509373188019,37.22810173034668,125.10416666666667,-1.2099077552556992,35.02432419359684,36.23423194885254,43,85,0,0.6940781504666593,0.2906465429585025,0.7101157785703739,9.839024714115157,0.003450002949108466,,,,,,,,4,0.040067580431544535,0.558923516732951,1.209800362586975,0.9761860707471341,0.020065114746103063,0.2547876769358868,0.1278934221482098,0.16219816819317234,"{""build_tower"":0.16219816819317234,""confirm_card_service_selection"":0.015653621981681933,""continue"":0.2547876769358868,""discard_treasure"":0.0006661115736885929,""place_tower"":0.042631140716069944,""purchase_shop_item"":0.08659450457951708,""remove_tower"":0.040466278101582015,""reroll"":0.1278934221482098,""select_card_service_card"":0.01582014987510408,""select_treasure"":0.019150707743547043,""start_defense"":0.16219816819317234,""use_inventory_item"":0.07194004995836803}",0,0,0,0,3.268920293,37.051721218
original_R2,a1r-r2-p2,76,1,40.56720014413198,38.86224937438965,129.58333333333334,,,,,,,0.7152712236509279,0.29361006065837586,0.6946797323226929,9.642681159056718,0.005256972835704801,,,,,,,,4,0.06534745059907436,0.5658101458847523,1.377411127090454,0.9776121649443129,0.021761097470298408,0.24244372990353696,0.12909967845659165,0.16012861736334405,"{""build_tower"":0.16012861736334405,""confirm_card_service_selection"":0.018810289389067526,""continue"":0.24244372990353696,""discard_treasure"":0.0006430868167202572,""place_tower"":0.04630225080385852,""purchase_shop_item"":0.09244372990353698,""remove_tower"":0.04019292604501608,""reroll"":0.12909967845659165,""select_card_service_card"":0.018971061093247588,""select_treasure"":0.018488745980707395,""start_defense"":0.16012861736334405,""use_inventory_item"":0.07234726688102894}",0,0,0,0,3.319621582,37.547004314
original_R2,a1r-r2-p2,77,2,40.17404588063558,38.8568000793457,126.22916666666667,,,,,,,0.7136736433294155,0.29329927357257496,0.7254985241840283,9.107806468327679,0.003783522248644052,,,,,,,,4,0.04731949775790175,0.5926501539846262,1.089328646659851,0.9795699222176513,0.01711983808975977,0.2328767123287671,0.128569070803763,0.16207294933157287,"{""build_tower"":0.16207294933157287,""confirm_card_service_selection"":0.017659679815151014,""continue"":0.2328767123287671,""discard_treasure"":0.0011553061561313748,""place_tower"":0.04852285855751774,""purchase_shop_item"":0.091599273807559,""remove_tower"":0.0457171150354844,""reroll"":0.128569070803763,""select_card_service_card"":0.017824723551741212,""select_treasure"":0.01931011718105298,""start_defense"":0.16207294933157287,""use_inventory_item"":0.07261924409968641}",0,0,0,0,3.459091671,35.295743674
original_R2,a1r-r2-p2,78,3,39.985183318456016,38.98194885253906,122.66666666666667,,,,,,,0.7082765006406374,0.27586054931254383,0.7062244246835294,8.882750584202652,0.0038400669153934755,,,,,,,,4,0.04594089673913043,0.5487722045053607,0.9645578265190125,0.9812920006217728,0.016922546236816306,0.22673233695652173,0.13485054347826086,0.16644021739130435,"{""build_tower"":0.16644021739130435,""confirm_card_service_selection"":0.016813858695652172,""continue"":0.22673233695652173,""discard_treasure"":0.00033967391304347825,""place_tower"":0.05213994565217391,""purchase_shop_item"":0.09239130434782608,""remove_tower"":0.029721467391304348,""reroll"":0.13485054347826086,""select_card_service_card"":0.016983695652173912,""select_treasure"":0.01987092391304348,""start_defense"":0.16644021739130435,""use_inventory_item"":0.07727581521739131}",0,0,0,0,3.475197952,34.967607753
original_R2,a1r-r2-p2,79,4,42.57535401980082,42.20745086669922,129.79166666666666,,,,,,,0.6880252703737154,0.2852389353285923,0.6814395540952682,8.648741022971079,0.00351019575533428,,,,,,,,4,0.039046148285269734,0.5804950407147408,1.8202279806137085,0.9787395786882434,0.01851533423177898,0.2304975922953451,0.13563402889245585,0.16677367576243982,"{""build_tower"":0.16677367576243982,""confirm_card_service_selection"":0.013643659711075442,""continue"":0.2304975922953451,""discard_treasure"":0.0006420545746388443,""place_tower"":0.04430176565008025,""purchase_shop_item"":0.09341894060995184,""remove_tower"":0.03451043338683788,""reroll"":0.13563402889245585,""select_card_service_card"":0.013643659711075442,""select_treasure"":0.01958266452648475,""start_defense"":0.16677367576243982,""use_inventory_item"":0.08057784911717496}",0,0,0,0,3.6180930350000002,36.674693457000004
original_R2,a1r-r2-p2,80,5,38.99022102355957,36.948699951171875,116.66666666666667,0.3444109559059143,36.57864290475845,36.23423194885254,67,60,1,0.6473807063019922,0.2783313459194194,0.6395611851052805,8.493603282473453,0.003393939693730565,,,,,,,,4,0.03752156046473167,0.5578849962489172,1.1240084171295166,0.9787050231010457,0.018740676809102297,0.23785714285714285,0.12660714285714286,0.16982142857142857,"{""build_tower"":0.16982142857142857,""confirm_card_service_selection"":0.016785714285714286,""continue"":0.23785714285714285,""discard_treasure"":0.00035714285714285714,""place_tower"":0.04839285714285714,""purchase_shop_item"":0.08892857142857143,""remove_tower"":0.031071428571428573,""reroll"":0.12660714285714286,""select_card_service_card"":0.016964285714285713,""select_treasure"":0.02,""start_defense"":0.16982142857142857,""use_inventory_item"":0.07339285714285715}",0,0,0,0,3.149681856,33.165315796
original_R2,a1r-r2-p2,81,6,40.80935843785604,39.51704978942871,123.95833333333333,,,,,,,0.6495505163490843,0.26409983896013145,0.6335203101237615,8.388136468275496,0.0035907490757078144,,,,,,,,4,0.03999968493978182,0.5648101763799787,1.2289602756500244,0.9817753654376253,0.016230814740993083,0.2107563025210084,0.14252100840336135,0.1673949579831933,"{""build_tower"":0.1673949579831933,""confirm_card_service_selection"":0.016638655462184872,""continue"":0.2107563025210084,""discard_treasure"":0.0008403361344537816,""place_tower"":0.048907563025210085,""purchase_shop_item"":0.09630252100840336,""remove_tower"":0.03092436974789916,""reroll"":0.14252100840336135,""select_card_service_card"":0.01680672268907563,""select_treasure"":0.02,""start_defense"":0.1673949579831933,""use_inventory_item"":0.08151260504201681}",0,0,0,0,3.580047486,38.413612191
original_R2,a1r-r2-p2,82,7,41.25850021839142,39.80845069885254,129.20833333333334,,,,,,,0.6268347425212016,0.2601226743104474,0.6167394679784775,9.096386682128415,0.00414792162089725,,,,,,,,4,0.04744342673569918,0.571929126828909,1.3255597352981567,0.9813362440495881,0.01655744277872145,0.25878748790712675,0.1328603676233473,0.16301193163495648,"{""build_tower"":0.16301193163495648,""confirm_card_service_selection"":0.014511447920025799,""continue"":0.25878748790712675,""discard_treasure"":0.0004837149306675266,""place_tower"":0.05046759109964528,""purchase_shop_item"":0.08787487907126733,""remove_tower"":0.023540793292486296,""reroll"":0.1328603676233473,""select_card_service_card"":0.014672686230248307,""select_treasure"":0.019026120606256046,""start_defense"":0.16301193163495648,""use_inventory_item"":0.07175104804901644}",0,0,0,0,3.580933896,38.162785789
original_R2,a1r-r2-p2,83,8,41.46248531341553,40.0,135.58333333333334,,,,,,,0.5804007130566665,0.2585137783130879,0.5899398842683206,8.700547711261175,0.004149382735170968,,,,,,,,4,0.0425096821362296,0.5283122942424737,1.4701292514801025,0.9795928778343863,0.019259933973304354,0.29287031346035647,0.11893054701905348,0.15550092194222495,"{""build_tower"":0.15550092194222495,""confirm_card_service_selection"":0.014904732636754764,""continue"":0.29287031346035647,""discard_treasure"":0.00030731407498463427,""place_tower"":0.04409956976029502,""purchase_shop_item"":0.08942839582052858,""remove_tower"":0.02258758451137062,""reroll"":0.11893054701905348,""select_card_service_card"":0.015212046711739398,""select_treasure"":0.018131530424093423,""start_defense"":0.15550092194222495,""use_inventory_item"":0.0725261216963737}",0,0,0,0,3.62280017,39.653395117
original_R2,a1r-r2-p2,84,9,40.7859853108724,39.43680000305176,130.08333333333334,,,,,,,0.5549034524454052,0.23449343660700445,0.5861434462666512,8.765744966217882,0.004572535901820629,,,,,,,,4,0.05083281246945262,0.5801407720148564,1.3262348175048828,0.9817718163442584,0.0169521801546216,0.2785073670723895,0.13549007046764894,0.16047405509288917,"{""build_tower"":0.16047405509288917,""confirm_card_service_selection"":0.01233183856502242,""continue"":0.2785073670723895,""discard_treasure"":0.0004804612427930814,""place_tower"":0.052210121716848176,""purchase_shop_item"":0.08279948750800768,""remove_tower"":0.015534913516976298,""reroll"":0.13549007046764894,""select_card_service_card"":0.01233183856502242,""select_treasure"":0.01889814221652787,""start_defense"":0.16047405509288917,""use_inventory_item"":0.07046764894298527}",0,0,0,0,3.609328629,38.834987026
original_R2,a1r-r2-p2,85,10,40.63644806543986,37.91024971008301,137.0,-0.8450437188148499,35.38918823003769,36.23423194885254,43,84,1,0.5560653541881272,0.2394833368285846,0.5673639020667627,9.134521658588506,0.003288608267404505,,,,,,,,4,0.03701035291529619,0.5366127490997314,0.8817043304443359,0.9809537433443887,0.016402659776548926,0.3132603406326034,0.1297141119221411,0.15054744525547445,"{""build_tower"":0.15054744525547445,""confirm_card_service_selection"":0.014902676399026763,""continue"":0.3132603406326034,""discard_treasure"":0.0009124087591240876,""place_tower"":0.04592457420924574,""purchase_shop_item"":0.08287712895377129,""remove_tower"":0.014598540145985401,""reroll"":0.1297141119221411,""select_card_service_card"":0.015054744525547446,""select_treasure"":0.017335766423357664,""start_defense"":0.15054744525547445,""use_inventory_item"":0.06432481751824817}",0,0,0,0,3.581686602,38.05624834
original_R2,a1r-r2-p2,86,11,42.40330020586649,41.82040023803711,144.08333333333334,,,,,,,0.5333366288022199,0.2249921458637148,0.5395022721162864,9.25904295052811,0.004159985963220996,,,,,,,,4,0.047572544642857144,0.6082802257899728,3.5875942707061768,0.9821826661200994,0.015592877071217768,0.32620011567379986,0.11784268363215732,0.14979757085020243,"{""build_tower"":0.14979757085020243,""confirm_card_service_selection"":0.01735106998264893,""continue"":0.32620011567379986,""discard_treasure"":0.0010121457489878543,""place_tower"":0.041931752458068246,""purchase_shop_item"":0.08487565066512436,""remove_tower"":0.011422787738577212,""reroll"":0.11784268363215732,""select_card_service_card"":0.017640254482359747,""select_treasure"":0.017640254482359747,""start_defense"":0.14979757085020243,""use_inventory_item"":0.06448814343551186}",0,0,0,0,3.747396245,39.564415812
original_R2,a1r-r2-p2,87,12,41.13922925790151,40.10650062561035,133.58333333333334,,,,,,,0.5465076211393466,0.22661252526076614,0.5751062488326659,9.236952808765631,0.005415062107763683,,,,,,,,4,0.06256260027965674,0.7211126728126636,6.109760284423828,0.9826799991823064,0.01715926340637872,0.2939800374298191,0.12710542732376792,0.15736119775421084,"{""build_tower"":0.15736119775421084,""confirm_card_service_selection"":0.014971927635683094,""continue"":0.2939800374298191,""discard_treasure"":0.0007797878976918279,""place_tower"":0.043044291952588895,""purchase_shop_item"":0.08374922021210231,""remove_tower"":0.021210230817217717,""reroll"":0.12710542732376792,""select_card_service_card"":0.01512788521522146,""select_treasure"":0.018714909544603867,""start_defense"":0.15736119775421084,""use_inventory_item"":0.0665938864628821}",0,0,0,0,3.594403795,38.950148552
original_R2,a1r-r2-p2,88,13,39.55887496471405,37.239601135253906,131.64583333333334,,,,,,,0.5448306109146055,0.23361259835014914,0.5621495905518532,9.36349172528988,0.004786982716741477,,,,,,,,4,0.06203325893729925,0.5310227859020233,1.2312545776367188,0.9831469709766127,0.01426963713951409,0.3381864219021997,0.12090520652001899,0.15318879569552143,"{""build_tower"":0.15318879569552143,""confirm_card_service_selection"":0.013134989713562273,""continue"":0.3381864219021997,""discard_treasure"":0.0009495173286912486,""place_tower"":0.04177876246241494,""purchase_shop_item"":0.07200506409241969,""remove_tower"":0.01661655325209685,""reroll"":0.12090520652001899,""select_card_service_card"":0.013134989713562273,""select_treasure"":0.01772432346890331,""start_defense"":0.15318879569552143,""use_inventory_item"":0.05918658015508783}",0,0,0,0,3.400370436,37.794553134
original_R2,a1r-r2-p2,89,14,40.6647040049235,39.81534957885742,126.64583333333333,,,,,,,0.5410523414282585,0.22516767300584448,0.5481071931620439,8.932598387816919,0.003762533094591921,,,,,,,,4,0.04533559324530264,0.5523545381923517,0.9109668731689453,0.9848364639011267,0.015168145851930603,0.29379832209244944,0.1314360914624116,0.16384273729231782,"{""build_tower"":0.16384273729231782,""confirm_card_service_selection"":0.010857048856719856,""continue"":0.29379832209244944,""discard_treasure"":0.0006580029610133246,""place_tower"":0.04523770356966606,""purchase_shop_item"":0.0766573449580523,""remove_tower"":0.01727257772659977,""reroll"":0.1314360914624116,""select_card_service_card"":0.010857048856719856,""select_treasure"":0.019246586609639744,""start_defense"":0.16384273729231782,""use_inventory_item"":0.06629379832209245}",0,0,0,0,3.3482203950000002,35.025786788
original_R2,a1r-r2-p2,90,15,44.9597852230072,43.320600509643555,148.5,1.029445320367813,37.26367726922035,36.23423194885254,68,60,0,0.5438161999941231,0.22931468289596663,0.5593464669904539,9.08997416877524,0.0046188798334136595,,,,,,,,4,0.04925181881325053,0.5636455568351916,1.4496064186096191,0.9744879271882125,0.020132758430138762,0.27413019079685746,0.12457912457912458,0.1537598204264871,"{""build_tower"":0.1537598204264871,""confirm_card_service_selection"":0.01627384960718294,""continue"":0.27413019079685746,""discard_treasure"":0.001122334455667789,""place_tower"":0.04292929292929293,""purchase_shop_item"":0.10086980920314254,""remove_tower"":0.019921436588103254,""reroll"":0.12457912457912458,""select_card_service_card"":0.016414141414141416,""select_treasure"":0.017676767676767676,""start_defense"":0.1537598204264871,""use_inventory_item"":0.07856341189674523}",0,0,0,0,4.099363148,48.736507616
original_R2,a1r-r2-p2,91,16,42.532070795694985,39.37354850769043,136.35416666666666,,,,,,,0.5615298415506527,0.2274408775642538,0.5452297132175702,9.297061855751492,0.004460916030963675,,,,,,,,4,0.05787518656311127,0.544751552435068,1.1763521432876587,0.9788737383248434,0.019022822514391288,0.2901451489686784,0.13292589763177998,0.15874713521772346,"{""build_tower"":0.15874713521772346,""confirm_card_service_selection"":0.010847975553857907,""continue"":0.2901451489686784,""discard_treasure"":0.0006111535523300229,""place_tower"":0.047517188693659285,""purchase_shop_item"":0.08479755538579067,""remove_tower"":0.014209320091673033,""reroll"":0.13292589763177998,""select_card_service_card"":0.010847975553857907,""select_treasure"":0.017876241405653172,""start_defense"":0.15874713521772346,""use_inventory_item"":0.07272727272727272}",0,0,0,0,3.6815463729999998,41.26835043
original_R2,a1r-r2-p2,92,17,41.967504580815636,40.393001556396484,133.79166666666666,,,,,,,0.5757478081285258,0.2389128064237752,0.5633869681220788,9.152203790774877,0.0038804310953974683,,,,,,,,4,0.046967193054465145,0.5564203187823296,1.5689996480941772,0.9765668102530253,0.02165111806243658,0.27966365618187483,0.13640610401744005,0.15991902834008098,"{""build_tower"":0.15991902834008098,""confirm_card_service_selection"":0.007941451261289319,""continue"":0.27966365618187483,""discard_treasure"":0.0007785736530675802,""place_tower"":0.04406726876362504,""purchase_shop_item"":0.08175023357209592,""remove_tower"":0.02943008408595453,""reroll"":0.13640610401744005,""select_card_service_card"":0.007941451261289319,""select_treasure"":0.018997197134848955,""start_defense"":0.15991902834008098,""use_inventory_item"":0.07318592338835254}",0,0,0,0,3.6277709270000003,39.661667567
original_R2,a1r-r2-p2,93,18,43.480100313822426,43.20745086669922,139.29166666666666,,,,,,,0.535308585530961,0.2216803208154594,0.5521733159268344,9.572465276760557,0.005645208494006174,,,,,,,,4,0.05962336046138295,0.5857599185848678,1.9274237155914307,0.98129676086232,0.01768590299481595,0.28103499850433744,0.13505833084056237,0.1592880646126234,"{""build_tower"":0.1592880646126234,""confirm_card_service_selection"":0.011965300628178284,""continue"":0.28103499850433744,""discard_treasure"":0.0010469638049655997,""place_tower"":0.0445707448399641,""purchase_shop_item"":0.08600059826503141,""remove_tower"":0.019294047262937482,""reroll"":0.13505833084056237,""select_card_service_card"":0.011965300628178284,""select_treasure"":0.018845348489380794,""start_defense"":0.1592880646126234,""use_inventory_item"":0.07164223751121747}",0,0,0,0,3.745040548,41.414417533
original_R2,a1r-r2-p2,94,19,44.195395708084106,41.10610008239746,138.125,,,,,,,0.5744944833272871,0.239218105552258,0.5841744940441388,9.539641082407162,0.004057150913625334,,,,,,,,4,0.043911018480475135,0.5786616240556424,1.771981954574585,0.9810703082283281,0.017639866788298465,0.24615384615384617,0.15098039215686274,0.1622926093514329,"{""build_tower"":0.1622926093514329,""confirm_card_service_selection"":0.010256410256410256,""continue"":0.24615384615384617,""discard_treasure"":0.0012066365007541479,""place_tower"":0.04841628959276018,""purchase_shop_item"":0.0880844645550528,""remove_tower"":0.02398190045248869,""reroll"":0.15098039215686274,""select_card_service_card"":0.010256410256410256,""select_treasure"":0.01870286576168929,""start_defense"":0.1622926093514329,""use_inventory_item"":0.07737556561085973}",0,0,0,0,3.907495635,41.209398936
original_R2,a1r-r2-p2,95,20,43.12996872266134,42.40834999084473,130.45833333333334,1.6119002252817154,37.846132174134254,36.23423194885254,73,55,0,0.5286816069360192,0.23996466555565613,0.52546285957098,9.262668025721693,0.00439503325642363,,,,,,,,4,0.04707362286746502,0.5404093492031098,1.094338297843933,0.980633229096013,0.01914448570460081,0.24241456403704886,0.13941232832960715,0.1679974449057809,"{""build_tower"":0.1679974449057809,""confirm_card_service_selection"":0.0075055892686042795,""continue"":0.24241456403704886,""discard_treasure"":0.0007984669434685404,""place_tower"":0.05381667198977962,""purchase_shop_item"":0.0889492175023954,""remove_tower"":0.02331523474928138,""reroll"":0.13941232832960715,""select_card_service_card"":0.0075055892686042795,""select_treasure"":0.01996167358671351,""start_defense"":0.1679974449057809,""use_inventory_item"":0.08032577451293517}",0,0,0,0,3.74736059,40.066336212
original_R2,a1r-r2-p2,96,21,42.81532899538676,42.20170021057129,130.39583333333334,,,,,,,0.5242822444377272,0.2307696981175905,0.5249628919363022,9.270274890133452,0.003746305208442209,,,,,,,,4,0.040293817892670634,0.5276894789934158,1.0679556131362915,0.9765295142895767,0.023238377729430795,0.21760664642914204,0.14762741652021089,0.1671193481386803,"{""build_tower"":0.1671193481386803,""confirm_card_service_selection"":0.006390797251957182,""continue"":0.21760664642914204,""discard_treasure"":0.0011183895190925068,""place_tower"":0.05544016616072855,""purchase_shop_item"":0.09698034829845023,""remove_tower"":0.026042498801725517,""reroll"":0.14762741652021089,""select_card_service_card"":0.006550567183256111,""select_treasure"":0.02013101134366512,""start_defense"":0.1671193481386803,""use_inventory_item"":0.08787346221441125}",0,0,0,0,3.827019457,41.765894968
original_R2,a1r-r2-p2,97,22,42.353625218073525,42.29520034790039,127.91666666666667,,,,,,,0.5276852872983935,0.23206060764637246,0.5031458927939335,9.306193563866547,0.005517899918989618,,,,,,,,4,0.05740857004517844,0.5254749225762984,0.9680673480033875,0.9789167438514264,0.018243914237245917,0.2257328990228013,0.1527687296416938,0.16872964169381108,"{""build_tower"":0.16872964169381108,""confirm_card_service_selection"":0.0068403908794788275,""continue"":0.2257328990228013,""discard_treasure"":0.000488599348534202,""place_tower"":0.050488599348534204,""purchase_shop_item"":0.09234527687296416,""remove_tower"":0.02263843648208469,""reroll"":0.1527687296416938,""select_card_service_card"":0.0068403908794788275,""select_treasure"":0.020195439739413682,""start_defense"":0.16872964169381108,""use_inventory_item"":0.08420195439739414}",0,0,0,0,3.6792838420000002,39.460373683
original_R2,a1r-r2-p2,98,23,41.932170708974205,41.1031494140625,129.72916666666666,,,,,,,0.49153808344850086,0.22112538525236608,0.4875239533185959,9.37142066060809,0.003740881933681521,,,,,,,,4,0.03670980796217918,0.5712338000535965,2.4710824489593506,0.9797594235301479,0.019098915699869393,0.24377709972699535,0.14822546972860126,0.1649269311064718,"{""build_tower"":0.1649269311064718,""confirm_card_service_selection"":0.006744820941063112,""continue"":0.24377709972699535,""discard_treasure"":0.0009635458487233017,""place_tower"":0.04753492853701622,""purchase_shop_item"":0.0899309458808415,""remove_tower"":0.02521278304159306,""reroll"":0.14822546972860126,""select_card_service_card"":0.006744820941063112,""select_treasure"":0.019592098924040468,""start_defense"":0.1649269311064718,""use_inventory_item"":0.081419624217119}",0,0,0,0,3.584183532,38.730158704
original_R2,a1r-r2-p2,99,24,40.44180019696554,38.68975067138672,117.4375,,,,,,,0.49069435733112327,0.21424630167980924,0.47937237924855686,8.297903213037017,0.004894045239977814,,,,,,,,4,0.039529551630434784,0.6640722262470619,10.44864273071289,0.979634541080497,0.020272198047124497,0.21075039914848323,0.15682100408018448,0.17509313464608833,"{""build_tower"":0.17509313464608833,""confirm_card_service_selection"":0.006386375731772219,""continue"":0.21075039914848323,""discard_treasure"":0.0005321979776476849,""place_tower"":0.05091360652829519,""purchase_shop_item"":0.08923186091892851,""remove_tower"":0.025722902252971438,""reroll"":0.15682100408018448,""select_card_service_card"":0.006563775057654781,""select_treasure"":0.02057832180237715,""start_defense"":0.17509313464608833,""use_inventory_item"":0.0823132872095086}",0,0,0,0,3.298886569,36.434453219
original_R2,a1r-r2-p2,100,25,42.41397110621134,40.10675048828125,118.4375,2.842438519001007,39.076670467853546,36.23423194885254,87,41,0,0.4686828251039823,0.19898546860737246,0.46285358427659323,8.969144065003956,0.003601524783967445,,,,,,,,4,0.03293955731003181,0.5602788324265376,1.7059739828109741,0.9767489407034449,0.024410083130730884,0.17713280562884784,0.15602462620932278,0.18311345646437996,"{""build_tower"":0.18311345646437996,""confirm_card_service_selection"":0.005980650835532102,""continue"":0.17713280562884784,""discard_treasure"":0.0008795074758135445,""place_tower"":0.05611257695690414,""purchase_shop_item"":0.09375549692172383,""remove_tower"":0.02832014072119613,""reroll"":0.15602462620932278,""select_card_service_card"":0.005980650835532102,""select_treasure"":0.021284080914687774,""start_defense"":0.18311345646437996,""use_inventory_item"":0.08830255057167986}",0,0,0,0,3.538737728,36.456926827
original_R2,a1r-r2-p2,101,26,42.96405839920044,41.735700607299805,126.10416666666667,,,,,,,0.48327317842435813,0.21765494836645916,0.49334381862233084,10.301849608279078,0.006637524853279804,,,,,,,,4,0.04310043796431273,0.5521669927984476,1.412312626838684,0.9768463815535345,0.02251832838131425,0.20155294895093342,0.14852139434990913,0.17297207996035024,"{""build_tower"":0.17297207996035024,""confirm_card_service_selection"":0.00792995208987279,""continue"":0.20155294895093342,""discard_treasure"":0.001156451346439782,""place_tower"":0.053361969271435654,""purchase_shop_item"":0.09449859573765075,""remove_tower"":0.03436312572278209,""reroll"":0.14852139434990913,""select_card_service_card"":0.00792995208987279,""select_treasure"":0.020816124235916073,""start_defense"":0.17297207996035024,""use_inventory_item"":0.08392532628448703}",0,0,0,0,3.5983118530000002,37.550278157
original_R2,a1r-r2-p2,102,27,42.375635385513306,41.10874938964844,128.85416666666666,,,,,,,0.527720756378631,0.23972207223721628,0.5523075804114341,10.49815262074153,0.005150575451589248,,,,,,,,4,0.05000857464969158,0.6015758293867112,1.5402816534042358,0.9766403435111943,0.019800186743959784,0.20016168148746968,0.15084882780921585,0.16734033953112368,"{""build_tower"":0.16734033953112368,""confirm_card_service_selection"":0.007275666936135812,""continue"":0.20016168148746968,""discard_treasure"":0.00016168148746968473,""place_tower"":0.048827809215844786,""purchase_shop_item"":0.09409862570735651,""remove_tower"":0.04850444624090541,""reroll"":0.15084882780921585,""select_card_service_card"":0.007275666936135812,""select_treasure"":0.020048504446240907,""start_defense"":0.16734033953112368,""use_inventory_item"":0.08811641067097817}",0,0,0,0,3.5615791,36.811021225
original_R2,a1r-r2-p2,103,28,40.30893325805664,39.437950134277344,123.60416666666667,,,,,,,0.5259314041502536,0.23293157431618736,0.5480297676598033,10.47986761322924,0.004785576323219705,,,,,,,,4,0.05396321623508508,0.5936071565374732,1.4913055896759033,0.9757477657023218,0.023543918243376538,0.1924827237485252,0.15961570874768247,0.16585201415809878,"{""build_tower"":0.16585201415809878,""confirm_card_service_selection"":0.005899207820664082,""continue"":0.1924827237485252,""discard_treasure"":0.0,""place_tower"":0.061351761334906454,""purchase_shop_item"":0.09051070284847464,""remove_tower"":0.044665430642170906,""reroll"":0.15961570874768247,""select_card_service_card"":0.005899207820664082,""select_treasure"":0.01955166020562953,""start_defense"":0.16585201415809878,""use_inventory_item"":0.08831956851508511}",0,0,0,0,3.609486793,35.413365357
original_R2,a1r-r2-p2,104,29,40.93149594465891,37.71644973754883,126.27083333333333,,,,,,,0.5663195455401955,0.25042379582464763,0.560091927026709,10.094139869565488,0.006149458616884355,,,,,,,,4,0.05669730886196097,0.6284644153590003,1.2168607711791992,0.977123637213021,0.02069361134393451,0.19765715228510147,0.15162514436561622,0.1649892756970797,"{""build_tower"":0.1649892756970797,""confirm_card_service_selection"":0.009569377990430622,""continue"":0.19765715228510147,""discard_treasure"":0.0006599571027883187,""place_tower"":0.054116482428642136,""purchase_shop_item"":0.09470384425012374,""remove_tower"":0.04586701864378816,""reroll"":0.15162514436561622,""select_card_service_card"":0.009734367266127702,""select_treasure"":0.019468734532255404,""start_defense"":0.1649892756970797,""use_inventory_item"":0.08661936974096683}",0,0,0,0,3.635486236,38.609879579
original_R2,a1r-r2-p2,105,30,40.683462500572205,38.44129943847656,121.54166666666667,1.4362807422876358,37.670512691140175,36.23423194885254,76,52,0,0.527873589096611,0.23344502605888398,0.5184084983623546,8.816756449575733,0.00550183475590292,,,,,,,,4,0.04831987530316995,0.595034870116607,1.5958962440490723,0.9791718072332909,0.020136724175561383,0.1906067877956805,0.14535481659238944,0.17038052793966404,"{""build_tower"":0.17038052793966404,""confirm_card_service_selection"":0.007884813164209805,""continue"":0.1906067877956805,""discard_treasure"":0.00034281796366129587,""place_tower"":0.06067877956804937,""purchase_shop_item"":0.0947891669523483,""remove_tower"":0.04268083647583133,""reroll"":0.14535481659238944,""select_card_service_card"":0.007884813164209805,""select_treasure"":0.020054850874185806,""start_defense"":0.17038052793966404,""use_inventory_item"":0.08896126157010627}",0,0,0,0,3.527953781,37.781770065
original_R2,a1r-r2-p2,106,31,41.23011259237925,40.380849838256836,127.04166666666667,,,,,,,0.5116900523851706,0.21824511325225918,0.5206142924726009,8.949288754317775,0.005091347334257534,,,,,,,,4,0.04919743619393557,0.5659108768838147,1.222090721130371,0.9765441810817339,0.02028036116583583,0.21482453263365037,0.15119711380780584,0.1653000983929157,"{""build_tower"":0.1653000983929157,""confirm_card_service_selection"":0.010003279763857002,""continue"":0.21482453263365037,""discard_treasure"":0.0006559527714004591,""place_tower"":0.057559855690390294,""purchase_shop_item"":0.09511315185306658,""remove_tower"":0.024106264348966875,""reroll"":0.15119711380780584,""select_card_service_card"":0.010167267956707117,""select_treasure"":0.01984257133486389,""start_defense"":0.1653000983929157,""use_inventory_item"":0.08592981305346015}",0,0,0,0,3.685565741,36.580138236
original_R2,a1r-r2-p2,107,32,40.6652686993281,39.55315017700195,127.25,,,,,,,0.5202037624890788,0.21681286004668338,0.5424014472713073,9.794980132055331,0.008017144828168435,,,,,,,,4,0.05001701590178224,0.5263679853330056,0.8861752152442932,0.9792085594686398,0.02027414213322724,0.2434512115258677,0.14816633922724295,0.16224623444662736,"{""build_tower"":0.16224623444662736,""confirm_card_service_selection"":0.009495743287491814,""continue"":0.2434512115258677,""discard_treasure"":0.0003274394237066143,""place_tower"":0.056319580877537655,""purchase_shop_item"":0.08955468238375901,""remove_tower"":0.02013752455795678,""reroll"":0.14816633922724295,""select_card_service_card"":0.009495743287491814,""select_treasure"":0.01899148657498363,""start_defense"":0.16224623444662736,""use_inventory_item"":0.07956777996070727}",0,0,0,0,3.710054474,38.20429196
original_R2,a1r-r2-p2,108,33,40.955958445866905,39.17679977416992,128.08333333333334,,,,,,,0.5608380891792539,0.22540983321999683,0.5663863682746887,10.169251624075207,0.006411065331485588,,,,,,,,4,0.0646875,0.7296666860580444,10.926297187805176,0.9802083876263348,0.018141882214695215,0.24853610930383865,0.15273259596616787,0.16314248536109305,"{""build_tower"":0.16314248536109305,""confirm_card_service_selection"":0.01073519843851659,""continue"":0.24853610930383865,""discard_treasure"":0.0008132726089785296,""place_tower"":0.04749512036434613,""purchase_shop_item"":0.08636955107351985,""remove_tower"":0.02065712426805465,""reroll"":0.15273259596616787,""select_card_service_card"":0.010897852960312296,""select_treasure"":0.019193233571893297,""start_defense"":0.16314248536109305,""use_inventory_item"":0.07628497072218608}",0,0,0,0,3.508949827,38.396824536
original_R2,a1r-r2-p2,109,34,43.04655838012695,43.48105049133301,135.66666666666666,,,,,,,0.5733439458039139,0.2359960636093284,0.5607046396113359,10.006486545282593,0.004227027004236998,,,,,,,,4,0.04700914320822518,0.5832427568160571,1.0204503536224365,0.9818914809172266,0.01602825287801142,0.2463144963144963,0.15371621621621623,0.1617014742014742,"{""build_tower"":0.1617014742014742,""confirm_card_service_selection"":0.007371007371007371,""continue"":0.2463144963144963,""discard_treasure"":0.0007678132678132678,""place_tower"":0.05067567567567568,""purchase_shop_item"":0.09167690417690418,""remove_tower"":0.016584766584766583,""reroll"":0.15371621621621623,""select_card_service_card"":0.007371007371007371,""select_treasure"":0.01934889434889435,""start_defense"":0.1617014742014742,""use_inventory_item"":0.08277027027027027}",0,0,0,0,3.860254265,40.26704063
original_R2,a1r-r2-p2,110,35,43.98205415407816,42.946149826049805,143.4375,1.3481463193893433,37.58237826824188,36.23423194885254,71,57,0,0.5443414324300041,0.23095772578502907,0.5528565347194672,9.499115874994859,0.003836573418370622,,,,,,,,4,0.04400738416653541,0.5787569770106563,1.2490153312683105,0.9812258445056043,0.018563239128087407,0.27901234567901234,0.13899782135076252,0.1559912854030501,"{""build_tower"":0.1559912854030501,""confirm_card_service_selection"":0.010021786492374727,""continue"":0.27901234567901234,""discard_treasure"":0.0010167029774872912,""place_tower"":0.04938271604938271,""purchase_shop_item"":0.08859840232389252,""remove_tower"":0.014524328249818447,""reroll"":0.13899782135076252,""select_card_service_card"":0.010312273057371096,""select_treasure"":0.018300653594771243,""start_defense"":0.1559912854030501,""use_inventory_item"":0.07785039941902687}",0,0,0,0,3.961756183,43.344826096
original_R2,a1r-r2-p2,111,36,43.724910497665405,42.3612003326416,141.375,,,,,,,0.5553919795069381,0.22955013455670356,0.552150769090211,9.581500962817016,0.0039462828250786215,,,,,,,,4,0.04753883993598046,0.533659101360374,0.8577278256416321,0.9831503228533963,0.015166995417395676,0.2723253757736516,0.15178308281756558,0.15738284703801944,"{""build_tower"":0.15738284703801944,""confirm_card_service_selection"":0.011199528440907752,""continue"":0.2723253757736516,""discard_treasure"":0.001031535514294135,""place_tower"":0.04730327144120248,""purchase_shop_item"":0.08709106984969053,""remove_tower"":0.00987326849395815,""reroll"":0.15178308281756558,""select_card_service_card"":0.011199528440907752,""select_treasure"":0.018715001473622164,""start_defense"":0.15738284703801944,""use_inventory_item"":0.07471264367816093}",0,0,0,0,3.962675786,42.69897653
original_R2,a1r-r2-p2,112,37,43.0770415465037,42.11064910888672,137.0625,,,,,,,0.546379043380786,0.20945055200722265,0.5351764551148965,9.703682127683809,0.0047409567732931744,,,,,,,,4,0.05366981031301503,0.5581014600510781,0.9441015720367432,0.9835867250066661,0.014065519109583246,0.2618939048487612,0.1632466940264478,0.15990272077823378,"{""build_tower"":0.15990272077823378,""confirm_card_service_selection"":0.012311901504787962,""continue"":0.2618939048487612,""discard_treasure"":0.00045599635202918376,""place_tower"":0.04286365709074327,""purchase_shop_item"":0.0887672898616811,""remove_tower"":0.005775953792369661,""reroll"":0.1632466940264478,""select_card_service_card"":0.012311901504787962,""select_treasure"":0.019151846785225718,""start_defense"":0.15990272077823378,""use_inventory_item"":0.07341541267669859}",0,0,0,0,3.754038737,42.073288103
original_R2,a1r-r2-p2,113,38,42.29997698465983,40.11549949645996,133.66666666666666,,,,,,,0.5192188502931028,0.2103433396358007,0.5065326343935269,9.254316586136676,0.003797123613524561,,,,,,,,4,0.04266826923076923,0.5313761151180818,1.8545749187469482,0.9844867526396529,0.013894983244916568,0.27415835411471323,0.1474438902743142,0.1613154613466334,"{""build_tower"":0.1613154613466334,""confirm_card_service_selection"":0.00997506234413965,""continue"":0.27415835411471323,""discard_treasure"":0.0006234413965087282,""place_tower"":0.047849127182044884,""purchase_shop_item"":0.08634663341645886,""remove_tower"":0.006390274314214464,""reroll"":0.1474438902743142,""select_card_service_card"":0.00997506234413965,""select_treasure"":0.01885910224438903,""start_defense"":0.1613154613466334,""use_inventory_item"":0.07574812967581047}",0,0,0,0,3.723029625,40.376673055
original_R2,a1r-r2-p2,114,39,43.28973118464152,43.21980094909668,139.875,,,,,,,0.5203825381272018,0.1981069876287827,0.5235609900620248,9.707874233441446,0.0034580064642905535,,,,,,,,4,0.040020354402561985,0.5473549778538721,1.1595295667648315,0.9853133368470263,0.015235226834192872,0.26288352695859396,0.16383675901102174,0.15758117366696456,"{""build_tower"":0.15758117366696456,""confirm_card_service_selection"":0.008936550491510277,""continue"":0.26288352695859396,""discard_treasure"":0.0011915400655347036,""place_tower"":0.04810843014596366,""purchase_shop_item"":0.09070598748882931,""remove_tower"":0.004915102770330653,""reroll"":0.16383675901102174,""select_card_service_card"":0.008936550491510277,""select_treasure"":0.018468871015787907,""start_defense"":0.15758117366696456,""use_inventory_item"":0.07685433422698838}",0,0,0,0,3.910309187,42.064856432
original_R2,a1r-r2-p2,115,40,44.381108125050865,43.742950439453125,147.4375,1.726105585694313,37.96033753454685,36.23423194885254,79,49,0,0.5310877780776699,0.19799890815341284,0.5330278929322958,9.328360575746068,0.0036032320127950307,,,,,,,,4,0.041301618296919126,0.5246479042938778,1.3009474277496338,0.9794632813981405,0.018076830277485505,0.2773774198106542,0.15670481842588668,0.1530309453158118,"{""build_tower"":0.1530309453158118,""confirm_card_service_selection"":0.00847816871555744,""continue"":0.2773774198106542,""discard_treasure"":0.001271725307333616,""place_tower"":0.046347322311714005,""purchase_shop_item"":0.09142291931609439,""remove_tower"":0.006076020912816165,""reroll"":0.15670481842588668,""select_card_service_card"":0.008760774339409354,""select_treasure"":0.018369365550374453,""start_defense"":0.1530309453158118,""use_inventory_item"":0.0791295746785361}",0,0,0,0,4.140634306,46.546037752
original_R2,a1r-r2-p2,116,41,44.32368326187134,43.56489944458008,135.52083333333334,,,,,,,0.552467872362754,0.19094632972811956,0.5451085719351585,8.857954236114336,0.004141667899200631,,,,,,,,4,0.0463942308157969,0.557292237591285,1.4188810586929321,0.9820549696633416,0.016610089743223328,0.2342813220599539,0.16187548039969255,0.16664104534973098,"{""build_tower"":0.16664104534973098,""confirm_card_service_selection"":0.007686395080707148,""continue"":0.2342813220599539,""discard_treasure"":0.0013835511145272868,""place_tower"":0.05411222136817832,""purchase_shop_item"":0.09192928516525749,""remove_tower"":0.00568793235972329,""reroll"":0.16187548039969255,""select_card_service_card"":0.007686395080707148,""select_treasure"":0.019984627209838585,""start_defense"":0.16664104534973098,""use_inventory_item"":0.08209069946195234}",0,0,0,0,3.934645706,42.892522075
original_R2,a1r-r2-p2,117,42,44.9208250840505,43.23634910583496,141.22916666666666,,,,,,,0.5428780481579463,0.2007018543350454,0.5540313822803674,9.828709086039764,0.0037220303198005743,,,,,,,,4,0.04365331410533852,0.5436944561424079,1.0320020914077759,0.9804468576050379,0.01649414144318413,0.2516595368048385,0.16034813394305944,0.16167576338693024,"{""build_tower"":0.16167576338693024,""confirm_card_service_selection"":0.008555834193833899,""continue"":0.2516595368048385,""discard_treasure"":0.0017701725918277031,""place_tower"":0.047057088066086446,""purchase_shop_item"":0.09263903230564981,""remove_tower"":0.006490632836701578,""reroll"":0.16034813394305944,""select_card_service_card"":0.008703348576486207,""select_treasure"":0.019471898510104734,""start_defense"":0.16167576338693024,""use_inventory_item"":0.07995279539755126}",0,0,0,0,4.175242339,45.546295893
original_R2,a1r-r2-p2,118,43,43.813395500183105,42.94649887084961,143.0625,,,,,,,0.5468445922155479,0.2080313219465686,0.5568733035966202,9.435290057029237,0.004260952309609651,,,,,,,,4,0.03943807455814547,0.5906872814176259,1.2060861587524414,0.9823154488354993,0.016277963097241742,0.27071501383427987,0.145623998835008,0.1559633027522936,"{""build_tower"":0.1559633027522936,""confirm_card_service_selection"":0.009611183923110528,""continue"":0.27071501383427987,""discard_treasure"":0.0014562399883500802,""place_tower"":0.04980340760157274,""purchase_shop_item"":0.09392747924858016,""remove_tower"":0.009611183923110528,""reroll"":0.145623998835008,""select_card_service_card"":0.009611183923110528,""select_treasure"":0.017911751856705984,""start_defense"":0.1559633027522936,""use_inventory_item"":0.07980195136158438}",0,0,0,0,3.923378273,43.857795769
original_R2,a1r-r2-p2,119,44,42.14845816294352,41.48124885559082,134.25,,,,,,,0.5895757226321318,0.21470454096740332,0.5967167272017553,9.324401320123318,0.00448239820168685,,,,,,,,4,0.04547844741206903,0.6058531678639926,2.157642126083374,0.9835094208483222,0.01612224282983404,0.2680012414649286,0.17101179391682184,0.15983860955927995,"{""build_tower"":0.15983860955927995,""confirm_card_service_selection"":0.005276225946617008,""continue"":0.2680012414649286,""discard_treasure"":0.0004655493482309125,""place_tower"":0.049348230912476726,""purchase_shop_item"":0.08147113594040968,""remove_tower"":0.005276225946617008,""reroll"":0.17101179391682184,""select_card_service_card"":0.005276225946617008,""select_treasure"":0.019087523277467412,""start_defense"":0.15983860955927995,""use_inventory_item"":0.07510862818125388}",0,0,0,0,3.940503498,41.394270845
original_R2,a1r-r2-p2,120,45,44.76147504647573,42.52869987487793,140.625,1.9960268139839172,38.230258762836456,36.23423194885254,77,51,0,0.5638146365843623,0.22354498517662338,0.5939151010027638,9.336929498463432,0.003955344900111447,,,,,,,,4,0.04317883786710876,0.5478700727776245,2.3382105827331543,0.9777091859327356,0.018536199065339234,0.26666666666666666,0.15066666666666667,0.16207407407407406,"{""build_tower"":0.16207407407407406,""confirm_card_service_selection"":0.006814814814814815,""continue"":0.26666666666666666,""discard_treasure"":0.0008888888888888889,""place_tower"":0.045481481481481484,""purchase_shop_item"":0.08992592592592592,""remove_tower"":0.00725925925925926,""reroll"":0.15066666666666667,""select_card_service_card"":0.006814814814814815,""select_treasure"":0.019407407407407408,""start_defense"":0.16207407407407406,""use_inventory_item"":0.08192592592592593}",0,0,0,0,3.919636572,43.587054252
original_R2,a1r-r2-p2,121,46,43.37196866671244,41.944149017333984,132.625,,,,,,,0.6117182511747183,0.22391193745890048,0.610893529355526,9.104206330184175,0.003995642625686742,,,,,,,,4,0.039914836678653955,0.5252523162961006,1.0314513444900513,0.9789286942448053,0.018831093367189168,0.22478793590951932,0.16588124410933083,0.16619541313226516,"{""build_tower"":0.16619541313226516,""confirm_card_service_selection"":0.008796732642161484,""continue"":0.22478793590951932,""discard_treasure"":0.0007854225573358467,""place_tower"":0.05513666352497644,""purchase_shop_item"":0.08985234055922087,""remove_tower"":0.011467169337103362,""reroll"":0.16588124410933083,""select_card_service_card"":0.008796732642161484,""select_treasure"":0.019635563933396168,""start_defense"":0.16619541313226516,""use_inventory_item"":0.0824693685202639}",0,0,0,0,3.909889197,40.012973145
original_R2,a1r-r2-p2,122,47,45.032041788101196,44.186349868774414,139.83333333333334,,,,,,,0.5853818222457566,0.21383377701561068,0.5728126893992778,9.533925667699718,0.005404490279555897,,,,,,,,4,0.05419663531291816,0.5590673185609005,1.307850956916809,0.9805559943414723,0.019286934553680045,0.23450536352800955,0.15926698450536353,0.16388557806912993,"{""build_tower"":0.16388557806912993,""confirm_card_service_selection"":0.007151370679380214,""continue"":0.23450536352800955,""discard_treasure"":0.0014898688915375446,""place_tower"":0.05259237187127533,""purchase_shop_item"":0.09788438617401668,""remove_tower"":0.007300357568533969,""reroll"":0.15926698450536353,""select_card_service_card"":0.007151370679380214,""select_treasure"":0.019517282479141834,""start_defense"":0.16388557806912993,""use_inventory_item"":0.08536948748510131}",0,0,0,0,4.13146263,43.778438806
original_R2,a1r-r2-p2,123,48,42.019393841425575,40.38294982910156,133.125,,,,,,,0.572723431811538,0.22609306784448735,0.5864083358645439,9.901511321550926,0.004991680451639695,,,,,,,,4,0.04549383889883757,0.6375694727897644,1.2050762176513672,0.9832660542610518,0.014812229378148913,0.2701095461658842,0.1431924882629108,0.16103286384976526,"{""build_tower"":0.16103286384976526,""confirm_card_service_selection"":0.008450704225352112,""continue"":0.2701095461658842,""discard_treasure"":0.0010954616588419405,""place_tower"":0.05226917057902973,""purchase_shop_item"":0.08716744913928012,""remove_tower"":0.010328638497652582,""reroll"":0.1431924882629108,""select_card_service_card"":0.008607198748043818,""select_treasure"":0.01940532081377152,""start_defense"":0.16103286384976526,""use_inventory_item"":0.07730829420970266}",0,0,0,0,3.776688494,40.66301621
original_R2,a1r-r2-p2,124,49,44.30544797579447,42.59845161437988,135.91666666666666,,,,,,,0.5818533670213341,0.22189263005128168,0.5865427731321409,10.42560395085023,0.005070478721038923,,,,,,,,4,0.04605473592304266,0.6409558857289644,1.5260655879974365,0.9781557435435194,0.017249830344763514,0.26609442060085836,0.1508277130594727,0.1660024524831392,"{""build_tower"":0.1660024524831392,""confirm_card_service_selection"":0.005671367259350092,""continue"":0.26609442060085836,""discard_treasure"":0.0007664009809932557,""place_tower"":0.0536480686695279,""purchase_shop_item"":0.08139178418148375,""remove_tower"":0.011036174126302882,""reroll"":0.1508277130594727,""select_card_service_card"":0.005671367259350092,""select_treasure"":0.01900674432863274,""start_defense"":0.1660024524831392,""use_inventory_item"":0.07388105456774985}",0,0,0,0,3.909698614,42.719583336
original_R2,a1r-r2-p2,125,50,44.14687522252401,42.46220016479492,138.04166666666666,1.2239108681678772,37.458142817020416,36.23423194885254,77,50,1,0.5922091079167319,0.2324052244983331,0.5981258090872031,10.567703606693884,0.0051831108572566965,,,,,,,,4,0.055167139113809056,0.5734621727695832,1.4437181949615479,0.982642082903761,0.014866695990069555,0.241925747057048,0.16510715363718684,0.1631451856323574,"{""build_tower"":0.1631451856323574,""confirm_card_service_selection"":0.004980380319951705,""continue"":0.241925747057048,""discard_treasure"":0.0007546030787805615,""place_tower"":0.04769091457893148,""purchase_shop_item"":0.09070329006942349,""remove_tower"":0.016903108964684575,""reroll"":0.16510715363718684,""select_card_service_card"":0.005131300935707818,""select_treasure"":0.019468759432538486,""start_defense"":0.1631451856323574,""use_inventory_item"":0.0810443706610323}",0,0,0,0,3.953585918,42.234367234
original_R2,a1r-r2-p2,126,51,42.96412913004557,40.0,138.125,,,,,,,0.5935645165403518,0.24703517316187534,0.5906792887701438,10.505940791812689,0.005837822760125933,,,,,,,,4,0.06531798703452715,0.6568285069213464,1.2994604110717773,0.9817452683045809,0.016851797789478533,0.27043740573152336,0.1603318250377074,0.1583710407239819,"{""build_tower"":0.1583710407239819,""confirm_card_service_selection"":0.005279034690799397,""continue"":0.27043740573152336,""discard_treasure"":0.0010558069381598793,""place_tower"":0.045852187028657614,""purchase_shop_item"":0.08280542986425339,""remove_tower"":0.017948717948717947,""reroll"":0.1603318250377074,""select_card_service_card"":0.005279034690799397,""select_treasure"":0.018250377073906487,""start_defense"":0.1583710407239819,""use_inventory_item"":0.0760180995475113}",0,0,0,0,3.807998945,41.32421168
original_R2,a1r-r2-p2,127,52,42.87659394741058,42.44059944152832,141.39583333333334,,,,,,,0.6083923239970709,0.2457388404845006,0.6127419433108082,11.22198466491619,0.005113447353627028,,,,,,,,4,0.060201198880181266,0.5949680774852082,1.1149832010269165,0.9826448769175951,0.014782980437976894,0.2727272727272727,0.16958891999410639,0.15470752909974952,"{""build_tower"":0.15470752909974952,""confirm_card_service_selection"":0.011197878296743775,""continue"":0.2727272727272727,""discard_treasure"":0.0010313835273316634,""place_tower"":0.04420215117135701,""purchase_shop_item"":0.07956387210844261,""remove_tower"":0.01620745542949757,""reroll"":0.16958891999410639,""select_card_service_card"":0.011197878296743775,""select_treasure"":0.018122881980256373,""start_defense"":0.15470752909974952,""use_inventory_item"":0.06674524826874909}",0,0,0,0,3.838442325,41.980153887
original_R2,a1r-r2-p2,128,53,43.357883294423424,42.499399185180664,153.5625,,,,,,,0.5991046778113064,0.24168474263701442,0.5815220860571697,11.441358510229229,0.0048171102906617936,,,,,,,,4,0.05770527218179456,0.5951192664175198,1.2250752449035645,0.980851583832631,0.015825485674150545,0.3089133089133089,0.16659883326549993,0.14367114367114367,"{""build_tower"":0.14367114367114367,""confirm_card_service_selection"":0.013159679826346493,""continue"":0.3089133089133089,""discard_treasure"":0.000949667616334283,""place_tower"":0.04192104192104192,""purchase_shop_item"":0.07868674535341202,""remove_tower"":0.009361009361009361,""reroll"":0.16659883326549993,""select_card_service_card"":0.013295346628679962,""select_treasure"":0.016822683489350156,""start_defense"":0.14367114367114367,""use_inventory_item"":0.06294939628272962}",0,0,0,0,4.15348524,45.865488061
original_R2,a1r-r2-p2,129,54,42.1213603814443,41.55124855041504,149.10416666666666,,,,,,,0.5824732704091456,0.23991934193366796,0.5743325746485165,11.861949878165285,0.004248616567078248,,,,,,,,4,0.04386217654350081,0.5867652041571481,1.0007423162460327,0.9839609583490878,0.014242358667875774,0.33058544082716224,0.16543244376135252,0.1443342182478692,"{""build_tower"":0.1443342182478692,""confirm_card_service_selection"":0.010479251082855945,""continue"":0.33058544082716224,""discard_treasure"":0.0011177867821713008,""place_tower"":0.03968143076708118,""purchase_shop_item"":0.06804527036467793,""remove_tower"":0.012435377951655722,""reroll"":0.16543244376135252,""select_card_service_card"":0.010618974430627358,""select_treasure"":0.01732569512365516,""start_defense"":0.1443342182478692,""use_inventory_item"":0.055609892413022215}",0,0,0,0,3.9030756589999998,44.634378863
original_R2,a1r-r2-p2,130,55,43.579697926839195,41.85019874572754,154.1875,1.4805150628089905,37.71474701166153,36.23423194885254,78,50,0,0.6038258897744478,0.24434643851714924,0.593786628595714,11.971278086650232,0.00587936384570263,,,,,,,,4,0.06311972776492095,0.6376284849027107,1.1594618558883667,0.9853172809682492,0.01377752929893804,0.2991487636805837,0.17875962707742196,0.14416970679637886,"{""build_tower"":0.14416970679637886,""confirm_card_service_selection"":0.009187947574652074,""continue"":0.2991487636805837,""discard_treasure"":0.0009458181326847723,""place_tower"":0.03945412782056479,""purchase_shop_item"":0.07755708688015132,""remove_tower"":0.014052155114173761,""reroll"":0.17875962707742196,""select_card_service_card"":0.009187947574652074,""select_treasure"":0.017024726388325903,""start_defense"":0.14416970679637886,""use_inventory_item"":0.06634238616403189}",0,0,0,0,4.094150796,47.228253217
original_R2,a1r-r2-p2,131,56,44.028997818628945,43.82259941101074,171.79166666666666,,,,,,,0.5753143556252762,0.24333032148562833,0.5749586380340836,13.632783956944593,0.006491417128954984,,,,,,,,4,0.06780039979088487,0.773292836592053,3.743278741836548,0.987006130623617,0.012001996976323426,0.35593014795052147,0.16723259762308998,0.1302449672568518,"{""build_tower"":0.1302449672568518,""confirm_card_service_selection"":0.008246422507882609,""continue"":0.35593014795052147,""discard_treasure"":0.000606354596167839,""place_tower"":0.03795779772010672,""purchase_shop_item"":0.07130730050933787,""remove_tower"":0.014309968469560999,""reroll"":0.16723259762308998,""select_card_service_card"":0.008246422507882609,""select_treasure"":0.015643948581130246,""start_defense"":0.1302449672568518,""use_inventory_item"":0.06002910502061606}",0,0,0,0,4.449020079,49.918998716
original_R2,a1r-r2-p2,132,57,44.25699798266093,42.317298889160156,176.27083333333334,,,,,,,0.6114682314720046,0.23368564528376992,0.6174849981770796,14.035577822330689,0.006502296017355119,,,,,,,,4,0.06679289815399576,0.7596373908659991,4.949521541595459,0.9826993232096412,0.014198166410685243,0.33542134499468146,0.18307528660914785,0.12788086514596383,"{""build_tower"":0.12788086514596383,""confirm_card_service_selection"":0.010518851199621794,""continue"":0.33542134499468146,""discard_treasure"":0.0014182720718591182,""place_tower"":0.037584209904266634,""purchase_shop_item"":0.07233187566481504,""remove_tower"":0.021274081077886774,""reroll"":0.18307528660914785,""select_card_service_card"":0.010518851199621794,""select_treasure"":0.015128235433163929,""start_defense"":0.12788086514596383,""use_inventory_item"":0.056967261553007915}",0,0,0,0,4.586612306,51.124512148
original_R2,a1r-r2-p2,133,58,44.023837526639305,43.28824996948242,168.375,,,,,,,0.639143305130878,0.24552341544368733,0.6357216322794557,13.17526959960499,0.005364112611061955,,,,,,,,4,0.063832740241196,0.691042992984876,1.2742453813552856,0.98523296278633,0.012592336250236258,0.3139074486513239,0.19599109131403117,0.13288789903489234,"{""build_tower"":0.13288789903489234,""confirm_card_service_selection"":0.009156149467953477,""continue"":0.3139074486513239,""discard_treasure"":0.0012373174956693887,""place_tower"":0.03575847562484533,""purchase_shop_item"":0.07263053699579312,""remove_tower"":0.02091066567681267,""reroll"":0.19599109131403117,""select_card_service_card"":0.009279881217520415,""select_treasure"":0.015466468695867359,""start_defense"":0.13288789903489234,""use_inventory_item"":0.05988616679039842}",0,0,0,0,4.3933834560000005,50.455589921
original_R2,a1r-r2-p2,134,59,46.92216261227926,43.73870086669922,183.375,,,,,,,0.626187674581303,0.2371713906455752,0.6325092038937977,13.785935731278016,0.005456445233513867,,,,,,,,4,0.0599307580185788,0.6586508642349924,1.4707647562026978,0.9823481921522694,0.014454647040526783,0.321177005226085,0.18984321745057942,0.12997046125880482,"{""build_tower"":0.12997046125880482,""confirm_card_service_selection"":0.010111338332197227,""continue"":0.321177005226085,""discard_treasure"":0.0015905476028175414,""place_tower"":0.03680981595092025,""purchase_shop_item"":0.07589184276300841,""remove_tower"":0.018291297432401727,""reroll"":0.18984321745057942,""select_card_service_card"":0.010111338332197227,""select_treasure"":0.015110202226766643,""start_defense"":0.12997046125880482,""use_inventory_item"":0.06112247216541695}",0,0,0,0,4.969520289,59.921064642
original_R2,a1r-r2-p2,135,60,43.558101971944176,42.58715057373047,170.6875,1.871993064880371,38.10622501373291,36.23423194885254,75,53,0,0.6466123318418345,0.24567686545871084,0.6649255072627442,13.867535019877856,0.004985781767814071,,,,,,,,4,0.06436434659090909,0.6793406019551735,2.07175612449646,0.9857195232238837,0.013372255458803424,0.33138044672281214,0.19077261076528745,0.12998901501281582,"{""build_tower"":0.12998901501281582,""confirm_card_service_selection"":0.009520322226290736,""continue"":0.33138044672281214,""discard_treasure"":0.0013426095447333088,""place_tower"":0.035029903576223605,""purchase_shop_item"":0.06944953008665934,""remove_tower"":0.02209202978152081,""reroll"":0.19077261076528745,""select_card_service_card"":0.009520322226290736,""select_treasure"":0.015012815818381545,""start_defense"":0.12998901501281582,""use_inventory_item"":0.05590137922616868}",0,0,0,0,4.427368443,49.989229254
original_R2,a1r-r2-p2,136,61,42.97855234146118,41.09950065612793,155.27083333333334,,,,,,,0.6918545500358171,0.2569448798857751,0.6815126652518908,13.63924895452767,0.005556377207176411,,,,,,,,4,0.06348554243644079,0.7344132646918297,2.4531149864196777,0.9844099132135763,0.015409004137230417,0.27841137796860327,0.18972225949282168,0.14074869180195895,"{""build_tower"":0.14074869180195895,""confirm_card_service_selection"":0.009123842747886758,""continue"":0.27841137796860327,""discard_treasure"":0.0010733932644572655,""place_tower"":0.04065476989131893,""purchase_shop_item"":0.08010197236012344,""remove_tower"":0.02522474171474574,""reroll"":0.18972225949282168,""select_card_service_card"":0.009258016905943914,""select_treasure"":0.016503421441030456,""start_defense"":0.14074869180195895,""use_inventory_item"":0.06842882060915068}",0,0,0,0,4.325922404,48.280358138
original_R2,a1r-r2-p2,137,62,45.14344763755798,43.29469871520996,172.16666666666666,,,,,,,0.6503800048668928,0.2523803987796586,0.6745619575182596,14.240688604141173,0.007661465422836155,,,,,,,,4,0.06668573759044662,0.7433869529402617,1.4277453422546387,0.9835771409788214,0.01615376149261878,0.3036060019361084,0.1887705711519845,0.1329864472410455,"{""build_tower"":0.1329864472410455,""confirm_card_service_selection"":0.008470474346563407,""continue"":0.3036060019361084,""discard_treasure"":0.001452081316553727,""place_tower"":0.03521297192642788,""purchase_shop_item"":0.07804937076476283,""remove_tower"":0.02867860600193611,""reroll"":0.1887705711519845,""select_card_service_card"":0.008470474346563407,""select_treasure"":0.01573088092933204,""start_defense"":0.1329864472410455,""use_inventory_item"":0.06558567279767667}",0,0,0,0,4.613021195,53.664994268
original_R2,a1r-r2-p2,138,63,43.25974142551422,42.78929901123047,166.0,,,,,,,0.71293639664371,0.2637460813658516,0.7180293025448918,14.253130018221531,0.005173690065660708,,,,,,,,4,0.06072998046875,0.68403424276039,1.613106369972229,0.9846296513342125,0.014919338889740175,0.30120481927710846,0.20532128514056225,0.13215361445783133,"{""build_tower"":0.13215361445783133,""confirm_card_service_selection"":0.00677710843373494,""continue"":0.30120481927710846,""discard_treasure"":0.0013805220883534137,""place_tower"":0.03589357429718876,""purchase_shop_item"":0.07065763052208836,""remove_tower"":0.029994979919678713,""reroll"":0.20532128514056225,""select_card_service_card"":0.00677710843373494,""select_treasure"":0.015562248995983935,""start_defense"":0.13215361445783133,""use_inventory_item"":0.06212349397590362}",0,0,0,0,4.336085737,50.149331972
original_R2,a1r-r2-p2,139,64,43.41754813989004,43.02705001831055,169.02083333333334,,,,,,,0.6753714282576805,0.26109673861963345,0.7001677420921624,14.302096332922385,0.00570383532792107,,,,,,,,4,0.061723784543573856,0.7248402698896825,1.808559775352478,0.9834302868362016,0.013835322693921626,0.3233082706766917,0.182053494391717,0.130777764082337,"{""build_tower"":0.130777764082337,""confirm_card_service_selection"":0.007765314926660914,""continue"":0.3233082706766917,""discard_treasure"":0.0004930358683594232,""place_tower"":0.03673117219277702,""purchase_shop_item"":0.07124368297793665,""remove_tower"":0.03217059041045236,""reroll"":0.182053494391717,""select_card_service_card"":0.007765314926660914,""select_treasure"":0.015530629853321829,""start_defense"":0.130777764082337,""use_inventory_item"":0.06138296561074818}",0,0,0,0,4.345373557,50.146329095
original_R2,a1r-r2-p2,140,65,43.774954319000244,42.33869934082031,167.8125,2.7763390988111496,39.01057104766369,36.23423194885254,83,45,0,0.7218765903003982,0.2690683373232185,0.7169020101428032,13.250738752480766,0.004994957245330056,,,,,,,,4,0.053733761655166745,0.6955097971949726,1.2008440494537354,0.9849646097888258,0.012626179239305202,0.2927374301675978,0.19329608938547485,0.13234016139044072,"{""build_tower"":0.13234016139044072,""confirm_card_service_selection"":0.008814400993171942,""continue"":0.2927374301675978,""discard_treasure"":0.0011173184357541898,""place_tower"":0.04233395406579764,""purchase_shop_item"":0.07622594661700807,""remove_tower"":0.03128491620111732,""reroll"":0.19329608938547485,""select_card_service_card"":0.008814400993171942,""select_treasure"":0.01564245810055866,""start_defense"":0.13234016139044072,""use_inventory_item"":0.06505276225946617}",0,0,0,0,4.511030763,49.931767624
original_R2,a1r-r2-p2,141,66,44.86847281455994,42.72664833068848,160.97916666666666,,,,,,,0.7504292061523019,0.26598088676423876,0.7446698570443738,14.175391470217711,0.005688225885155736,,,,,,,,4,0.06131498804015498,0.7597696471118158,3.2447452545166016,0.9829357779344212,0.015765606020126614,0.26996246926362105,0.20861912773392002,0.14209913291057333,"{""build_tower"":0.14209913291057333,""confirm_card_service_selection"":0.008541477934515335,""continue"":0.26996246926362105,""discard_treasure"":0.0020706613174582634,""place_tower"":0.038177818040636725,""purchase_shop_item"":0.07661446874595573,""remove_tower"":0.021741943833311763,""reroll"":0.20861912773392002,""select_card_service_card"":0.008541477934515335,""select_treasure"":0.016565290539666107,""start_defense"":0.14209913291057333,""use_inventory_item"":0.064966998835253}",0,0,0,0,4.710616268,48.687246969
original_R2,a1r-r2-p2,142,67,47.10724981625875,45.391300201416016,169.125,,,,,,,0.7238138578496176,0.2553582929377005,0.7199126901105046,13.850625769137418,0.005661761467308679,,,,,,,,4,0.06601388120907359,0.719598361523822,1.7579691410064697,0.9795478338777408,0.014873435939080082,0.2706331608770633,0.2010347376201035,0.14166050751416606,"{""build_tower"":0.14166050751416606,""confirm_card_service_selection"":0.006282335550628234,""continue"":0.2706331608770633,""discard_treasure"":0.002094111850209411,""place_tower"":0.03375215570337522,""purchase_shop_item"":0.08536585365853659,""remove_tower"":0.018847006651884702,""reroll"":0.2010347376201035,""select_card_service_card"":0.006405518600640552,""select_treasure"":0.016383345651638334,""start_defense"":0.14166050751416606,""use_inventory_item"":0.07588075880758807}",0,0,0,0,4.757726917,52.178176192
original_R2,a1r-r2-p2,143,68,45.20164187749227,44.31085014343262,155.4375,,,,,,,0.7120944276187922,0.2411473818835637,0.7079327886303266,13.309300094609906,0.005870884516783311,,,,,,,,4,0.05880313911475241,0.7509156577289104,2.418508291244507,0.9812413791418214,0.015665961802005766,0.24165661439485323,0.21404637448063263,0.14796944109368718,"{""build_tower"":0.14796944109368718,""confirm_card_service_selection"":0.006567484251440826,""continue"":0.24165661439485323,""discard_treasure"":0.0010722423267658491,""place_tower"":0.03900281463610776,""purchase_shop_item"":0.081758477415896,""remove_tower"":0.022919179734620022,""reroll"":0.21404637448063263,""select_card_service_card"":0.006567484251440826,""select_treasure"":0.017289907519099316,""start_defense"":0.14796944109368718,""use_inventory_item"":0.0731805388017692}",0,0,0,0,4.330364744,48.934296213
original_R2,a1r-r2-p2,144,69,44.02480439345042,42.6023006439209,151.8125,,,,,,,0.689725945731052,0.23764539943802926,0.6773056279996346,13.542867593634028,0.00729153848501953,,,,,,,,4,0.06384471897035837,0.6762521331166399,1.2118455171585083,0.9828175401731161,0.016757231980465866,0.2514066145190065,0.20694387264992453,0.14766021682448197,"{""build_tower"":0.14766021682448197,""confirm_card_service_selection"":0.007410456978180321,""continue"":0.2514066145190065,""discard_treasure"":0.0013723068478111707,""place_tower"":0.04254151228214629,""purchase_shop_item"":0.07973102785782901,""remove_tower"":0.019349526554137506,""reroll"":0.20694387264992453,""select_card_service_card"":0.007410456978180321,""select_treasure"":0.01729106628242075,""start_defense"":0.14766021682448197,""use_inventory_item"":0.07122272540139975}",0,0,0,0,4.534608371,47.568327431
original_R2,a1r-r2-p2,145,70,45.003666718800865,43.30660057067871,155.54166666666666,2.99028679728508,39.22451874613762,36.23423194885254,89,39,0,0.6884489183970641,0.2350326067323156,0.6904374246795972,13.513515210200264,0.006547329652244116,,,,,,,,4,0.05969897080212831,0.7693529623250167,1.931221842765808,0.9804762312631773,0.016238564788363875,0.24645057594428074,0.20733994106616663,0.14720064291454593,"{""build_tower"":0.14720064291454593,""confirm_card_service_selection"":0.006295204929011519,""continue"":0.24645057594428074,""discard_treasure"":0.0009375837128315028,""place_tower"":0.041923386016608624,""purchase_shop_item"":0.08545405839807126,""remove_tower"":0.018081971604607554,""reroll"":0.20733994106616663,""select_card_service_card"":0.006295204929011519,""select_treasure"":0.01741226895258505,""start_defense"":0.14720064291454593,""use_inventory_item"":0.07540851861773373}",0,0,0,0,4.464270147,47.42430084
original_R2,a1r-r2-p2,146,71,43.883166790008545,42.377750396728516,163.16666666666666,,,,,,,0.6651294354975055,0.25363631911794154,0.6533667204841491,13.473470642448945,0.005148821101571347,,,,,,,,4,0.05216402272062917,0.7709131985902786,1.7784556150436401,0.9832252500222978,0.016055872160640937,0.2839632277834525,0.1952247191011236,0.13674668028600612,"{""build_tower"":0.13674668028600612,""confirm_card_service_selection"":0.006128702757916241,""continue"":0.2839632277834525,""discard_treasure"":0.0016598569969356485,""place_tower"":0.042134831460674156,""purchase_shop_item"":0.08082226762002043,""remove_tower"":0.02259959141981614,""reroll"":0.1952247191011236,""select_card_service_card"":0.006128702757916241,""select_treasure"":0.015960163432073543,""start_defense"":0.13674668028600612,""use_inventory_item"":0.07188457609805925}",0,0,0,0,4.486369319,49.220091845
original_R2,a1r-r2-p2,147,72,45.21285025278727,44.0939998626709,157.33333333333334,,,,,,,0.6534915916524718,0.2452008495276998,0.6448771898945173,13.434605704566852,0.005572817851809002,,,,,,,,4,0.06162109375,0.700880944232146,2.226580858230591,0.9815476101060003,0.01725540857296437,0.2676112288135593,0.19253177966101695,0.14578919491525424,"{""build_tower"":0.14578919491525424,""confirm_card_service_selection"":0.008342161016949153,""continue"":0.2676112288135593,""discard_treasure"":0.000926906779661017,""place_tower"":0.03840042372881356,""purchase_shop_item"":0.08090572033898305,""remove_tower"":0.024496822033898306,""reroll"":0.19253177966101695,""select_card_service_card"":0.008342161016949153,""select_treasure"":0.017213983050847457,""start_defense"":0.14578919491525424,""use_inventory_item"":0.06965042372881355}",0,0,0,0,4.288475238,47.496611418
original_R2,a1r-r2-p2,148,73,46.32324584325155,43.914499282836914,170.35416666666666,,,,,,,0.6527273926709668,0.24720167393091175,0.6477432097308338,13.997791115092374,0.005768330460384163,,,,,,,,4,0.06207604630617425,0.7157288938760757,1.4605023860931396,0.9821876783574168,0.013799207692500204,0.2773633361868656,0.20472055766173414,0.1383147853736089,"{""build_tower"":0.1383147853736089,""confirm_card_service_selection"":0.007093065916595328,""continue"":0.2773633361868656,""discard_treasure"":0.0012229423994129876,""place_tower"":0.0397456279809221,""purchase_shop_item"":0.07790143084260731,""remove_tower"":0.023113611348905466,""reroll"":0.20472055766173414,""select_card_service_card"":0.007093065916595328,""select_treasure"":0.016509722392075335,""start_defense"":0.1383147853736089,""use_inventory_item"":0.06860706860706861}",0,0,0,0,4.712419459,52.334521201
original_R2,a1r-r2-p2,149,74,45.27585013707479,43.593149185180664,172.77083333333334,,,,,,,0.6300334248366428,0.24014851363306822,0.6380480947819623,14.33899766158408,0.006968123673387213,,,,,,,,4,0.06445693405288638,0.7143791523395162,1.4594850540161133,0.9807339665409589,0.015350678300654346,0.301217894609912,0.19269263234052816,0.1328831544676233,"{""build_tower"":0.1328831544676233,""confirm_card_service_selection"":0.008079102857831906,""continue"":0.301217894609912,""discard_treasure"":0.0013264198721813579,""place_tower"":0.04099843241287833,""purchase_shop_item"":0.07717351983600627,""remove_tower"":0.0227903050765706,""reroll"":0.19269263234052816,""select_card_service_card"":0.008079102857831906,""select_treasure"":0.015917038466176293,""start_defense"":0.1328831544676233,""use_inventory_item"":0.06595924273483661}",0,0,0,0,4.7976210550000005,52.929556869
original_R2,a1r-r2-p2,150,75,45.5616709391276,45.64340019226074,166.47916666666666,3.9705993831157684,40.20483133196831,36.23423194885254,92,36,0,0.6848108059147103,0.2526432311009653,0.6945112268440425,15.015433751427622,0.007023636477981654,,,,,,,,4,0.06957120029255748,0.7944018528796732,1.8018497228622437,0.9827165711827778,0.015489620654989267,0.26905268426980355,0.20360405456138156,0.13903141033662872,"{""build_tower"":0.13903141033662872,""confirm_card_service_selection"":0.007383306219496934,""continue"":0.26905268426980355,""discard_treasure"":0.0016268301839569516,""place_tower"":0.0410461769490677,""purchase_shop_item"":0.07746214491302715,""remove_tower"":0.029282943311225128,""reroll"":0.20360405456138156,""select_card_service_card"":0.007383306219496934,""select_treasure"":0.016268301839569517,""start_defense"":0.13903141033662872,""use_inventory_item"":0.06882743085971718}",0,0,0,0,4.565279187,49.96685366
original_R2,a1r-r2-p2,151,76,44.63384795188904,43.347299575805664,155.5625,,,,,,,0.7273080851464843,0.2603587832611253,0.7262434462706248,15.460022596205087,0.007268928009568754,,,,,,,,4,0.068888535661002,0.9040620359281699,2.22109317779541,0.9804022740012772,0.01927421912550926,0.2224454265434579,0.21668675505557788,0.14584170349537967,"{""build_tower"":0.14584170349537967,""confirm_card_service_selection"":0.006696129637069774,""continue"":0.2224454265434579,""discard_treasure"":0.0018749162983795367,""place_tower"":0.044864068568367485,""purchase_shop_item"":0.08021963305209588,""remove_tower"":0.04071246819338423,""reroll"":0.21668675505557788,""select_card_service_card"":0.006696129637069774,""select_treasure"":0.016740324092674435,""start_defense"":0.14584170349537967,""use_inventory_item"":0.07138074193116378}",0,0,0,0,4.39562992,47.804726898
original_R2,a1r-r2-p2,152,77,43.33994150161743,40.74844932556152,154.72916666666666,,,,,,,0.7076114343229626,0.2570934430551126,0.7056693034867446,14.806702403164651,0.00706033914928715,,,,,,,,4,0.07313368072112401,0.8111483602474133,2.2792696952819824,0.9811780872940886,0.018091806158190595,0.23980072707688166,0.20573582873300122,0.14285714285714285,"{""build_tower"":0.14285714285714285,""confirm_card_service_selection"":0.007809344284367847,""continue"":0.23980072707688166,""discard_treasure"":0.0014810825366904537,""place_tower"":0.04389390063282617,""purchase_shop_item"":0.07661236030698802,""remove_tower"":0.046317490238319645,""reroll"":0.20573582873300122,""select_card_service_card"":0.007809344284367847,""select_treasure"":0.01669583950451057,""start_defense"":0.14285714285714285,""use_inventory_item"":0.06812979668776087}",0,0,0,0,4.344388285,46.533450284
original_R2,a1r-r2-p2,153,78,45.669977267583214,44.0,173.64583333333334,,,,,,,0.6938364214448711,0.2505787737004935,0.7052598961374976,15.35088476595151,0.005799339234010514,,,,,,,,4,0.05927045256689643,0.8006949038668112,1.427167296409607,0.9836219303672376,0.015886782400422926,0.28758248350329935,0.2050389922015597,0.13377324535092983,"{""build_tower"":0.13377324535092983,""confirm_card_service_selection"":0.007198560287942412,""continue"":0.28758248350329935,""discard_treasure"":0.0011997600479904018,""place_tower"":0.03503299340131973,""purchase_shop_item"":0.07330533893221355,""remove_tower"":0.0379124175164967,""reroll"":0.2050389922015597,""select_card_service_card"":0.007318536292741451,""select_treasure"":0.015836832633473304,""start_defense"":0.13377324535092983,""use_inventory_item"":0.06202759448110378}",0,0,0,0,4.617173805,52.377309441
original_R2,a1r-r2-p2,154,79,46.14570379257202,43.39254951477051,173.08333333333334,,,,,,,0.6794807261714297,0.24005507663856104,0.6691745004870675,15.811577222230419,0.006390217000416394,,,,,,,,4,0.060160127680071375,0.8169376403093338,1.8312503099441528,0.9805562240327261,0.015457641880140838,0.2577034183919114,0.227130476649013,0.13553201733269138,"{""build_tower"":0.13553201733269138,""confirm_card_service_selection"":0.006499759268175253,""continue"":0.2577034183919114,""discard_treasure"":0.0021665864227250844,""place_tower"":0.03972075108329321,""purchase_shop_item"":0.07823784304285027,""remove_tower"":0.0251564756860857,""reroll"":0.227130476649013,""select_card_service_card"":0.006499759268175253,""select_treasure"":0.01624939817043813,""start_defense"":0.13553201733269138,""use_inventory_item"":0.06957149735194992}",0,0,0,0,4.805458146,53.488353259
original_R2,a1r-r2-p2,155,80,48.74694792429606,50.46124839782715,181.41666666666666,5.296849325299263,41.5310812741518,36.23423194885254,102,26,0,0.677354062282798,0.23710206502231548,0.6903621699128832,16.62952443924433,0.006995966806633598,,,,,,,,4,0.06997767857142857,0.8970215450440134,8.176712989807129,0.9830424994047097,0.017985404071597648,0.2450620119430409,0.23116674322462105,0.13677078548461186,"{""build_tower"":0.13677078548461186,""confirm_card_service_selection"":0.007234726688102894,""continue"":0.2450620119430409,""discard_treasure"":0.0018373909049150207,""place_tower"":0.035829122645842905,""purchase_shop_item"":0.08612769866789159,""remove_tower"":0.023082223242994946,""reroll"":0.23116674322462105,""select_card_service_card"":0.007234726688102894,""select_treasure"":0.015732659623334866,""start_defense"":0.13677078548461186,""use_inventory_item"":0.07315112540192927}",0,0,0,0,5.040844258,55.677609448
original_R2,a1r-r2-p2,156,81,47.971171140670776,48.996049880981445,172.39583333333334,,,,,,,0.7289106275425588,0.24185348196021902,0.7326908946940394,17.9415505284197,0.00701469767038747,,,,,,,,4,0.0686339106354298,0.8760894155412009,1.9772295951843262,0.9840005495849307,0.014458793240147785,0.21716012084592146,0.24737160120845922,0.14163141993957704,"{""build_tower"":0.14163141993957704,""confirm_card_service_selection"":0.006525679758308157,""continue"":0.21716012084592146,""discard_treasure"":0.0014501510574018127,""place_tower"":0.040604229607250755,""purchase_shop_item"":0.0804833836858006,""remove_tower"":0.029244712990936558,""reroll"":0.24737160120845922,""select_card_service_card"":0.006525679758308157,""select_treasure"":0.016555891238670694,""start_defense"":0.14163141993957704,""use_inventory_item"":0.07081570996978852}",0,0,0,0,4.999911537,55.539044261
original_R2,a1r-r2-p2,157,82,46.77551039059957,45.38455009460449,180.04166666666666,,,,,,,0.7324770927059086,0.2575349860399176,0.7425904795527458,18.383077965334124,0.008349976880187087,,,,,,,,4,0.09020825828809072,0.8345179713385946,1.747880220413208,0.9844677957917314,0.01511529040084604,0.23756074982642908,0.24184216616523954,0.1319139088174034,"{""build_tower"":0.1319139088174034,""confirm_card_service_selection"":0.0055542698449433,""continue"":0.23756074982642908,""discard_treasure"":0.0017357093265447812,""place_tower"":0.03934274473501504,""purchase_shop_item"":0.08042119879657486,""remove_tower"":0.03830131913908817,""reroll"":0.24184216616523954,""select_card_service_card"":0.0055542698449433,""select_treasure"":0.015621383938903033,""start_defense"":0.1319139088174034,""use_inventory_item"":0.07023837074751214}",0,0,0,0,5.093683658,55.195416436
original_R2,a1r-r2-p2,158,83,44.532429218292236,43.269100189208984,170.35416666666666,,,,,,,0.7993360138224335,0.26684833967879196,0.7748591471463442,18.45889845609285,0.008267201111948452,,,,,,,,4,0.08206316054565832,0.8439175982493907,1.7118242979049683,0.9780551874740645,0.019958376928116195,0.2180506298153357,0.2559618441971383,0.13281154457625047,"{""build_tower"":0.13281154457625047,""confirm_card_service_selection"":0.005380946557417146,""continue"":0.2180506298153357,""discard_treasure"":0.0013452366393542864,""place_tower"":0.039990216460804695,""purchase_shop_item"":0.07704537116301823,""remove_tower"":0.04488198605845665,""reroll"":0.2559618441971383,""select_card_service_card"":0.005380946557417146,""select_treasure"":0.015653662712486242,""start_defense"":0.13281154457625047,""use_inventory_item"":0.07068607068607069}",0,0,0,0,4.803845894,54.154009147
original_R2,a1r-r2-p2,159,84,45.145066817601524,44.73404884338379,171.41666666666666,,,,,,,0.766201614568093,0.2651924872580725,0.7665386818575136,18.059476273167654,0.006099346733759431,,,,,,,,4,0.059695259907819105,0.9147690272692478,5.4302897453308105,0.9835168134930855,0.01648155946961858,0.23821098687408848,0.24805542051531357,0.13393291200777832,"{""build_tower"":0.13393291200777832,""confirm_card_service_selection"":0.0047399124939231894,""continue"":0.23821098687408848,""discard_treasure"":0.0009722897423432182,""place_tower"":0.03670393777345649,""purchase_shop_item"":0.07000486144871172,""remove_tower"":0.05031599416626155,""reroll"":0.24805542051531357,""select_card_service_card"":0.0047399124939231894,""select_treasure"":0.015313563441905688,""start_defense"":0.13393291200777832,""use_inventory_item"":0.06307729703451628}",0,0,0,0,4.665261923,52.549038613
original_R2,a1r-r2-p2,160,85,48.576748053232826,47.11075019836426,190.89583333333334,5.495593830943108,41.72982577979565,36.23423194885254,100,28,0,0.7244946805523341,0.2549716996222869,0.7186150418387519,18.83937528968961,0.0068438912357780485,,,,,,,,4,0.07152999598636395,0.8451295317047172,2.48860764503479,0.9835597722681532,0.01923147042463016,0.24413401724326095,0.2433700753028484,0.12943359161846557,"{""build_tower"":0.12943359161846557,""confirm_card_service_selection"":0.007639419404125287,""continue"":0.24413401724326095,""discard_treasure"":0.0015278838808250573,""place_tower"":0.03557786751064062,""purchase_shop_item"":0.07966823092873514,""remove_tower"":0.03874276983520681,""reroll"":0.2433700753028484,""select_card_service_card"":0.007639419404125287,""select_treasure"":0.014951435119502346,""start_defense"":0.12943359161846557,""use_inventory_item"":0.06788169813379898}",0,0,0,0,5.43545436,58.698175964
original_R2,a1r-r2-p2,161,86,46.03969144821167,44.85629844665527,181.3125,,,,,,,0.7324281906252271,0.2454013389200185,0.7213522682295126,19.74115183789896,0.00635074332004639,,,,,,,,4,0.0677366052644656,0.8458663038909435,1.5086084604263306,0.9850848047527546,0.01544683232136509,0.2366999885097093,0.26163391933815927,0.12915086751694818,"{""build_tower"":0.12915086751694818,""confirm_card_service_selection"":0.004596116281741928,""continue"":0.2366999885097093,""discard_treasure"":0.0004596116281741928,""place_tower"":0.03757325060324026,""purchase_shop_item"":0.07491669539239343,""remove_tower"":0.03607951281167414,""reroll"":0.26163391933815927,""select_card_service_card"":0.004596116281741928,""select_treasure"":0.014937377915661266,""start_defense"":0.12915086751694818,""use_inventory_item"":0.07020567620360794}",0,0,0,0,5.176849411,55.15151832
original_R2,a1r-r2-p2,162,87,44.51862092812856,44.48735046386719,185.39583333333334,,,,,,,0.7198065949956615,0.25351030718835404,0.7033430371965681,18.726026353816525,0.00660106865173345,,,,,,,,4,0.07150226078395333,0.8470317270074572,1.8129428625106812,0.9867456669014355,0.01314868941304407,0.26856950219125747,0.24856725474772445,0.12214855601753007,"{""build_tower"":0.12214855601753007,""confirm_card_service_selection"":0.005393864479154961,""continue"":0.26856950219125747,""discard_treasure"":0.0010113495898415553,""place_tower"":0.03888077312057535,""purchase_shop_item"":0.06989549387571638,""remove_tower"":0.03888077312057535,""reroll"":0.24856725474772445,""select_card_service_card"":0.005506236655804023,""select_treasure"":0.014496010787728959,""start_defense"":0.12214855601753007,""use_inventory_item"":0.06450162939656141}",0,0,0,0,5.13386649,57.185681897
original_R2,a1r-r2-p2,163,88,43.36224182446798,43.735300064086914,172.85416666666666,,,,,,,0.6906077617873989,0.23975414612226187,0.6928077547839193,18.650549147957097,0.007608318124656569,,,,,,,,4,0.07650556914847005,0.8778856640512293,1.9743341207504272,0.9846722979050406,0.013850007414338037,0.24996986862721465,0.2569603471134145,0.1271543931541521,"{""build_tower"":0.1271543931541521,""confirm_card_service_selection"":0.005182596119079185,""continue"":0.24996986862721465,""discard_treasure"":0.0010847294202723876,""place_tower"":0.034229239484150895,""purchase_shop_item"":0.07086898879112932,""remove_tower"":0.039893937567795586,""reroll"":0.2569603471134145,""select_card_service_card"":0.005182596119079185,""select_treasure"":0.015306737374954802,""start_defense"":0.1271543931541521,""use_inventory_item"":0.06701217307460527}",0,0,0,0,4.857567818,51.629242368
original_R2,a1r-r2-p2,164,89,44.95422685146332,44.0,187.0,,,,,,,0.6540085191038152,0.22112063419624975,0.6456319515903791,19.462380174229907,0.007494129472130832,,,,,,,,4,0.0656467013888889,0.8762913044128153,2.423074722290039,0.9879113031608221,0.01513524594095846,0.28698752228163993,0.24966577540106952,0.12232620320855615,"{""build_tower"":0.12232620320855615,""confirm_card_service_selection"":0.004010695187165776,""continue"":0.28698752228163993,""discard_treasure"":0.0011140819964349377,""place_tower"":0.036207664884135474,""purchase_shop_item"":0.0659536541889483,""remove_tower"":0.033311051693404634,""reroll"":0.24966577540106952,""select_card_service_card"":0.004010695187165776,""select_treasure"":0.014817290552584671,""start_defense"":0.12232620320855615,""use_inventory_item"":0.059269162210338684}",0,0,0,0,5.067263895,55.958058522
original_R2,a1r-r2-p2,165,90,45.90926210085551,43.56934928894043,210.64583333333334,4.623052418231964,40.8572843670845,36.23423194885254,95,33,0,0.6447705919812158,0.2285971179377922,0.6377827361226082,21.14770613439255,0.007300047159921519,,,,,,,,4,0.07951141116209329,0.8830571699887514,1.7147505283355713,0.987171098797522,0.01400033431709744,0.3493225200276926,0.22401345069726042,0.11057264365542478,"{""build_tower"":0.11057264365542478,""confirm_card_service_selection"":0.0035604786865789735,""continue"":0.3493225200276926,""discard_treasure"":0.0012857284145979626,""place_tower"":0.030857481950351102,""purchase_shop_item"":0.06211057264365542,""remove_tower"":0.03708831965186431,""reroll"":0.22401345069726042,""select_card_service_card"":0.0035604786865789735,""select_treasure"":0.013055088517456235,""start_defense"":0.11057264365542478,""use_inventory_item"":0.05400059341311443}",0,0,0,0,5.297812316,62.559280029
original_R2,a1r-r2-p2,166,91,42.26823349793752,39.81369972229004,192.41666666666666,,,,,,,0.652109290537939,0.23333240195197424,0.6348376870155334,21.109710201518677,0.0066987322732136425,,,,,,,,4,0.07356418920932589,1.0130981704270519,2.3716137409210205,0.9866634149514759,0.012347854692740617,0.33022953659592896,0.2234733650931139,0.11216977046340407,"{""build_tower"":0.11216977046340407,""confirm_card_service_selection"":0.0031398873971416196,""continue"":0.33022953659592896,""discard_treasure"":0.0009744478129060199,""place_tower"":0.03129060199220442,""purchase_shop_item"":0.059333044608055434,""remove_tower"":0.057384148982243394,""reroll"":0.2234733650931139,""select_card_service_card"":0.0031398873971416196,""select_treasure"":0.013100909484625379,""start_defense"":0.11216977046340407,""use_inventory_item"":0.053594629709831094}",0,0,0,0,4.807919358,54.49936667
original_R2,a1r-r2-p2,167,92,43.07808140913645,43.06990051269531,201.83333333333334,,,,,,,0.6383919746913069,0.22907090440073122,0.6362580480544191,20.01314104952803,0.0069477142247035915,,,,,,,,4,0.08116890534170364,0.9792290827945659,2.0167951583862305,0.982362725836369,0.017006971168723937,0.3268992568125516,0.22512386457473163,0.10817506193228736,"{""build_tower"":0.10817506193228736,""confirm_card_service_selection"":0.0036127167630057803,""continue"":0.3268992568125516,""discard_treasure"":0.0005161023947151115,""place_tower"":0.03509496284062758,""purchase_shop_item"":0.05790668868703551,""remove_tower"":0.06502890173410404,""reroll"":0.22512386457473163,""select_card_service_card"":0.0036127167630057803,""select_treasure"":0.013109000825763831,""start_defense"":0.10817506193228736,""use_inventory_item"":0.052745664739884394}",0,0,0,0,5.15473109,55.72006293
original_R2,a1r-r2-p2,168,93,45.83436465263367,44.0,218.20833333333334,,,,,,,0.6150566149075619,0.21774411957951179,0.6007946647885369,20.8538849187332,0.007716215595880895,,,,,,,,4,0.08253795505932919,0.9528243149199137,2.254056215286255,0.9843008482141905,0.013831317461686345,0.36184838648080964,0.22216918082871873,0.10674050028642353,"{""build_tower"":0.10674050028642353,""confirm_card_service_selection"":0.004200878365476418,""continue"":0.36184838648080964,""discard_treasure"":0.001336643116287951,""place_tower"":0.02491884666793966,""purchase_shop_item"":0.058048501050219595,""remove_tower"":0.04792820316975368,""reroll"":0.22216918082871873,""select_card_service_card"":0.004200878365476418,""select_treasure"":0.012984533129654382,""start_defense"":0.10674050028642353,""use_inventory_item"":0.0488829482528165}",0,0,0,0,5.392987287,60.817924945
original_R2,a1r-r2-p2,169,94,45.35284388065338,43.82800102233887,217.79166666666666,,,,,,,0.6035159790247802,0.2135261224320258,0.6031990899908833,21.04542070082891,0.008495109379559725,,,,,,,,4,0.08474679273076174,0.9395238032064787,2.494624614715576,0.9828658286068267,0.015076661658496028,0.3686627128371915,0.22584656590778648,0.1057011670174096,"{""build_tower"":0.1057011670174096,""confirm_card_service_selection"":0.005165486894968433,""continue"":0.3686627128371915,""discard_treasure"":0.001339200306102927,""place_tower"":0.02238377654486321,""purchase_shop_item"":0.05567246986799311,""remove_tower"":0.04639372488999426,""reroll"":0.22584656590778648,""select_card_service_card"":0.005165486894968433,""select_treasure"":0.012339774249091258,""start_defense"":0.1057011670174096,""use_inventory_item"":0.04562846757222116}",0,0,0,0,5.201319197,61.812501249
original_R2,a1r-r2-p2,170,95,47.68593533833822,46.09779930114746,226.79166666666666,5.142459362745285,41.376691311597824,36.23423194885254,97,31,0,0.6093053045622925,0.21364999565434406,0.6100803164895191,21.671886262801387,0.006483796906835643,,,,,,,,4,0.07522141292344692,0.9580137630881265,1.9766337871551514,0.9846474983989641,0.01258081177975116,0.35026639720742236,0.2315818482454529,0.10701818849898953,"{""build_tower"":0.10701818849898953,""confirm_card_service_selection"":0.0045011941943781004,""continue"":0.35026639720742236,""discard_treasure"":0.000826749954069447,""place_tower"":0.026364137424214586,""purchase_shop_item"":0.05869924673893074,""remove_tower"":0.04574683079184273,""reroll"":0.2315818482454529,""select_card_service_card"":0.0045011941943781004,""select_treasure"":0.012309388205033989,""start_defense"":0.10701818849898953,""use_inventory_item"":0.051166636046297995}",0,0,0,0,5.52644369,65.602721556
original_R2,a1r-r2-p2,171,96,45.45917069911957,43.92449951171875,225.6875,,,,,,,0.6057811323202021,0.21319426940127242,0.5935075255327447,21.88193449468643,0.006864437002679001,,,,,,,,4,0.07482408979084602,0.9658422471825466,2.71869158744812,0.9854437870330823,0.01222413649706733,0.36601126188498107,0.22985322625311547,0.10246469122126835,"{""build_tower"":0.10246469122126835,""confirm_card_service_selection"":0.005261700360011078,""continue"":0.36601126188498107,""discard_treasure"":0.0009231053263177328,""place_tower"":0.025477707006369428,""purchase_shop_item"":0.05409397212221915,""remove_tower"":0.04993999815378935,""reroll"":0.22985322625311547,""select_card_service_card"":0.005261700360011078,""select_treasure"":0.012000369242130528,""start_defense"":0.10246469122126835,""use_inventory_item"":0.046247576848518414}",0,0,0,0,5.4368353,61.82111812
original_R2,a1r-r2-p2,172,97,46.183212439219155,43.745750427246094,232.39583333333334,,,,,,,0.5909980197275977,0.21333327201022023,0.5880581016906283,20.542887081977806,0.009189549851653695,,,,,,,,4,0.0843955036252737,1.0457481037486682,3.93680739402771,0.9831608988764506,0.01492829200155525,0.36754818467055134,0.22716270730614074,0.10112057373375168,"{""build_tower"":0.10112057373375168,""confirm_card_service_selection"":0.005916629314208875,""continue"":0.36754818467055134,""discard_treasure"":0.001523980277902286,""place_tower"":0.02025997310623039,""purchase_shop_item"":0.05791125056028687,""remove_tower"":0.05235320484087853,""reroll"":0.22716270730614074,""select_card_service_card"":0.005916629314208875,""select_treasure"":0.011474675033617212,""start_defense"":0.10112057373375168,""use_inventory_item"":0.047691618108471535}",0,0,0,0,5.435330014,66.47487814
original_R2,a1r-r2-p2,173,98,47.659702142079674,47.46529960632324,220.79166666666666,,,,,,,0.6187697849517417,0.2133173376939516,0.6174611644375891,20.637733933502304,0.007849864381829061,,,,,,,,4,0.07935550529509783,0.9375466110096091,1.9443104267120361,0.9858036279554516,0.013758515636991,0.329967918475184,0.23938478958294018,0.10936025665219853,"{""build_tower"":0.10936025665219853,""confirm_card_service_selection"":0.0050009435742592945,""continue"":0.329967918475184,""discard_treasure"":0.0016984336667295716,""place_tower"":0.029911304019626345,""purchase_shop_item"":0.06142668428005284,""remove_tower"":0.0443479901868277,""reroll"":0.23938478958294018,""select_card_service_card"":0.0050009435742592945,""select_treasure"":0.012643895074542366,""start_defense"":0.10936025665219853,""use_inventory_item"":0.05189658426118136}",0,0,0,0,5.566313968,63.622593036
original_R2,a1r-r2-p2,174,99,50.157043854395546,48.00699996948242,229.20833333333334,,,,,,,0.6099072864328463,0.20256593582341012,0.6001842423926952,20.418595431360682,0.007192725175183685,,,,,,,,4,0.07785283431930598,0.8727679089751355,1.541735291481018,0.9846722663652278,0.013304631282618745,0.32848572986729685,0.23304853662970368,0.11125249954553718,"{""build_tower"":0.11125249954553718,""confirm_card_service_selection"":0.006544264679149246,""continue"":0.32848572986729685,""discard_treasure"":0.0014542810398109434,""place_tower"":0.030812579530994366,""purchase_shop_item"":0.0658062170514452,""remove_tower"":0.03581167060534448,""reroll"":0.23304853662970368,""select_card_service_card"":0.006544264679149246,""select_treasure"":0.013088529358298491,""start_defense"":0.11125249954553718,""use_inventory_item"":0.05589892746773314}",0,0,0,0,5.870866164,68.316231867
original_R2,a1r-r2-p2,175,100,45.7379625638326,43.829851150512695,209.35416666666666,5.292948588728905,41.527180537581444,36.23423194885254,97,31,0,0.6104417868727305,0.21402983643614468,0.6043224237859249,20.06323463029012,0.009582252876430174,,,,,,,,4,0.09067608180921524,0.9456122484058141,2.2276716232299805,0.9856470573954065,0.012613383147981948,0.3476962881878794,0.23146581749427803,0.11115533883968554,"{""build_tower"":0.11115533883968554,""confirm_card_service_selection"":0.005672206189670614,""continue"":0.3476962881878794,""discard_treasure"":0.0008956115036322022,""place_tower"":0.03273957607722162,""purchase_shop_item"":0.056821574285998606,""remove_tower"":0.03522738580953329,""reroll"":0.23146581749427803,""select_card_service_card"":0.005672206189670614,""select_treasure"":0.013135635386605633,""start_defense"":0.11115533883968554,""use_inventory_item"":0.04836302119613892}",0,0,0,0,5.27874856,60.776473958
original_R2,a1r-r2-p2,176,101,47.6752545038859,46.369150161743164,229.79166666666666,,,,,,,0.5865932849075128,0.21767514517297745,0.58059298010035,19.840882401626214,0.009315963736670792,,,,,,,,4,0.08218862996859984,0.9556067357347771,2.746493339538574,0.9855347585684966,0.01456787585100921,0.3689029918404352,0.22756119673617406,0.10543970988213962,"{""build_tower"":0.10543970988213962,""confirm_card_service_selection"":0.006527651858567543,""continue"":0.3689029918404352,""discard_treasure"":0.0019038984587488668,""place_tower"":0.017044424297370808,""purchase_shop_item"":0.06382592928377154,""remove_tower"":0.03155031731640979,""reroll"":0.22756119673617406,""select_card_service_card"":0.006527651858567543,""select_treasure"":0.012511332728921125,""start_defense"":0.10543970988213962,""use_inventory_item"":0.052765185856754306}",0,0,0,0,5.74492311,69.377187601
original_R2,a1r-r2-p2,177,102,44.428197940190636,43.667551040649414,206.70833333333334,,,,,,,0.5478805729886388,0.20775715045980075,0.5613064580620863,19.011649562008692,0.009533502047926773,,,,,,,,4,0.07717786597995421,0.9496000968875029,2.0546696186065674,0.9881600048458059,0.011967463120340537,0.40556339447691997,0.21618625277161863,0.10945373916549082,"{""build_tower"":0.10945373916549082,""confirm_card_service_selection"":0.006047167909695626,""continue"":0.40556339447691997,""discard_treasure"":0.0008062890546260835,""place_tower"":0.008365248941745616,""purchase_shop_item"":0.05321507760532151,""remove_tower"":0.029227978230195524,""reroll"":0.21618625277161863,""select_card_service_card"":0.006047167909695626,""select_treasure"":0.012699052610360815,""start_defense"":0.10945373916549082,""use_inventory_item"":0.042934892158838944}",0,0,0,0,4.798004186,59.123385294
original_R2,a1r-r2-p2,178,103,48.186960419019066,47.6427001953125,219.875,,,,,,,0.5520292365962681,0.2070582451604111,0.544370833606947,19.336349305198983,0.007849218113787651,,,,,,,,4,0.07867822510057262,0.997642282396555,2.729330539703369,0.9888438454866587,0.01214093366260862,0.3730339207883267,0.21546333143831722,0.1114269471290506,"{""build_tower"":0.1114269471290506,""confirm_card_service_selection"":0.00691680879287474,""continue"":0.3730339207883267,""discard_treasure"":0.0018002653022550692,""place_tower"":0.015349630471859011,""purchase_shop_item"":0.06537805571347356,""remove_tower"":0.027288231949971573,""reroll"":0.21546333143831722,""select_card_service_card"":0.00691680879287474,""select_treasure"":0.01335986355884025,""start_defense"":0.1114269471290506,""use_inventory_item"":0.05163918893310593}",0,0,0,0,5.464577375,63.729768295
original_R2,a1r-r2-p2,179,104,50.928383350372314,51.19325065612793,237.83333333333334,,,,,,,0.5458489319171869,0.21031776059179,0.5344144427114063,19.75551416834578,0.007639051803218737,,,,,,,,4,0.06886764435718457,0.998248778283596,2.230761766433716,0.9894760015061597,0.010594506879958015,0.3856867554309741,0.20970567624386827,0.1088822704975473,"{""build_tower"":0.1088822704975473,""confirm_card_service_selection"":0.009022424667133848,""continue"":0.3856867554309741,""discard_treasure"":0.0018395234758234057,""place_tower"":0.015504555010511564,""purchase_shop_item"":0.06079187105816398,""remove_tower"":0.030833917309039945,""reroll"":0.20970567624386827,""select_card_service_card"":0.009022424667133848,""select_treasure"":0.01270147161878066,""start_defense"":0.1088822704975473,""use_inventory_item"":0.04712683952347582}",0,0,0,0,5.76189958,69.008810267
original_R2,a1r-r2-p2,180,105,47.73091252644857,45.28180122375488,228.33333333333334,5.324731424450874,41.55896337330341,36.23423194885254,101,27,0,0.5363457405666547,0.21715767071002096,0.5333605517828187,19.83929937106547,0.005852321051226977,,,,,,,,4,0.06432734234908292,1.0937737210891967,3.0178582668304443,0.9876601243647603,0.011637586580459462,0.3968978102189781,0.20894160583941607,0.10602189781021898,"{""build_tower"":0.10602189781021898,""confirm_card_service_selection"":0.007390510948905109,""continue"":0.3968978102189781,""discard_treasure"":0.0015510948905109489,""place_tower"":0.009215328467153285,""purchase_shop_item"":0.0614051094890511,""remove_tower"":0.0333029197080292,""reroll"":0.20894160583941607,""select_card_service_card"":0.007390510948905109,""select_treasure"":0.012408759124087591,""start_defense"":0.10602189781021898,""use_inventory_item"":0.04945255474452555}",0,0,0,0,5.452464047,63.801600617
original_R2,a1r-r2-p2,181,106,47.38879597187042,43.912099838256836,224.41666666666666,,,,,,,0.5365558652079913,0.21702584651889004,0.530928730618122,19.976019277262562,0.007737683508863949,,,,,,,,4,0.06976744190378245,1.0278003080639728,5.084142208099365,0.9875048468615435,0.012517144703197964,0.40094689936873373,0.21620868919420722,0.10740809506126996,"{""build_tower"":0.10740809506126996,""confirm_card_service_selection"":0.007426661715558856,""continue"":0.40094689936873373,""discard_treasure"":0.0008354994430003714,""place_tower"":0.007890828072781285,""purchase_shop_item"":0.05579279613813591,""remove_tower"":0.031284812476791685,""reroll"":0.21620868919420722,""select_card_service_card"":0.007426661715558856,""select_treasure"":0.012625324916450055,""start_defense"":0.10740809506126996,""use_inventory_item"":0.04474563683624211}",0,0,0,0,5.401767449,63.862914786
original_R2,a1r-r2-p2,182,107,45.28843768437704,43.398651123046875,202.35416666666666,,,,,,,0.5563628476363398,0.1970334864322591,0.5522174486204198,19.876815649772162,0.007131997795233091,,,,,,,,4,0.06805045370894827,0.8779969793793402,3.0288186073303223,0.9894980455176392,0.010258907424653635,0.38741892309276227,0.23864923298671883,0.11386801194275713,"{""build_tower"":0.11386801194275713,""confirm_card_service_selection"":0.006589107381859364,""continue"":0.38741892309276227,""discard_treasure"":0.000926593225573973,""place_tower"":0.0011325028312570782,""purchase_shop_item"":0.052918768660558016,""remove_tower"":0.022341192216616904,""reroll"":0.23864923298671883,""select_card_service_card"":0.006589107381859364,""select_treasure"":0.013795943580768043,""start_defense"":0.11386801194275713,""use_inventory_item"":0.04190260475651189}",0,0,0,0,5.011201264,58.49725244
original_R2,a1r-r2-p2,183,108,47.00440231959025,46.0088005065918,210.5,,,,,,,0.5551029510166808,0.1930866628486645,0.5661851789802312,19.963916306570248,0.0072694746214096995,,,,,,,,4,0.06333821618463845,1.0210158307105304,3.177100658416748,0.9891150805638694,0.010419826509314589,0.3745051464766429,0.2424782264449723,0.11342042755344418,"{""build_tower"":0.11342042755344418,""confirm_card_service_selection"":0.007323832145684877,""continue"":0.3745051464766429,""discard_treasure"":0.0005938242280285036,""place_tower"":0.004750593824228029,""purchase_shop_item"":0.055423594615993665,""remove_tower"":0.022565320665083134,""reroll"":0.2424782264449723,""select_card_service_card"":0.007323832145684877,""select_treasure"":0.013262074425969913,""start_defense"":0.11342042755344418,""use_inventory_item"":0.04493269992082344}",0,0,0,0,5.323328011,61.110779564
original_R2,a1r-r2-p2,184,109,48.19813346862793,49.063899993896484,224.5625,,,,,,,0.5412932493650049,0.1959868389771665,0.5430786640838136,20.625104050493057,0.0067067465628455,,,,,,,,4,0.06977417099094668,0.9997737068076467,3.90958571434021,0.9901365722083934,0.009695332332211004,0.40309861768253086,0.2258094442898228,0.1089154838111142,"{""build_tower"":0.1089154838111142,""confirm_card_service_selection"":0.006123016977456165,""continue"":0.40309861768253086,""discard_treasure"":0.0008349568605622043,""place_tower"":0.003803692364783375,""purchase_shop_item"":0.05733370442527136,""remove_tower"":0.018369050932368493,""reroll"":0.2258094442898228,""select_card_service_card"":0.006123016977456165,""select_treasure"":0.012709898877446887,""start_defense"":0.1089154838111142,""use_inventory_item"":0.04796363299007329}",0,0,0,0,5.495856022,64.863685023
original_R2,a1r-r2-p2,185,110,47.12370407581329,46.227548599243164,218.875,6.888220503926277,43.122452452778816,36.23423194885254,109,19,0,0.5740620939488417,0.21212688639408464,0.5897516524862676,20.5144699684261,0.010071363951564785,,,,,,,,4,0.07919921876773947,1.2165244941910107,6.733224391937256,0.9891124444029561,0.01068715944087931,0.3985341709499334,0.21749476489624975,0.10946126023224824,"{""build_tower"":0.10946126023224824,""confirm_card_service_selection"":0.006472491909385114,""continue"":0.3985341709499334,""discard_treasure"":0.0009518370454978108,""place_tower"":0.005520654863887303,""purchase_shop_item"":0.05539691604797259,""remove_tower"":0.032933561774224254,""reroll"":0.21749476489624975,""select_card_service_card"":0.006472491909385114,""select_treasure"":0.012659432705120884,""start_defense"":0.10946126023224824,""use_inventory_item"":0.04464115743384733}",0,0,0,0,5.335746511,63.17871908
original_R2,a1r-r2-p2,186,111,48.41209598382314,45.38560104370117,217.1875,,,,,,,0.5931481833399654,0.2242429474309995,0.6029752734594229,19.855128039513282,0.0089787579060346,,,,,,,,4,0.07950351743890745,1.0662435302283706,3.0192747116088867,0.987921728723148,0.009624061654549002,0.3662350119904077,0.22522781774580336,0.11338129496402878,"{""build_tower"":0.11338129496402878,""confirm_card_service_selection"":0.007002398081534772,""continue"":0.3662350119904077,""discard_treasure"":0.002014388489208633,""place_tower"":0.008824940047961631,""purchase_shop_item"":0.06302158273381295,""remove_tower"":0.027434052757793766,""reroll"":0.22522781774580336,""select_card_service_card"":0.007002398081534772,""select_treasure"":0.013237410071942447,""start_defense"":0.11338129496402878,""use_inventory_item"":0.053237410071942444}",0,0,0,0,5.689344507,64.135266819
original_R2,a1r-r2-p2,187,112,46.29951047897339,43.83164978027344,205.72916666666666,,,,,,,0.6031652486505841,0.20386102169734605,0.603322735390602,20.297045281024513,0.007250174209053885,,,,,,,,4,0.07403665592368597,1.0326673434330866,2.7316389083862305,0.9874171087150716,0.010814810906035395,0.365873417721519,0.24455696202531646,0.11422784810126582,"{""build_tower"":0.11422784810126582,""confirm_card_service_selection"":0.006784810126582278,""continue"":0.365873417721519,""discard_treasure"":0.0012151898734177216,""place_tower"":0.00749367088607595,""purchase_shop_item"":0.059443037974683546,""remove_tower"":0.01579746835443038,""reroll"":0.24455696202531646,""select_card_service_card"":0.006784810126582278,""select_treasure"":0.013265822784810127,""start_defense"":0.11422784810126582,""use_inventory_item"":0.050329113924050636}",0,0,0,0,5.301151049,62.805660001
original_R2,a1r-r2-p2,188,113,46.481687704722084,43.14669990539551,205.58333333333334,,,,,,,0.6010654123843787,0.20233997333615453,0.5980601935432508,19.961827779683972,0.007536836268618922,,,,,,,,4,0.07029103712202647,1.0318424890820797,2.3274450302124023,0.9874647898315172,0.010448512125712557,0.36339683826509933,0.24706120794487232,0.11522091609241994,"{""build_tower"":0.11522091609241994,""confirm_card_service_selection"":0.006688285366842318,""continue"":0.36339683826509933,""discard_treasure"":0.0022294284556141062,""place_tower"":0.004357519254154844,""purchase_shop_item"":0.06130928252938792,""remove_tower"":0.012869882448317795,""reroll"":0.24706120794487232,""select_card_service_card"":0.006688285366842318,""select_treasure"":0.013781921361978111,""start_defense"":0.11522091609241994,""use_inventory_item"":0.05117551682205108}",0,0,0,0,5.519243597,61.363335563
original_R2,a1r-r2-p2,189,114,48.95776033401489,47.0,208.9375,,,,,,,0.616195198178971,0.21084773852983585,0.6160497434437275,20.33933608844088,0.007528054155886821,,,,,,,,4,0.07495008683763445,0.9974096672609448,2.9410300254821777,0.9906488104359865,0.009100144458352588,0.33502841758899193,0.24987536145178982,0.11915445208894207,"{""build_tower"":0.11915445208894207,""confirm_card_service_selection"":0.006680626184066208,""continue"":0.33502841758899193,""discard_treasure"":0.0015953734170904377,""place_tower"":0.005882939475520989,""purchase_shop_item"":0.06919932196629773,""remove_tower"":0.013161830690996112,""reroll"":0.24987536145178982,""select_card_service_card"":0.006680626184066208,""select_treasure"":0.013760095722405025,""start_defense"":0.11915445208894207,""use_inventory_item"":0.05982650314089141}",0,0,0,0,5.732248997,62.535881694
original_R2,a1r-r2-p2,190,115,49.81337936719259,47.37085151672363,222.6875,6.889436691999435,43.123668640851974,36.23423194885254,108,20,0,0.6057878290204022,0.21024207861712707,0.6170891328226953,20.429025621782667,0.007407718889291053,,,,,,,,4,0.07787851009163119,0.9492167096052851,1.9756487607955933,0.9881386676318609,0.010708259185776114,0.35036018336607727,0.24324071475348488,0.11348114884460661,"{""build_tower"":0.11348114884460661,""confirm_card_service_selection"":0.007577883805781645,""continue"":0.35036018336607727,""discard_treasure"":0.0026195153896529143,""place_tower"":0.01272336046402844,""purchase_shop_item"":0.068762278978389,""remove_tower"":0.011039386284965853,""reroll"":0.24324071475348488,""select_card_service_card"":0.007577883805781645,""select_treasure"":0.01337823931144167,""start_defense"":0.11348114884460661,""use_inventory_item"":0.05575825615118346}",0,0,0,0,6.099335902,69.035156015
original_R2,a1r-r2-p2,191,116,49.049670934677124,48.559749603271484,213.5625,,,,,,,0.6307923661280288,0.22437138356172304,0.6436245813965797,20.62722163364667,0.0065985593035337645,,,,,,,,4,0.06862354496630227,0.9497346729040146,4.134335041046143,0.9901062505817555,0.00904191138716869,0.34738074334211294,0.23861086723246513,0.11637888986440348,"{""build_tower"":0.11637888986440348,""confirm_card_service_selection"":0.007804116671544239,""continue"":0.34738074334211294,""discard_treasure"":0.002341235001463272,""place_tower"":0.012096380840893572,""purchase_shop_item"":0.06594478587454883,""remove_tower"":0.016486196468637207,""reroll"":0.23861086723246513,""select_card_service_card"":0.007804116671544239,""select_treasure"":0.013462101258413814,""start_defense"":0.11637888986440348,""use_inventory_item"":0.0553116769095698}",0,0,0,0,5.568045004,64.237656582
original_R2,a1r-r2-p2,192,117,47.07609196503957,46.653249740600586,207.60416666666666,,,,,,,0.649872379469521,0.2346992449515043,0.6433470161297382,19.41729859407422,0.007322411929915409,,,,,,,,4,0.08257452427194668,0.914219218186843,1.6864615678787231,0.9903857230943831,0.00846946703043217,0.34560963371801307,0.24024084295032613,0.11520321123933769,"{""build_tower"":0.11520321123933769,""confirm_card_service_selection"":0.006924234821876568,""continue"":0.34560963371801307,""discard_treasure"":0.002408429503261415,""place_tower"":0.022679377822378326,""purchase_shop_item"":0.06101354741595585,""remove_tower"":0.018564977420973405,""reroll"":0.24024084295032613,""select_card_service_card"":0.006924234821876568,""select_treasure"":0.0134470647265429,""start_defense"":0.11520321123933769,""use_inventory_item"":0.05178123432012042}",0,0,0,0,5.585187307,62.422268789
original_R2,a1r-r2-p2,193,118,46.01149149735769,44.46109962463379,191.04166666666666,,,,,,,0.6663732671905892,0.21532649518614022,0.6676815441913075,20.2650593976222,0.008506380038814617,,,,,,,,4,0.08018482352296512,0.8790166154503822,1.816311240196228,0.9869517985992446,0.010298019090744978,0.3159214830970556,0.2609596510359869,0.12257360959651036,"{""build_tower"":0.12257360959651036,""confirm_card_service_selection"":0.006761177753544166,""continue"":0.3159214830970556,""discard_treasure"":0.0027262813522355507,""place_tower"":0.019520174482006544,""purchase_shop_item"":0.06019629225736096,""remove_tower"":0.01559432933478735,""reroll"":0.2609596510359869,""select_card_service_card"":0.006761177753544166,""select_treasure"":0.014176663031624863,""start_defense"":0.12257360959651036,""use_inventory_item"":0.05223555070883315}",0,0,0,0,5.420096139,57.335624029
original_R2,a1r-r2-p2,194,119,48.3127521276474,46.40345001220703,215.75,,,,,,,0.6525805337378253,0.2164222265239694,0.6373113313826119,19.744351912890817,0.007196368382787247,,,,,,,,4,0.07238636063638984,0.9851424036229529,2.4121811389923096,0.9867860934396698,0.0109806441469118,0.34530706836616454,0.23667439165701043,0.11404016994978756,"{""build_tower"":0.11404016994978756,""confirm_card_service_selection"":0.0064696794129007335,""continue"":0.34530706836616454,""discard_treasure"":0.0021243723445345695,""place_tower"":0.02269215913480108,""purchase_shop_item"":0.06691772885283893,""remove_tower"":0.015353418308227115,""reroll"":0.23667439165701043,""select_card_service_card"":0.0064696794129007335,""select_treasure"":0.013229045963692546,""start_defense"":0.11404016994978756,""use_inventory_item"":0.05668211664735419}",0,0,0,0,5.697860464,67.827105159
original_R2,a1r-r2-p2,195,120,51.10087283452352,50.73069953918457,228.97916666666666,7.1626337468624115,43.39686569571495,36.23423194885254,109,19,0,0.6375535269891938,0.21301537980041535,0.6444565944893416,20.572517731511393,0.007284418233657402,,,,,,,,4,0.07157898100829402,0.9491973749773447,1.783471941947937,0.9871289741269914,0.010954449716738836,0.33418251296515333,0.23746701846965698,0.11327449731598581,"{""build_tower"":0.11327449731598581,""confirm_card_service_selection"":0.008188517878264034,""continue"":0.33418251296515333,""discard_treasure"":0.0021836047675370756,""place_tower"":0.027022108998271312,""purchase_shop_item"":0.06969338549722501,""remove_tower"":0.015376216904740243,""reroll"":0.23746701846965698,""select_card_service_card"":0.008188517878264034,""select_treasure"":0.013101628605222454,""start_defense"":0.11327449731598581,""use_inventory_item"":0.05804749340369393}",0,0,0,0,6.271659687,70.939351603
original_R2,a1r-r2-p2,196,121,48.24211891492208,47.46315002441406,217.04166666666666,,,,,,,0.6721234376054456,0.21288557927076943,0.6730985052701903,21.409699319297424,0.007655340608103071,,,,,,,,4,0.07838379310035123,0.9824047746454797,2.2251806259155273,0.9860730120718331,0.01066215350235835,0.3260702630063352,0.24793626415818776,0.11249760030716069,"{""build_tower"":0.11249760030716069,""confirm_card_service_selection"":0.006911115377231714,""continue"":0.3260702630063352,""discard_treasure"":0.002591668266461893,""place_tower"":0.027548473795354196,""purchase_shop_item"":0.06651948550585525,""remove_tower"":0.019773468995968515,""reroll"":0.24793626415818776,""select_card_service_card"":0.006911115377231714,""select_treasure"":0.01315031675945479,""start_defense"":0.11249760030716069,""use_inventory_item"":0.05759262814359762}",0,0,0,0,5.892047311,68.494705635
original_R2,a1r-r2-p2,197,122,46.40151866277059,46.77010154724121,197.625,,,,,,,0.6936176561319954,0.23035980645690265,0.6913370729277009,20.547485888248254,0.008149392267832331,,,,,,,,4,0.08291970163975891,1.0616655635990595,4.859714031219482,0.9883994160363059,0.010699523398407587,0.3400801180687329,0.24383301707779886,0.11965001054185115,"{""build_tower"":0.11965001054185115,""confirm_card_service_selection"":0.006008855154965212,""continue"":0.3400801180687329,""discard_treasure"":0.0006325110689437065,""place_tower"":0.019924098671726755,""purchase_shop_item"":0.05660974067046173,""remove_tower"":0.025195024246257643,""reroll"":0.24383301707779886,""select_card_service_card"":0.006008855154965212,""select_treasure"":0.013915243516761544,""start_defense"":0.11965001054185115,""use_inventory_item"":0.048492515285684164}",0,0,0,0,5.09209572,58.051632583
original_R2,a1r-r2-p2,198,123,47.99196445941925,46.4737491607666,210.95833333333334,,,,,,,0.662810276267031,0.22021989002080475,0.6703125394880771,20.72389260875313,0.007940467747744151,,,,,,,,4,0.0770586899947375,0.9945433476939798,1.801526665687561,0.9871396146309518,0.011312536848708987,0.34228718151293697,0.24303772466916848,0.11574165514517085,"{""build_tower"":0.11574165514517085,""confirm_card_service_selection"":0.006715386134702746,""continue"":0.34228718151293697,""discard_treasure"":0.0022713806043847522,""place_tower"":0.020047402725656725,""purchase_shop_item"":0.06073474224767924,""remove_tower"":0.021034959510171834,""reroll"":0.24303772466916848,""select_card_service_card"":0.006715386134702746,""select_treasure"":0.013825794983211535,""start_defense"":0.11574165514517085,""use_inventory_item"":0.051846731187043256}",0,0,0,0,5.626680976,61.735998856
original_R2,a1r-r2-p2,199,124,47.488337556521095,46.298648834228516,205.25,,,,,,,0.6709542573648066,0.2026723198767801,0.6636526183440135,20.683125801302072,0.006728311411769447,,,,,,,,4,0.0733253850768774,0.9186042518569872,2.1206271648406982,0.9881505114524641,0.010234651239350056,0.3309987819732034,0.24918798213560697,0.1180470970361348,"{""build_tower"":0.1180470970361348,""confirm_card_service_selection"":0.007206658546488023,""continue"":0.3309987819732034,""discard_treasure"":0.0014210312626877792,""place_tower"":0.02019894437677629,""purchase_shop_item"":0.06232237109216403,""remove_tower"":0.018574908647990256,""reroll"":0.24918798213560697,""select_card_service_card"":0.007206658546488023,""select_treasure"":0.014007308160779537,""start_defense"":0.1180470970361348,""use_inventory_item"":0.05278116118554608}",0,0,0,0,5.546958209,61.606360949
original_R2,a1r-r2-p2,200,125,50.39020816485087,51.18630027770996,223.4375,8.057954743504524,44.29218669235706,36.23423194885254,107,21,0,0.6630062462397109,0.20338677593927035,0.6511665323660487,20.77656792477689,0.007871821964943678,,,,,,,,4,0.08158987784935605,0.9269291804659934,2.4928555488586426,0.9893984439365145,0.009885718383538048,0.35002331002331,0.24680652680652682,0.11468531468531469,"{""build_tower"":0.11468531468531469,""confirm_card_service_selection"":0.006993006993006993,""continue"":0.35002331002331,""discard_treasure"":0.0014918414918414918,""place_tower"":0.017902097902097902,""purchase_shop_item"":0.06051282051282051,""remove_tower"":0.01668997668997669,""reroll"":0.24680652680652682,""select_card_service_card"":0.006993006993006993,""select_treasure"":0.013333333333333334,""start_defense"":0.11468531468531469,""use_inventory_item"":0.049883449883449886}",0,0,0,0,5.785507206,68.079747288
original_R2,a1r-r2-p2,201,126,46.38713534673055,43.654951095581055,215.25,,,,,,,0.6468542668996168,0.20672415747215125,0.6586929690547105,20.945027981531624,0.008349373478289991,,,,,,,,4,0.08492986971467006,0.9144225307717556,2.5165798664093018,0.9866822985361927,0.011360156912038602,0.36904761904761907,0.23441734417344173,0.10936895083236546,"{""build_tower"":0.10936895083236546,""confirm_card_service_selection"":0.007259001161440186,""continue"":0.36904761904761907,""discard_treasure"":0.0012582268679829655,""place_tower"":0.028068137824235385,""purchase_shop_item"":0.056426635694928375,""remove_tower"":0.018002322880371662,""reroll"":0.23441734417344173,""select_card_service_card"":0.007259001161440186,""select_treasure"":0.012775842044134728,""start_defense"":0.10936895083236546,""use_inventory_item"":0.046747967479674794}",0,0,0,0,5.544690249,57.064385391
original_R2,a1r-r2-p2,202,127,48.801189263661705,48.456600189208984,227.60416666666666,,,,,,,0.6394830993156668,0.19320461969354083,0.6356397156798562,21.034538456080135,0.006153739102490701,,,,,,,,4,0.06962815793447716,0.9065177509951037,1.9617751836776733,0.9892381179911474,0.009198601338687504,0.36878718535469107,0.23533180778032037,0.10919908466819223,"{""build_tower"":0.10919908466819223,""confirm_card_service_selection"":0.008878718535469107,""continue"":0.36878718535469107,""discard_treasure"":0.0019221967963386727,""place_tower"":0.019038901601830662,""purchase_shop_item"":0.06132723112128147,""remove_tower"":0.016933638443935927,""reroll"":0.23533180778032037,""select_card_service_card"":0.00897025171624714,""select_treasure"":0.012723112128146453,""start_defense"":0.10919908466819223,""use_inventory_item"":0.04768878718535469}",0,0,0,0,5.812637984,70.262513083
original_R2,a1r-r2-p2,203,128,45.385135332743324,44.0,209.58333333333334,,,,,,,0.6650186206433001,0.19032349726302958,0.6612086106091738,21.288467236916286,0.007720394935495279,,,,,,,,4,0.08559698807075619,0.9348524764180184,2.045785665512085,0.990640183621843,0.008487258276727517,0.3700795228628231,0.24980119284294233,0.11013916500994035,"{""build_tower"":0.11013916500994035,""confirm_card_service_selection"":0.006361829025844931,""continue"":0.3700795228628231,""discard_treasure"":0.0010934393638170974,""place_tower"":0.021172962226640158,""purchase_shop_item"":0.05139165009940358,""remove_tower"":0.01878727634194831,""reroll"":0.24980119284294233,""select_card_service_card"":0.006361829025844931,""select_treasure"":0.013121272365805169,""start_defense"":0.11013916500994035,""use_inventory_item"":0.0415506958250497}",0,0,0,0,5.311884967,62.618686114
original_R2,a1r-r2-p2,204,129,47.304681261380516,44.731149673461914,225.3125,,,,,,,0.6467174201189254,0.19284789002720554,0.6411177987276122,21.030899323410154,0.009614455363145341,,,,,,,,4,0.0929500768177731,0.9177708911687829,2.7532546520233154,0.9890855080141808,0.008866533707437474,0.392417938049006,0.23624595469255663,0.10633379565418401,"{""build_tower"":0.10633379565418401,""confirm_card_service_selection"":0.00850670365233472,""continue"":0.392417938049006,""discard_treasure"":0.0012020342117429496,""place_tower"":0.015441516412390199,""purchase_shop_item"":0.052981969486823856,""remove_tower"":0.019602404068423486,""reroll"":0.23624595469255663,""select_card_service_card"":0.00850670365233472,""select_treasure"":0.012575127138233935,""start_defense"":0.10633379565418401,""use_inventory_item"":0.03985205732778548}",0,0,0,0,5.536885292,67.683097991
original_R2,a1r-r2-p2,205,130,46.16959993044535,44.1158504486084,212.85416666666666,8.15612418949604,44.39035613834858,36.23423194885254,110,18,0,0.6377844944763091,0.1903767777471175,0.6366997782140971,21.303388384451942,0.007495125224210142,,,,,,,,4,0.07377227656543255,0.9335079519078135,2.5862390995025635,0.9902735306073025,0.008072460257972125,0.3585201135362631,0.2515415483997259,0.1100127238915533,"{""build_tower"":0.1100127238915533,""confirm_card_service_selection"":0.006557697954389743,""continue"":0.3585201135362631,""discard_treasure"":0.0013702652442008417,""place_tower"":0.02231574826269942,""purchase_shop_item"":0.056670255456591954,""remove_tower"":0.016932563374767545,""reroll"":0.2515415483997259,""select_card_service_card"":0.0066555740432612314,""select_treasure"":0.012919643731036507,""start_defense"":0.1100127238915533,""use_inventory_item"":0.04649114221395713}",0,0,0,0,5.587115714,63.7840755
original_R2,a1r-r2-p2,206,131,48.38935446739197,47.8210506439209,213.79166666666666,,,,,,,0.6540613972009081,0.19925906075815158,0.6604040288707105,21.82864470500265,0.007208063043080762,,,,,,,,4,0.07491165472239983,0.8971332322533537,3.258270025253296,0.9913907779368784,0.00859774190580427,0.33550964724225296,0.25881894367569674,0.11518222568700058,"{""build_tower"":0.11518222568700058,""confirm_card_service_selection"":0.007795751315533035,""continue"":0.33550964724225296,""discard_treasure"":0.0016565971545507699,""place_tower"":0.022705125706489963,""purchase_shop_item"":0.05632430325472618,""remove_tower"":0.01832001559150263,""reroll"":0.25881894367569674,""select_card_service_card"":0.007795751315533035,""select_treasure"":0.013545117910738647,""start_defense"":0.11518222568700058,""use_inventory_item"":0.04716429545897486}",0,0,0,0,5.5806245,63.136387317
original_R2,a1r-r2-p2,207,132,46.48882500330607,48.734500885009766,209.47916666666666,,,,,,,0.6479999406608138,0.19942068678011157,0.6405670983716846,21.044853807544726,0.008154350294375945,,,,,,,,4,0.08619401957839727,0.9134700145572424,2.6666629314422607,0.9893390068919832,0.009468165595899336,0.35693684733963205,0.24903033316757833,0.11277971158627549,"{""build_tower"":0.11277971158627549,""confirm_card_service_selection"":0.005867727498756838,""continue"":0.35693684733963205,""discard_treasure"":0.0005967180507210343,""place_tower"":0.02297364495275982,""purchase_shop_item"":0.054301342615614125,""remove_tower"":0.021183490800596717,""reroll"":0.24903033316757833,""select_card_service_card"":0.005867727498756838,""select_treasure"":0.012829438090502238,""start_defense"":0.11277971158627549,""use_inventory_item"":0.04485330681253108}",0,0,0,0,5.328365268,62.944872419
original_R2,a1r-r2-p2,208,133,48.861589431762695,45.86480140686035,225.125,,,,,,,0.6464884931562362,0.19267781072693208,0.6465218555788661,21.418678133347264,0.006903061758431398,,,,,,,,4,0.07210833195943472,0.95410611601763,2.7351722717285156,0.9903750378660477,0.008690013975273211,0.3558208402739219,0.25143438830279474,0.11012400518230613,"{""build_tower"":0.11012400518230613,""confirm_card_service_selection"":0.0060151767536553765,""continue"":0.3558208402739219,""discard_treasure"":0.00138811771238201,""place_tower"":0.025078660003701646,""purchase_shop_item"":0.055987414399407735,""remove_tower"":0.017490283176013324,""reroll"":0.25143438830279474,""select_card_service_card"":0.0060151767536553765,""select_treasure"":0.013140847677216362,""start_defense"":0.11012400518230613,""use_inventory_item"":0.047381084582639274}",0,0,0,0,5.984238544,69.322066191
original_R2,a1r-r2-p2,209,134,48.83686486879984,46.3921012878418,225.95833333333334,,,,,,,0.6530230049963687,0.18610421045356107,0.6692430137894875,22.21479357305817,0.008097742564777312,,,,,,,,4,0.07622164537653674,0.915123141089151,2.580672025680542,0.9883300103092597,0.009865233217106136,0.359026369168357,0.25539369352756774,0.10962566844919786,"{""build_tower"":0.10962566844919786,""confirm_card_service_selection"":0.00765259081689102,""continue"":0.359026369168357,""discard_treasure"":0.0010141987829614604,""place_tower"":0.02397197123363452,""purchase_shop_item"":0.05531993361607966,""remove_tower"":0.012815784621058455,""reroll"":0.25539369352756774,""select_card_service_card"":0.00765259081689102,""select_treasure"":0.012907984510418587,""start_defense"":0.10962566844919786,""use_inventory_item"":0.04499354600774479}",0,0,0,0,5.934832801,69.773044137
original_R2,a1r-r2-p2,210,135,47.759552001953125,44.0,224.20833333333334,5.92104534804821,42.15527729690075,36.23423194885254,94,34,0,0.6860246865508288,0.20125946081987497,0.6668124692731126,22.054119790342895,0.008354113683581514,,,,,,,,4,0.08503361193593158,1.055018228846927,10.647488594055176,0.9882194037352025,0.0092698123257304,0.35829771417952055,0.25636498792046086,0.10825125441367775,"{""build_tower"":0.10825125441367775,""confirm_card_service_selection"":0.007061884408102583,""continue"":0.35829771417952055,""discard_treasure"":0.001486712506968965,""place_tower"":0.016911354766771976,""purchase_shop_item"":0.05705259245493403,""remove_tower"":0.017654711020256456,""reroll"":0.25636498792046086,""select_card_service_card"":0.007061884408102583,""select_treasure"":0.012822895372607323,""start_defense"":0.10825125441367775,""use_inventory_item"":0.04878275413491916}",0,0,0,0,5.91210154,69.118580703
original_R2,a1r-r2-p2,211,136,49.42252484957377,49.718149185180664,230.35416666666666,,,,,,,0.6527370852942981,0.1931603506030684,0.6555614647540179,21.774497287955175,0.01131612516926659,,,,,,,,4,0.09030621312558651,0.8754420236430385,2.7575244903564453,0.9882457128575245,0.009469965803542767,0.3704440625847879,0.2478068192095505,0.10916161707515601,"{""build_tower"":0.10916161707515601,""confirm_card_service_selection"":0.007777878267161075,""continue"":0.3704440625847879,""discard_treasure"":0.0011757257845708602,""place_tower"":0.017545446323595913,""purchase_shop_item"":0.056344397214434294,""remove_tower"":0.015646196979289137,""reroll"":0.2478068192095505,""select_card_service_card"":0.007868318712128064,""select_treasure"":0.012390340960477525,""start_defense"":0.10916161707515601,""use_inventory_item"":0.044677579813692685}",0,0,0,0,5.789440164,69.154860796
original_R2,a1r-r2-p2,212,137,44.67450841267904,44.39875030517578,206.97916666666666,,,,,,,0.6438878374257849,0.19830198467112,0.6427236512685434,21.4557367672393,0.00811215754455565,,,,,,,,4,0.08036917037306687,0.8947618792836483,1.5619012117385864,0.988812079229128,0.00891827889240514,0.395973829894313,0.2380473074987418,0.11001509813789632,"{""build_tower"":0.11001509813789632,""confirm_card_service_selection"":0.00634121791645697,""continue"":0.395973829894313,""discard_treasure"":0.0008052340211373931,""place_tower"":0.012481127327629592,""purchase_shop_item"":0.051233014594866635,""remove_tower"":0.01389028686462003,""reroll"":0.2380473074987418,""select_card_service_card"":0.00634121791645697,""select_treasure"":0.012783090085556115,""start_defense"":0.11001509813789632,""use_inventory_item"":0.04207347760442879}",0,0,0,0,5.293048583,59.158722192
original_R2,a1r-r2-p2,213,138,49.633814652760826,50.7377986907959,228.89583333333334,,,,,,,0.6523361678264343,0.19221976292370357,0.6423655907775081,21.95411184481761,0.00695987957988109,,,,,,,,4,0.07639830607141174,0.9215378113264261,1.6380479335784912,0.9880550770274649,0.011385842830180948,0.3900973878219714,0.2422863383999272,0.11058523709838901,"{""build_tower"":0.11058523709838901,""confirm_card_service_selection"":0.0077364157640848275,""continue"":0.3900973878219714,""discard_treasure"":0.00227541640120142,""place_tower"":0.006462182579412033,""purchase_shop_item"":0.05479202694093019,""remove_tower"":0.01274233184672795,""reroll"":0.2422863383999272,""select_card_service_card"":0.0077364157640848275,""select_treasure"":0.012924365158824065,""start_defense"":0.11058523709838901,""use_inventory_item"":0.04177664512605807}",0,0,0,0,5.774599706,67.877709511
original_R2,a1r-r2-p2,214,139,47.355382879575096,45.5531005859375,224.125,,,,,,,0.6461419027279791,0.1855131345808445,0.6537801787950271,21.87023399601938,0.008447206500297694,,,,,,,,4,0.08811773255813954,1.0761080398116,12.954048156738281,0.9892097356011611,0.009756887573911266,0.40611637850901655,0.23842721695482433,0.10754787135155233,"{""build_tower"":0.10754787135155233,""confirm_card_service_selection"":0.009016545826361777,""continue"":0.40611637850901655,""discard_treasure"":0.0016731734523145567,""place_tower"":0.004368841792154675,""purchase_shop_item"":0.05289087190927682,""remove_tower"":0.01143335192414947,""reroll"":0.23842721695482433,""select_card_service_card"":0.009202453987730062,""select_treasure"":0.012920617215095742,""start_defense"":0.10754787135155233,""use_inventory_item"":0.03885480572597137}",0,0,0,0,5.567945034,66.95800734
original_R2,a1r-r2-p2,215,140,47.07283973693848,45.73030090332031,219.29166666666666,4.840804651379585,41.075036600232124,36.23423194885254,89,39,0,0.6351606199582391,0.1735482094834063,0.6388578475231216,22.105603631033464,0.008745842388439737,,,,,,,,4,0.08106243803298899,0.9917292492020697,4.049424171447754,0.9884294870449521,0.010056524659462628,0.4190575717271518,0.23950218506555196,0.10915827474824245,"{""build_tower"":0.10915827474824245,""confirm_card_service_selection"":0.00703021090632719,""continue"":0.4190575717271518,""discard_treasure"":0.001330039901197036,""place_tower"":0.0038001140034201026,""purchase_shop_item"":0.04759642789283679,""remove_tower"":0.010925327759832794,""reroll"":0.23950218506555196,""select_card_service_card"":0.00703021090632719,""select_treasure"":0.012825384761542847,""start_defense"":0.10915827474824245,""use_inventory_item"":0.03258597757932738}",0,0,0,0,5.385890971,64.845291534
original_R2,a1r-r2-p2,216,141,47.245972633361816,44.56875038146973,220.14583333333334,,,,,,,0.6038889715657334,0.17586564022680956,0.621876804956368,21.970457863960778,0.00983238290903154,,,,,,,,4,0.08155050091001959,1.0095932180328029,6.1735124588012695,0.9897214006088858,0.009065180906050262,0.4264218794359799,0.23062363963281915,0.10901864294501751,"{""build_tower"":0.10901864294501751,""confirm_card_service_selection"":0.008043910286741743,""continue"":0.4264218794359799,""discard_treasure"":0.0008517081480079493,""place_tower"":0.0010409766253430491,""purchase_shop_item"":0.05034541497113656,""remove_tower"":0.008611715718747043,""reroll"":0.23062363963281915,""select_card_service_card"":0.008043910286741743,""select_treasure"":0.01305952493612189,""start_defense"":0.10901864294501751,""use_inventory_item"":0.03492003406832592}",0,0,0,0,5.367432734,64.1441621
original_R2,a1r-r2-p2,217,142,49.63309144973755,50.0,234.375,,,,,,,0.6189596637732118,0.17809039710122462,0.6369733993302692,22.711232259588353,0.008720323829648309,,,,,,,,4,0.08864010544493794,1.006606989455494,2.204193353652954,0.9886053318851272,0.009159579902188852,0.4130666666666667,0.23626666666666668,0.10764444444444445,"{""build_tower"":0.10764444444444445,""confirm_card_service_selection"":0.006577777777777778,""continue"":0.4130666666666667,""discard_treasure"":0.0016,""place_tower"":0.0013333333333333333,""purchase_shop_item"":0.055466666666666664,""remove_tower"":0.008888888888888889,""reroll"":0.23626666666666668,""select_card_service_card"":0.006666666666666667,""select_treasure"":0.012177777777777777,""start_defense"":0.10764444444444445,""use_inventory_item"":0.042666666666666665}",0,0,0,0,5.989605989,69.748855071
original_R2,a1r-r2-p2,218,143,45.77041880289713,43.74705123901367,213.85416666666666,,,,,,,0.6505948983110281,0.18526174020128763,0.6623816137633672,23.026716804311803,0.008455485135294932,,,,,,,,4,0.08349942829369045,1.0558168942608483,4.233102798461914,0.9902381759221981,0.007955478837929393,0.41354115927910373,0.2379931807111544,0.10881636629322942,"{""build_tower"":0.10881636629322942,""confirm_card_service_selection"":0.008280565026790063,""continue"":0.41354115927910373,""discard_treasure"":0.0013638577691183634,""place_tower"":0.002727715538236727,""purchase_shop_item"":0.049780808572820266,""remove_tower"":0.009059912323429129,""reroll"":0.2379931807111544,""select_card_service_card"":0.008280565026790063,""select_treasure"":0.013054067218704335,""start_defense"":0.10881636629322942,""use_inventory_item"":0.03828543594739406}",0,0,0,0,5.27241684,63.363081487
original_R2,a1r-r2-p2,219,144,49.066918770472206,46.9242000579834,228.85416666666666,,,,,,,0.6489981844401651,0.2050138026037794,0.6457451148781665,22.13688075862407,0.007852484264815779,,,,,,,,4,0.08342489119359227,1.0402387131092161,3.029419422149658,0.990360582877131,0.008008195692402593,0.40336822940373235,0.22985889849795174,0.10905780609922622,"{""build_tower"":0.10905780609922622,""confirm_card_service_selection"":0.007828857532999545,""continue"":0.40336822940373235,""discard_treasure"":0.0015475648611743287,""place_tower"":0.004733727810650888,""purchase_shop_item"":0.05725989986345016,""remove_tower"":0.012198452435138826,""reroll"":0.22985889849795174,""select_card_service_card"":0.007828857532999545,""select_treasure"":0.012744651797906235,""start_defense"":0.10905780609922622,""use_inventory_item"":0.044515248065543925}",0,0,0,0,5.758481143,68.052219007
original_R2,a1r-r2-p2,220,145,49.101521015167236,49.55209922790527,213.0,7.397964999079704,43.63219694793224,36.23423194885254,107,21,0,0.6700741265115087,0.20711862997136363,0.6661153238266706,22.323386994100318,0.00830013364941351,,,,,,,,4,0.08959147133864462,1.0737324584275485,2.6221039295196533,0.9894993176779321,0.009612741167075,0.36551251956181535,0.23992566510172145,0.11717527386541471,"{""build_tower"":0.11717527386541471,""confirm_card_service_selection"":0.010269953051643193,""continue"":0.36551251956181535,""discard_treasure"":0.000782472613458529,""place_tower"":0.008802816901408451,""purchase_shop_item"":0.05995696400625978,""remove_tower"":0.010172143974960876,""reroll"":0.23992566510172145,""select_card_service_card"":0.010269953051643193,""select_treasure"":0.013497652582159625,""start_defense"":0.11717527386541471,""use_inventory_item"":0.046459311424100154}",0,0,0,0,5.450289034,62.880644399
original_R2,a1r-r2-p2,221,146,46.74970165888468,45.19974899291992,208.45833333333334,,,,,,,0.6808853328251978,0.21530075672546034,0.7050312396138907,23.708310634473133,0.010058008286563336,,,,,,,,4,0.09952281611040234,1.0674664191901684,3.7487597465515137,0.9885930849349893,0.009919819139759057,0.3565860483709774,0.25004997001798923,0.11413152108734759,"{""build_tower"":0.11413152108734759,""confirm_card_service_selection"":0.009194483310013992,""continue"":0.3565860483709774,""discard_treasure"":0.0016989806116330202,""place_tower"":0.009694183489906057,""purchase_shop_item"":0.059664201479112534,""remove_tower"":0.01489106536078353,""reroll"":0.25004997001798923,""select_card_service_card"":0.009194483310013992,""select_treasure"":0.013791724965020987,""start_defense"":0.11413152108734759,""use_inventory_item"":0.04697181690985409}",0,0,0,0,5.579118779,62.184580569
original_R2,a1r-r2-p2,222,147,45.729766607284546,44.0,197.35416666666666,,,,,,,0.7272385272793657,0.21840307548022134,0.7653107063746766,23.359829918676386,0.0091476656386093,,,,,,,,4,0.09927528782894737,1.0092629049046848,6.7346272468566895,0.9869029323205248,0.012025438341018008,0.3480418030191069,0.257574158133643,0.1180196347513987,"{""build_tower"":0.1180196347513987,""confirm_card_service_selection"":0.006544917132904043,""continue"":0.3480418030191069,""discard_treasure"":0.000950068616066716,""place_tower"":0.007283859389844822,""purchase_shop_item"":0.05510397973186952,""remove_tower"":0.021851578169534466,""reroll"":0.257574158133643,""select_card_service_card"":0.006544917132904043,""select_treasure"":0.013828776522748866,""start_defense"":0.1180196347513987,""use_inventory_item"":0.046236672648580175}",0,0,0,0,5.296150464,58.721543272
original_R2,a1r-r2-p2,223,148,48.17370192209879,50.27449989318848,209.22916666666666,,,,,,,0.7384582276535482,0.2267255138938581,0.755145150795579,23.23063647309274,0.009193410577347549,,,,,,,,4,0.09379344875924289,1.07607963681221,6.44720458984375,0.9878853429008123,0.010479153928463348,0.3476052972219456,0.2531116200338544,0.11689734143184308,"{""build_tower"":0.11689734143184308,""confirm_card_service_selection"":0.007766603604500647,""continue"":0.3476052972219456,""discard_treasure"":0.0008961465697500747,""place_tower"":0.0052773075774171065,""purchase_shop_item"":0.05864781439808822,""remove_tower"":0.02270237976700189,""reroll"":0.2531116200338544,""select_card_service_card"":0.007766603604500647,""select_treasure"":0.013840485910584486,""start_defense"":0.11689734143184308,""use_inventory_item"":0.04859105844867072}",0,0,0,0,5.388960007,62.086060815
original_R2,a1r-r2-p2,224,149,48.02122914791107,49.546199798583984,209.5,,,,,,,0.7402231774090412,0.2255777247694741,0.7375810466706753,22.747837087192597,0.007730724131579336,,,,,,,,4,0.08821885853540153,0.9970505926758051,2.5126588344573975,0.9868069187834169,0.010309853004582693,0.3347255369928401,0.25198886237072393,0.11644789180588704,"{""build_tower"":0.11644789180588704,""confirm_card_service_selection"":0.010540970564836914,""continue"":0.3347255369928401,""discard_treasure"":0.0017899761336515514,""place_tower"":0.007657120127287192,""purchase_shop_item"":0.06384248210023866,""remove_tower"":0.021280827366746222,""reroll"":0.25198886237072393,""select_card_service_card"":0.010540970564836914,""select_treasure"":0.013524264120922832,""start_defense"":0.11644789180588704,""use_inventory_item"":0.05121320604614161}",0,0,0,0,5.515898216,62.945419324
original_R2,a1r-r2-p2,225,150,47.664416551589966,48.53215026855469,197.875,7.996329739689827,44.230561688542366,36.23423194885254,107,21,0,0.7739620659796342,0.23060307195487875,0.7786353697118006,23.575264338708784,0.008516824077871302,,,,,,,,4,0.08640008233487606,1.0284753257506771,3.647496223449707,0.9880378491474807,0.011036734798261406,0.31217098336491894,0.27742682670035795,0.12234154558854496,"{""build_tower"":0.12234154558854496,""confirm_card_service_selection"":0.007475257949041903,""continue"":0.31217098336491894,""discard_treasure"":0.0012634238787113076,""place_tower"":0.0049484101916192885,""purchase_shop_item"":0.062434196672983784,""remove_tower"":0.014739945251631923,""reroll"":0.27742682670035795,""select_card_service_card"":0.007475257949041903,""select_treasure"":0.013897662665824383,""start_defense"":0.12234154558854496,""use_inventory_item"":0.05348494419877869}",0,0,0,0,5.523450105,60.567953899
original_R2,a1r-r2-p2,226,151,47.5610249042511,45.552799224853516,202.47916666666666,,,,,,,0.769945684182664,0.21512773559317896,0.7699526101350784,23.220641641248363,0.006991610589944972,,,,,,,,4,0.07598792418445412,1.0048180987176143,2.209956407546997,0.9871461263228815,0.011125587300691558,0.32225537606749666,0.27451383887231195,0.11925095174400659,"{""build_tower"":0.11925095174400659,""confirm_card_service_selection"":0.007511060808725177,""continue"":0.32225537606749666,""discard_treasure"":0.001234694927461673,""place_tower"":0.004938779709846692,""purchase_shop_item"":0.06286655005659018,""remove_tower"":0.013067187982302705,""reroll"":0.27451383887231195,""select_card_service_card"":0.007511060808725177,""select_treasure"":0.01399320917789896,""start_defense"":0.11925095174400659,""use_inventory_item"":0.053606338100627635}",0,0,0,0,5.606768563,59.794130273
original_R2,a1r-r2-p2,227,152,48.747152050336204,46.75629997253418,208.5625,,,,,,,0.7414681729825822,0.21151305626684386,0.7447127871215343,23.523714835627917,0.007570470240227678,,,,,,,,4,0.08422580296173691,0.9685125224292278,2.657860040664673,0.9853643263317283,0.011684573642560281,0.326141244630906,0.2698032164618919,0.11876935371091799,"{""build_tower"":0.11876935371091799,""confirm_card_service_selection"":0.00909000099890121,""continue"":0.326141244630906,""discard_treasure"":0.0009989012086704626,""place_tower"":0.0026970332634102486,""purchase_shop_item"":0.0652282489261812,""remove_tower"":0.012686045350114873,""reroll"":0.2698032164618919,""select_card_service_card"":0.00909000099890121,""select_treasure"":0.014184397163120567,""start_defense"":0.11876935371091799,""use_inventory_item"":0.05254220357606633}",0,0,0,0,5.684189111,62.174493561
original_R2,a1r-r2-p2,228,153,47.07629986604055,44.10224914550781,209.375,,,,,,,0.7291477306931842,0.21494824485380748,0.7268780987709761,23.76716011325373,0.007308141774160504,,,,,,,,4,0.08253654716536403,0.9850377857685089,2.067800521850586,0.9881199349298996,0.009345458113239146,0.35054726368159206,0.26119402985074625,0.11422885572139303,"{""build_tower"":0.11422885572139303,""confirm_card_service_selection"":0.007562189054726368,""continue"":0.35054726368159206,""discard_treasure"":0.0012935323383084577,""place_tower"":0.003482587064676617,""purchase_shop_item"":0.059402985074626866,""remove_tower"":0.01771144278606965,""reroll"":0.26119402985074625,""select_card_service_card"":0.007661691542288557,""select_treasure"":0.012835820895522388,""start_defense"":0.11422885572139303,""use_inventory_item"":0.049850746268656716}",0,0,0,0,5.622332135,62.653049688
original_R2,a1r-r2-p2,229,154,47.5935271581014,46.283050537109375,208.70833333333334,,,,,,,0.7252683065695356,0.20463407385065727,0.7294445239007473,24.516820130762476,0.006630959279823401,,,,,,,,4,0.0785960478358902,0.958480579406023,3.939775228500366,0.9882446889842728,0.009361876937327906,0.3434817328808145,0.26801756837692153,0.11549211419444999,"{""build_tower"":0.11549211419444999,""confirm_card_service_selection"":0.007087242962667199,""continue"":0.3434817328808145,""discard_treasure"":0.0016969454981034138,""place_tower"":0.004192453583549611,""purchase_shop_item"":0.05869435016969455,""remove_tower"":0.016570173687362747,""reroll"":0.26801756837692153,""select_card_service_card"":0.007087242962667199,""select_treasure"":0.013475743661409464,""start_defense"":0.11549211419444999,""use_inventory_item"":0.04871231782790976}",0,0,0,0,5.816472225,60.549386917
original_R2,a1r-r2-p2,230,155,47.5076227982839,47.465200424194336,213.625,7.048368081450462,43.282600030303,36.23423194885254,102,26,0,0.7270940080362936,0.2084919932240186,0.7314240310977145,23.774950469006182,0.008353007441189952,,,,,,,,4,0.08763882849456334,0.9986798934093336,6.626272201538086,0.9896087899811855,0.01001561200104245,0.3535205773356739,0.2729666471620831,0.11273649307587283,"{""build_tower"":0.11273649307587283,""confirm_card_service_selection"":0.00682660425199922,""continue"":0.3535205773356739,""discard_treasure"":0.0011702750146284377,""place_tower"":0.0021455041934854693,""purchase_shop_item"":0.05344255900136532,""remove_tower"":0.0186268773161693,""reroll"":0.2729666471620831,""select_card_service_card"":0.00682660425199922,""select_treasure"":0.013263116832455627,""start_defense"":0.11273649307587283,""use_inventory_item"":0.04573824848839477}",0,0,0,0,5.72990676,62.520535237
original_R2,a1r-r2-p2,231,156,45.372010588645935,43.66254997253418,198.375,,,,,,,0.7376778069210207,0.2161185596815815,0.7372954887779135,23.536565031525534,0.008590079224512394,,,,,,,,4,0.07620168587585029,0.9243662522027367,2.182579278945923,0.9851987138494215,0.011887845224823411,0.3376391514387734,0.27504725897920607,0.11646712875446334,"{""build_tower"":0.11646712875446334,""confirm_card_service_selection"":0.0058811174123083385,""continue"":0.3376391514387734,""discard_treasure"":0.001260239445494644,""place_tower"":0.0017853392144507457,""purchase_shop_item"":0.05671077504725898,""remove_tower"":0.018588531821046,""reroll"":0.27504725897920607,""select_card_service_card"":0.0058811174123083385,""select_treasure"":0.013547574039067423,""start_defense"":0.11646712875446334,""use_inventory_item"":0.050724637681159424}",0,0,0,0,5.588486167,59.223177795
original_R2,a1r-r2-p2,232,157,49.770904302597046,49.82354927062988,221.875,,,,,,,0.7309094344399826,0.21123942995490508,0.7258952345166888,23.476259196729256,0.006944872805152478,,,,,,,,4,0.07832912998717456,0.9184255266473407,1.9789702892303467,0.9875667726511314,0.010711420690529935,0.3402816901408451,0.2684507042253521,0.11408450704225352,"{""build_tower"":0.11408450704225352,""confirm_card_service_selection"":0.006197183098591549,""continue"":0.3402816901408451,""discard_treasure"":0.0013145539906103286,""place_tower"":0.0009389671361502347,""purchase_shop_item"":0.06291079812206572,""remove_tower"":0.01868544600938967,""reroll"":0.2684507042253521,""select_card_service_card"":0.006197183098591549,""select_treasure"":0.013521126760563381,""start_defense"":0.11408450704225352,""use_inventory_item"":0.05333333333333334}",0,0,0,0,5.958594299,66.027063433
original_R2,a1r-r2-p2,233,158,48.66076270739237,45.45974922180176,217.33333333333334,,,,,,,0.7218704714748447,0.22829065913984414,0.7192591105292483,23.579747995541293,0.00751898360551156,,,,,,,,4,0.08015752031763153,0.9491777020256694,1.7249939441680908,0.9873280293854366,0.01016336981854515,0.3530483128834356,0.25901073619631904,0.11378450920245399,"{""build_tower"":0.11378450920245399,""confirm_card_service_selection"":0.0072852760736196315,""continue"":0.3530483128834356,""discard_treasure"":0.001246165644171779,""place_tower"":0.0013420245398773007,""purchase_shop_item"":0.06096625766871166,""remove_tower"":0.016487730061349692,""reroll"":0.25901073619631904,""select_card_service_card"":0.0072852760736196315,""select_treasure"":0.013420245398773007,""start_defense"":0.11378450920245399,""use_inventory_item"":0.05233895705521473}",0,0,0,0,5.717873632,65.813145452
original_R2,a1r-r2-p2,234,159,47.36989382902781,47.38309860229492,204.08333333333334,,,,,,,0.7008823052094301,0.2206288729188494,0.6939362146151371,22.996015131660332,0.007138983325067108,,,,,,,,4,0.07517616426906525,0.9170030074623915,2.362241744995117,0.9879399827809372,0.009983127787470436,0.3477950183748469,0.26286239281339324,0.1180073499387505,"{""build_tower"":0.1180073499387505,""confirm_card_service_selection"":0.006022866476112699,""continue"":0.3477950183748469,""discard_treasure"":0.0010208248264597796,""place_tower"":0.0012249897917517355,""purchase_shop_item"":0.057778685177623516,""remove_tower"":0.017251939567170273,""reroll"":0.26286239281339324,""select_card_service_card"":0.006022866476112699,""select_treasure"":0.013781135157207023,""start_defense"":0.1180073499387505,""use_inventory_item"":0.05022458146182115}",0,0,0,0,5.572711378,61.301908867
original_R2,a1r-r2-p2,235,160,49.15024367968241,47.46784973144531,217.625,7.157674238085747,43.391906186938286,36.23423194885254,100,27,1,0.6769874696728576,0.21019887231312032,0.6799971457661652,22.617922484275972,0.005762667669686624,,,,,,,,4,0.06737101882150988,0.9153876151980423,2.3702237606048584,0.987887467383742,0.009032869444614866,0.35736166953857934,0.2558874210224009,0.11458931648477887,"{""build_tower"":0.11458931648477887,""confirm_card_service_selection"":0.006318207926479035,""continue"":0.35736166953857934,""discard_treasure"":0.0011487650775416428,""place_tower"":0.0009573042312847023,""purchase_shop_item"":0.060884549109707066,""remove_tower"":0.015029676431169826,""reroll"":0.2558874210224009,""select_card_service_card"":0.006318207926479035,""select_treasure"":0.013785180930499713,""start_defense"":0.11458931648477887,""use_inventory_item"":0.053130384836300976}",0,0,0,0,5.919810111,66.243621704
original_R2,a1r-r2-p2,236,161,49.01357742150625,48.98870086669922,214.52083333333334,,,,,,,0.6753875070215745,0.1961829405391764,0.6711679678864595,22.534412291455844,0.006046390054640452,,,,,,,,4,0.0694153328403467,0.87297421584769,2.1497092247009277,0.986632833883183,0.011797745927895715,0.35825968728755947,0.2604642128775371,0.11595610371952995,"{""build_tower"":0.11595610371952995,""confirm_card_service_selection"":0.006506749538700592,""continue"":0.35825968728755947,""discard_treasure"":0.0010682723123239778,""place_tower"":0.00038846265902690104,""purchase_shop_item"":0.05836651451879188,""remove_tower"":0.01291638341264446,""reroll"":0.2604642128775371,""select_card_service_card"":0.006506749538700592,""select_treasure"":0.013596193065941536,""start_defense"":0.11595610371952995,""use_inventory_item"":0.05001456734971351}",0,0,0,0,5.673649643,62.763636088
original_R2,a1r-r2-p2,237,162,47.24919788042704,48.44579887390137,203.79166666666666,,,,,,,0.6662608840967298,0.2001456256984143,0.6752496778200834,22.914696723581983,0.006274513012181743,,,,,,,,4,0.07040987801379882,0.9248529575192012,2.4970312118530273,0.9875589748659853,0.010633153160317587,0.36096912696790023,0.258842772439174,0.11746064199550194,"{""build_tower"":0.11746064199550194,""confirm_card_service_selection"":0.006747086485381313,""continue"":0.36096912696790023,""discard_treasure"":0.0008178286648947046,""place_tower"":0.0005111429155591903,""purchase_shop_item"":0.05428337763238601,""remove_tower"":0.01594765896544674,""reroll"":0.258842772439174,""select_card_service_card"":0.006747086485381313,""select_treasure"":0.013903087303209978,""start_defense"":0.11746064199550194,""use_inventory_item"":0.04630954814966264}",0,0,0,0,5.237403296,58.900207787
original_R2,a1r-r2-p2,238,163,50.728862365086876,52.665449142456055,231.47916666666666,,,,,,,0.6531941209486172,0.19386374709933796,0.6427755213596604,23.193104871402305,0.006284383607852429,,,,,,,,4,0.07125458544628187,0.8287049438804388,2.0405125617980957,0.9894316048607658,0.010469756404001435,0.38304383043830437,0.24786247862478625,0.1114211142111421,"{""build_tower"":0.1114211142111421,""confirm_card_service_selection"":0.0072000720007200075,""continue"":0.38304383043830437,""discard_treasure"":0.0016200162001620017,""place_tower"":0.00018000180001800017,""purchase_shop_item"":0.05976059760597606,""remove_tower"":0.01053010530105301,""reroll"":0.24786247862478625,""select_card_service_card"":0.0072000720007200075,""select_treasure"":0.012870128701287013,""start_defense"":0.1114211142111421,""use_inventory_item"":0.046890468904689044}",0,0,0,0,6.169290541,67.703642445
original_R2,a1r-r2-p2,239,164,48.656827529271446,44.92259979248047,227.8125,,,,,,,0.6624377911206659,0.18806147573589757,0.660776709747869,24.553485847417445,0.0068142551884849065,,,,,,,,4,0.07294099078362071,0.9001690131980319,2.565690755844116,0.9886770930818749,0.009448183205000363,0.3795153177869227,0.25349794238683127,0.10809327846364883,"{""build_tower"":0.10809327846364883,""confirm_card_service_selection"":0.00722450845907636,""continue"":0.3795153177869227,""discard_treasure"":0.0012802926383173297,""place_tower"":0.00027434842249657066,""purchase_shop_item"":0.05898491083676269,""remove_tower"":0.014906264288980339,""reroll"":0.25349794238683127,""select_card_service_card"":0.00722450845907636,""select_treasure"":0.012711476909007773,""start_defense"":0.10809327846364883,""use_inventory_item"":0.04819387288523091}",0,0,0,0,6.105319214,67.155033076
original_R2,a1r-r2-p2,240,165,46.72613946596781,46.939199447631836,210.20833333333334,6.65275713801384,42.88698908686638,36.23423194885254,101,27,0,0.7001874230534652,0.19098671990710725,0.712176688760519,24.605554666042558,0.007859289527414149,,,,,,,,4,0.07616081959567964,0.9318003427237272,2.2332873344421387,0.9885370215164787,0.011920418750378303,0.3730426164519326,0.2595639246778989,0.11268582755203171,"{""build_tower"":0.11268582755203171,""confirm_card_service_selection"":0.005946481665014866,""continue"":0.3730426164519326,""discard_treasure"":0.0009910802775024777,""place_tower"":9.910802775024777e-05,""purchase_shop_item"":0.0512388503468781,""remove_tower"":0.02269573835480674,""reroll"":0.2595639246778989,""select_card_service_card"":0.005946481665014866,""select_treasure"":0.013280475718533202,""start_defense"":0.11268582755203171,""use_inventory_item"":0.04182358771060456}",0,0,0,0,5.39351814,59.794251652
original_R2,a1r-r2-p2,241,166,51.0093811750412,52.286550521850586,233.875,,,,,,,0.6857059703069425,0.20729651467761492,0.6831520738249476,24.364031734770563,0.008044148997958639,,,,,,,,4,0.08524824560365894,0.9384566359221935,2.4091596603393555,0.9893591739603387,0.00916277270086787,0.3696775342953857,0.24906467129877072,0.11054694459290931,"{""build_tower"":0.11054694459290931,""confirm_card_service_selection"":0.00694815606627472,""continue"":0.3696775342953857,""discard_treasure"":0.0015143417067521824,""place_tower"":0.0013361838588989846,""purchase_shop_item"":0.05905932656333512,""remove_tower"":0.02244788882950294,""reroll"":0.24906467129877072,""select_card_service_card"":0.00694815606627472,""select_treasure"":0.01300552289328345,""start_defense"":0.11054694459290931,""use_inventory_item"":0.048904329235702836}",0,0,0,0,6.153204967,68.644431813
original_R2,a1r-r2-p2,242,167,50.23761852582296,51.728200912475586,232.54166666666666,,,,,,,0.6826103236132763,0.1990437011384354,0.6837298941205848,24.638669427228145,0.009785939504333575,,,,,,,,4,0.087951732206751,1.0065375745973804,5.616440296173096,0.9901809340493994,0.009231629985151812,0.3763662426088515,0.2536283820103924,0.10965776742519262,"{""build_tower"":0.10965776742519262,""confirm_card_service_selection"":0.007167174341515857,""continue"":0.3763662426088515,""discard_treasure"":0.0009854864719584303,""place_tower"":0.0014334348683031715,""purchase_shop_item"":0.05554560114674789,""remove_tower"":0.020695215911127038,""reroll"":0.2536283820103924,""select_card_service_card"":0.007167174341515857,""select_treasure"":0.012452965418383801,""start_defense"":0.10965776742519262,""use_inventory_item"":0.04524278803081885}",0,0,0,0,5.874026822,67.633896026
original_R2,a1r-r2-p2,243,168,48.53336441516876,49.05094909667969,225.14583333333334,,,,,,,0.6912672259585712,0.18685620333419942,0.6876188163147416,25.235275683026444,0.007824886130397635,,,,,,,,4,0.08875735001205358,0.9203645074090292,1.7291979789733887,0.9904694679949285,0.008977431081083799,0.3674470250763394,0.26047931895993337,0.10937355417784769,"{""build_tower"":0.10937355417784769,""confirm_card_service_selection"":0.007032478948829462,""continue"":0.3674470250763394,""discard_treasure"":0.001110391412973073,""place_tower"":0.0008327935597298048,""purchase_shop_item"":0.05644489682613121,""remove_tower"":0.022022763023965948,""reroll"":0.26047931895993337,""select_card_service_card"":0.007032478948829462,""select_treasure"":0.01276950124919034,""start_defense"":0.10937355417784769,""use_inventory_item"":0.04608124363838253}",0,0,0,0,5.838941959,64.343582426
original_R2,a1r-r2-p2,244,169,47.70855633417765,49.834699630737305,224.33333333333334,,,,,,,0.6729368799583533,0.1917780076490937,0.6816078576930734,25.28443828778483,0.009378674036640383,,,,,,,,4,0.08700490552325581,0.9839973934861117,6.426789283752441,0.9861246850919632,0.01126100148106817,0.3940378900445765,0.24962852897473997,0.10800520059435365,"{""build_tower"":0.10800520059435365,""confirm_card_service_selection"":0.005572065378900446,""continue"":0.3940378900445765,""discard_treasure"":0.001114413075780089,""place_tower"":0.0005572065378900445,""purchase_shop_item"":0.05005572065378901,""remove_tower"":0.02451708766716196,""reroll"":0.24962852897473997,""select_card_service_card"":0.005572065378900446,""select_treasure"":0.012444279346210995,""start_defense"":0.10800520059435365,""use_inventory_item"":0.04049034175334324}",0,0,0,0,5.607529399,65.480981469
original_R2,a1r-r2-p2,245,170,46.30043971538544,44.0,216.14583333333334,6.028300002217293,42.26253195106983,36.23423194885254,96,32,0,0.7023777581684607,0.20105417358027822,0.6993288147013362,25.454594129621743,0.007755477376610166,,,,,,,,4,0.08201537092738762,1.0833938041838205,12.183749198913574,0.9869053827548562,0.01177779064093512,0.3691566265060241,0.260433734939759,0.10891566265060242,"{""build_tower"":0.10891566265060242,""confirm_card_service_selection"":0.006457831325301205,""continue"":0.3691566265060241,""discard_treasure"":0.0010602409638554217,""place_tower"":0.0001927710843373494,""purchase_shop_item"":0.05262650602409639,""remove_tower"":0.029204819277108433,""reroll"":0.260433734939759,""select_card_service_card"":0.006457831325301205,""select_treasure"":0.012819277108433735,""start_defense"":0.10891566265060242,""use_inventory_item"":0.043759036144578316}",0,0,0,0,5.593127971,62.406659237
original_R2,a1r-r2-p2,246,171,49.55129587650299,49.35390090942383,218.77083333333334,,,,,,,0.6908606793557184,0.20505351646387676,0.679885073077111,26.51625003512814,0.008403606153002502,,,,,,,,4,0.08129185269631091,1.0137601803456033,2.510716438293457,0.9876173315057585,0.010691336730988474,0.333301590324731,0.2610227597371679,0.11494143414912865,"{""build_tower"":0.11494143414912865,""confirm_card_service_selection"":0.007332634987144081,""continue"":0.333301590324731,""discard_treasure"":0.0014284353871059899,""place_tower"":0.00019045805161413198,""purchase_shop_item"":0.06227978287782116,""remove_tower"":0.03352061708408723,""reroll"":0.2610227597371679,""select_card_service_card"":0.007332634987144081,""select_treasure"":0.013236834587182174,""start_defense"":0.11494143414912865,""use_inventory_item"":0.05047138367774498}",0,0,0,0,5.890939882,62.366416838
original_R2,a1r-r2-p2,247,172,46.53704579671224,46.2893009185791,221.91666666666666,,,,,,,0.6940149346511809,0.19945349954172364,0.6824491013373647,25.535586590158918,0.008654431433049987,,,,,,,,4,0.08709292013996414,0.9492622660029502,1.926991581916809,0.9876287925180353,0.012116956255686958,0.3761734885467518,0.255914382275629,0.10627112279384153,"{""build_tower"":0.10627112279384153,""confirm_card_service_selection"":0.005726624108148705,""continue"":0.3761734885467518,""discard_treasure"":0.0010326699211415697,""place_tower"":0.0001877581674802854,""purchase_shop_item"":0.051070221554637626,""remove_tower"":0.03680060082613594,""reroll"":0.255914382275629,""select_card_service_card"":0.005726624108148705,""select_treasure"":0.012392039053698836,""start_defense"":0.10627112279384153,""use_inventory_item"":0.0424333458505445}",0,0,0,0,5.613997596,63.25387604
original_R2,a1r-r2-p2,248,173,49.571318785349526,49.28005027770996,235.375,,,,,,,0.6517377504461294,0.18387317619483462,0.6502446235881911,24.28207452512365,0.007470751761078671,,,,,,,,4,0.08194955066881246,0.9326995117796792,2.0465335845947266,0.9876424036525409,0.01224213087051693,0.37449106036466634,0.2539387502212781,0.10683306779961055,"{""build_tower"":0.10683306779961055,""confirm_card_service_selection"":0.00725792175606302,""continue"":0.37449106036466634,""discard_treasure"":0.0013276686139139671,""place_tower"":0.0,""purchase_shop_item"":0.05682421667551779,""remove_tower"":0.028943175783324483,""reroll"":0.2539387502212781,""select_card_service_card"":0.00725792175606302,""select_treasure"":0.012391573729863693,""start_defense"":0.10683306779961055,""use_inventory_item"":0.04390157550008851}",0,0,0,0,5.992173424,67.60367033
original_R2,a1r-r2-p2,249,174,48.04221884409586,46.74774932861328,225.45833333333334,,,,,,,0.6895266291498705,0.1812298802119701,0.6819961587356966,26.09761195562259,0.008463369168418658,,,,,,,,4,0.09125441243482191,0.9903119351974753,2.4551913738250732,0.9907613057511391,0.009722369912535299,0.3633339493624099,0.26584734799482534,0.10811310293845869,"{""build_tower"":0.10811310293845869,""confirm_card_service_selection"":0.006837922749953798,""continue"":0.3633339493624099,""discard_treasure"":0.001386065422287932,""place_tower"":0.0002772130844575864,""purchase_shop_item"":0.05470338199963038,""remove_tower"":0.027906117168730364,""reroll"":0.26584734799482534,""select_card_service_card"":0.006837922749953798,""select_treasure"":0.012844206246534836,""start_defense"":0.10811310293845869,""use_inventory_item"":0.04379966734429865}",0,0,0,0,5.813197146,65.293603958
original_R2,a1r-r2-p2,250,175,49.435079177220665,51.637699127197266,229.79166666666666,6.974679723381996,43.208911672234535,36.23423194885254,99,29,0,0.665909395488941,0.1816966855487286,0.6661442182958126,25.432248002944508,0.00857392887674409,,,,,,,,4,0.08713802627541802,1.0911332240158862,11.620388984680176,0.9912493300848684,0.009068505409893325,0.37098821396192205,0.24950135992747052,0.10906618313689936,"{""build_tower"":0.10906618313689936,""confirm_card_service_selection"":0.008612873980054397,""continue"":0.37098821396192205,""discard_treasure"":0.0013599274705349048,""place_tower"":0.00036264732547597464,""purchase_shop_item"":0.05729827742520399,""remove_tower"":0.029193109700815956,""reroll"":0.24950135992747052,""select_card_service_card"":0.008612873980054397,""select_treasure"":0.012692656391659111,""start_defense"":0.10906618313689936,""use_inventory_item"":0.043245693563009974}",0,0,0,0,5.805404022,65.945227928
original_R2,a1r-r2-p2,251,176,48.19299805164337,48.14474868774414,234.64583333333334,,,,,,,0.6664082119241312,0.1866906052834549,0.6571741198951547,25.455436813606013,0.008158628017626639,,,,,,,,4,0.0840803775724701,0.9339245666157115,2.010584831237793,0.990802145369526,0.009058049935530025,0.39119239989345644,0.2530409304803338,0.10450146497380805,"{""build_tower"":0.10450146497380805,""confirm_card_service_selection"":0.006392612980555802,""continue"":0.39119239989345644,""discard_treasure"":0.0008878629139660836,""place_tower"":0.00017757258279321673,""purchase_shop_item"":0.0509633312616532,""remove_tower"":0.02929947616088076,""reroll"":0.2530409304803338,""select_card_service_card"":0.006392612980555802,""select_treasure"":0.012252508212731954,""start_defense"":0.10450146497380805,""use_inventory_item"":0.040397762585456805}",0,0,0,0,5.942292784,65.529710661
original_R2,a1r-r2-p2,252,177,47.6383771498998,46.02994918823242,232.375,,,,,,,0.6579487658904948,0.18160936827218802,0.6688738604160872,24.500980271557236,0.008799661722853423,,,,,,,,4,0.09381627977233041,0.9134983135895296,2.1369972229003906,0.9916955126341949,0.008166702908717773,0.4128563743948359,0.24807244038013268,0.1043571812802582,"{""build_tower"":0.1043571812802582,""confirm_card_service_selection"":0.006544737313968083,""continue"":0.4128563743948359,""discard_treasure"":0.0008965393580778196,""place_tower"":8.965393580778196e-05,""purchase_shop_item"":0.046620046620046623,""remove_tower"":0.022234176080329928,""reroll"":0.24807244038013268,""select_card_service_card"":0.006544737313968083,""select_treasure"":0.012192935269858346,""start_defense"":0.1043571812802582,""use_inventory_item"":0.03523399677245831}",0,0,0,0,5.449917707,68.042567609
original_R2,a1r-r2-p2,253,178,49.647672851880394,48.132850646972656,238.0625,,,,,,,0.6561490452987089,0.17987668223787023,0.6742982980277803,24.99351739592628,0.006733272969278106,,,,,,,,4,0.07513859596931272,0.891419046289391,1.5731018781661987,0.989649198614323,0.009493390429351064,0.3931040518071235,0.25124704646888946,0.10615209591318807,"{""build_tower"":0.10615209591318807,""confirm_card_service_selection"":0.0062133543362212305,""continue"":0.3931040518071235,""discard_treasure"":0.0015752165922814387,""place_tower"":0.0,""purchase_shop_item"":0.054519996499518684,""remove_tower"":0.01916513520609084,""reroll"":0.25124704646888946,""select_card_service_card"":0.0062133543362212305,""select_treasure"":0.012339196639537937,""start_defense"":0.10615209591318807,""use_inventory_item"":0.043318456287739567}",0,0,0,0,6.227544688,70.642996569
original_R2,a1r-r2-p2,254,179,48.07717728614807,48.834550857543945,226.35416666666666,,,,,,,0.6824648926377195,0.19096900009623075,0.6704363112532815,25.362332258596403,0.007214688713353352,,,,,,,,4,0.08156517704645562,0.9138619619053464,2.2585761547088623,0.9878131960035497,0.012221749219501954,0.3936493327197423,0.24868844914864244,0.1077772664519098,"{""build_tower"":0.1077772664519098,""confirm_card_service_selection"":0.006902899217671422,""continue"":0.3936493327197423,""discard_treasure"":0.0011044638748274275,""place_tower"":0.0,""purchase_shop_item"":0.05080533824206167,""remove_tower"":0.02393005062126093,""reroll"":0.24868844914864244,""select_card_service_card"":0.006902899217671422,""select_treasure"":0.012885411872986655,""start_defense"":0.1077772664519098,""use_inventory_item"":0.039576622181316155}",0,0,0,0,5.7915295669999995,67.685095651
original_R2,a1r-r2-p2,255,180,47.21757062276205,46.59724998474121,217.54166666666666,6.271083682775497,42.50531563162804,36.23423194885254,93,35,0,0.6966041547553596,0.19910531436776102,0.7147109573934136,26.302828086227922,0.008320912634078966,,,,,,,,4,0.08763805354332052,0.8708683606691476,1.7745201587677002,0.9914808473899592,0.009184284760366852,0.3814403371001724,0.2571346485347635,0.11022792568473473,"{""build_tower"":0.11022792568473473,""confirm_card_service_selection"":0.006224861137713082,""continue"":0.3814403371001724,""discard_treasure"":0.000861903849837196,""place_tower"":0.0002873012832790653,""purchase_shop_item"":0.04989465619613101,""remove_tower"":0.02556981421183681,""reroll"":0.2571346485347635,""select_card_service_card"":0.006224861137713082,""select_treasure"":0.012641256464278874,""start_defense"":0.11022792568473473,""use_inventory_item"":0.03926450871480559}",0,0,0,0,5.343678441,62.153056534
original_R2,a1r-r2-p2,256,181,48.36306063334147,48.423500061035156,242.66666666666666,,,,,,,0.6926384773379298,0.19775286457575084,0.6838019341230392,25.71009345873887,0.007665028715663262,,,,,,,,4,0.08307150135869565,0.8965743415705536,2.3262739181518555,0.9884541909773116,0.011491467680215188,0.40582074175824173,0.24811126373626374,0.10104739010989011,"{""build_tower"":0.10104739010989011,""confirm_card_service_selection"":0.005151098901098901,""continue"":0.40582074175824173,""discard_treasure"":0.0009443681318681319,""place_tower"":0.00025755494505494506,""purchase_shop_item"":0.04799107142857143,""remove_tower"":0.033911401098901096,""reroll"":0.24811126373626374,""select_card_service_card"":0.005151098901098901,""select_treasure"":0.01193337912087912,""start_defense"":0.10104739010989011,""use_inventory_item"":0.03863324175824176}",0,0,0,0,5.808465418,66.652787323
original_R2,a1r-r2-p2,257,182,46.41373745600382,44.29775047302246,231.6875,,,,,,,0.7000675191812283,0.20355091651975538,0.6928086040372198,25.68799406906134,0.007986586725704374,,,,,,,,4,0.08679326886141842,0.9152923050251874,1.643713355064392,0.9881555364232278,0.012462035123131831,0.38935347540688786,0.2527650391151875,0.10187932739861523,"{""build_tower"":0.10187932739861523,""confirm_card_service_selection"":0.006474237928243863,""continue"":0.38935347540688786,""discard_treasure"":0.0017084794532865749,""place_tower"":0.0,""purchase_shop_item"":0.05323262296556065,""remove_tower"":0.03282078949734736,""reroll"":0.2527650391151875,""select_card_service_card"":0.006474237928243863,""select_treasure"":0.011689596259329197,""start_defense"":0.10187932739861523,""use_inventory_item"":0.041722866648682674}",0,0,0,0,5.633802169,65.737923952
original_R2,a1r-r2-p2,258,183,47.38076643149058,44.839599609375,226.35416666666666,,,,,,,0.6625111072820037,0.1901831225484289,0.6762905366892038,25.633688379032943,0.007411345498233691,,,,,,,,4,0.07828136254101992,0.9217864538347998,1.56666100025177,0.9887324756930183,0.010103482463353769,0.38821905200184076,0.2529222273354809,0.10694891854578924,"{""build_tower"":0.10694891854578924,""confirm_card_service_selection"":0.00616658996778647,""continue"":0.38821905200184076,""discard_treasure"":0.0008283479061205706,""place_tower"":0.0,""purchase_shop_item"":0.04924068108605614,""remove_tower"":0.03138518177634606,""reroll"":0.2529222273354809,""select_card_service_card"":0.00616658996778647,""select_treasure"":0.012609295904279798,""start_defense"":0.10694891854578924,""use_inventory_item"":0.03856419696272435}",0,0,0,0,5.584937478,64.415539434
original_R2,a1r-r2-p2,259,184,45.87266687552134,46.928199768066406,224.33333333333334,,,,,,,0.6859735306335586,0.20200454944895463,0.6791437987324803,26.017445175240578,0.008122645401959575,,,,,,,,4,0.08843568313953488,1.0067044344059257,6.778495788574219,0.9876667919056054,0.011682367897159311,0.39877414561664193,0.2513930163447251,0.10429049034175335,"{""build_tower"":0.10429049034175335,""confirm_card_service_selection"":0.006222139673105497,""continue"":0.39877414561664193,""discard_treasure"":0.0007429420505200594,""place_tower"":9.286775631500742e-05,""purchase_shop_item"":0.04671248142644874,""remove_tower"":0.033989598811292716,""reroll"":0.2513930163447251,""select_card_service_card"":0.006222139673105497,""select_treasure"":0.012072808320950966,""start_defense"":0.10429049034175335,""use_inventory_item"":0.035196879643387816}",0,0,0,0,5.374630685,62.500622952
original_R2,a1r-r2-p2,260,185,50.050939639409386,51.474599838256836,244.5,8.494628235697746,44.728860184550285,36.23423194885254,104,24,0,0.6511692607234609,0.20113162078633845,0.646600313808607,25.478703626768752,0.006958559125005986,,,,,,,,4,0.080040383476602,0.9540592121041339,2.976510524749756,0.9888476796115699,0.009288706477609989,0.39843217450579416,0.24037150647580097,0.10412406271301977,"{""build_tower"":0.10412406271301977,""confirm_card_service_selection"":0.006731424676209952,""continue"":0.39843217450579416,""discard_treasure"":0.001959781867757328,""place_tower"":0.00034083162917518747,""purchase_shop_item"":0.053340149965916836,""remove_tower"":0.028715064758009543,""reroll"":0.24037150647580097,""select_card_service_card"":0.006731424676209952,""select_treasure"":0.012014314928425357,""start_defense"":0.10412406271301977,""use_inventory_item"":0.043115201090661213}",0,0,0,0,5.976228574,67.764909618
original_R2,a1r-r2-p2,261,186,47.614952087402344,44.57740020751953,238.875,,,,,,,0.6651209136909578,0.19641064002553044,0.6760028276178572,26.16026477034779,0.006979209137777313,,,,,,,,4,0.07779733050200674,0.8643492549657822,1.5329216718673706,0.9892278680670131,0.009836232931249671,0.4141810570381999,0.24515960230245945,0.10099424385138671,"{""build_tower"":0.10099424385138671,""confirm_card_service_selection"":0.006541077969649398,""continue"":0.4141810570381999,""discard_treasure"":0.0009593581022152451,""place_tower"":0.00017442874585731728,""purchase_shop_item"":0.046746903889761035,""remove_tower"":0.027908599337170766,""reroll"":0.24515960230245945,""select_card_service_card"":0.006541077969649398,""select_treasure"":0.011861154718297575,""start_defense"":0.10099424385138671,""use_inventory_item"":0.03793825222396651}",0,0,0,0,5.847808675,67.373376127
original_R2,a1r-r2-p2,262,187,50.26033349831899,49.61684989929199,249.625,,,,,,,0.6984386267976176,0.20646501594043248,0.7059518114683476,26.200718696132682,0.007953110670469154,,,,,,,,4,0.08480459875724417,0.9668038528650365,5.393134593963623,0.9886365662324272,0.010512863496377905,0.39734601902854283,0.2472041395426473,0.10206977132365215,"{""build_tower"":0.10206977132365215,""confirm_card_service_selection"":0.005591720914705392,""continue"":0.39734601902854283,""discard_treasure"":0.0011684192956100817,""place_tower"":0.0004172926055750292,""purchase_shop_item"":0.054665331330328824,""remove_tower"":0.024787180771156735,""reroll"":0.2472041395426473,""select_card_service_card"":0.005591720914705392,""select_treasure"":0.011767651477215823,""start_defense"":0.10206977132365215,""use_inventory_item"":0.04732098147220831}",0,0,0,0,5.992973543,71.43951747
original_R2,a1r-r2-p2,263,188,51.07537877559662,50.452749252319336,247.875,,,,,,,0.7130903408241381,0.2139161728416736,0.7109032270122082,26.421399790451677,0.007125758959483256,,,,,,,,4,0.07761440800621788,0.8759463166302823,2.5729658603668213,0.9876184901935018,0.010930568797196796,0.40183224071272483,0.2472684484787359,0.10421919650361405,"{""build_tower"":0.10421919650361405,""confirm_card_service_selection"":0.004370482434022525,""continue"":0.40183224071272483,""discard_treasure"":0.0008404773911581779,""place_tower"":0.0004202386955790889,""purchase_shop_item"":0.04975626155656413,""remove_tower"":0.026222894604135148,""reroll"":0.2472684484787359,""select_card_service_card"":0.004370482434022525,""select_treasure"":0.01176668347621449,""start_defense"":0.10421919650361405,""use_inventory_item"":0.04471339720961506}",0,0,0,0,5.853723177,69.932272869
original_R2,a1r-r2-p2,264,189,49.04350817203522,45.926950454711914,248.20833333333334,,,,,,,0.6985917742622902,0.21330017197679604,0.7258976181136801,25.074452885175152,0.007722850665231817,,,,,,,,4,0.07770161213789215,0.9091852722649879,2.8858025074005127,0.989650918400622,0.009927286362731234,0.42194057411448715,0.23770354205136815,0.10030216551955683,"{""build_tower"":0.10030216551955683,""confirm_card_service_selection"":0.003777068994460299,""continue"":0.42194057411448715,""discard_treasure"":0.001259022998153433,""place_tower"":0.0005875440658049354,""purchase_shop_item"":0.04910189692798388,""remove_tower"":0.02593587376196072,""reroll"":0.23770354205136815,""select_card_service_card"":0.003777068994460299,""select_treasure"":0.011918751049185832,""start_defense"":0.10030216551955683,""use_inventory_item"":0.043394326003021656}",0,0,0,0,5.788625518,70.841047047
original_R2,a1r-r2-p2,265,190,47.90555659929911,48.44054985046387,231.16666666666666,11.173832267522812,47.40806421637535,36.23423194885254,110,18,0,0.7467906092143379,0.21508649051539017,0.763846523382447,25.865140713708037,0.008666399673095591,,,,,,,,4,0.0875879713672806,0.9239700782028112,1.6464236974716187,0.9892530986654755,0.0099110205297951,0.39960346070656094,0.2502703677000721,0.10535328046142754,"{""build_tower"":0.10535328046142754,""confirm_card_service_selection"":0.00549747656813266,""continue"":0.39960346070656094,""discard_treasure"":0.0013518385003604902,""place_tower"":0.0001802451333813987,""purchase_shop_item"":0.04983777937995674,""remove_tower"":0.02072819033886085,""reroll"":0.2502703677000721,""select_card_service_card"":0.00549747656813266,""select_treasure"":0.01234679163662581,""start_defense"":0.10535328046142754,""use_inventory_item"":0.04397981254506128}",0,0,0,0,5.519127829,67.367011865
original_R2,a1r-r2-p2,266,191,47.826629400253296,46.93079948425293,231.22916666666666,,,,,,,0.7803338725974912,0.21571789150171417,0.7766534540463578,26.18380684982956,0.007417086323243893,,,,,,,,4,0.08486703728240999,0.9149355282160369,1.9063160419464111,0.9891859689264951,0.010799201165685769,0.38769258491756015,0.2589422470492837,0.10496441120821695,"{""build_tower"":0.10496441120821695,""confirm_card_service_selection"":0.00432471393819263,""continue"":0.38769258491756015,""discard_treasure"":0.0008108838634111181,""place_tower"":0.0008108838634111181,""purchase_shop_item"":0.0521668618794486,""remove_tower"":0.02117307865573475,""reroll"":0.2589422470492837,""select_card_service_card"":0.00432471393819263,""select_treasure"":0.01243355257230381,""start_defense"":0.10496441120821695,""use_inventory_item"":0.04739165690602757}",0,0,0,0,5.717423772,66.410097074
original_R2,a1r-r2-p2,267,192,49.583216508229576,48.976348876953125,240.9375,,,,,,,0.7357331205175829,0.20300931934681402,0.7273031366260155,25.476242688261145,0.00758085197534179,,,,,,,,4,0.08527702297610433,0.9716728639019572,3.3804244995117188,0.9896807618052719,0.008806262995399858,0.41625594466061394,0.24332036316472114,0.10428015564202335,"{""build_tower"":0.10428015564202335,""confirm_card_service_selection"":0.004669260700389105,""continue"":0.41625594466061394,""discard_treasure"":0.0008646779074794639,""place_tower"":0.00043233895373973193,""purchase_shop_item"":0.048940769563337656,""remove_tower"":0.015737137916126243,""reroll"":0.24332036316472114,""select_card_service_card"":0.004669260700389105,""select_treasure"":0.011846087332468655,""start_defense"":0.10428015564202335,""use_inventory_item"":0.044703847816688284}",0,0,0,0,5.976879696,69.531382223
original_R2,a1r-r2-p2,268,193,49.69964130719503,49.34684944152832,244.0,,,,,,,0.7110388443606657,0.19525132645310428,0.7103419747689496,25.77412235056307,0.006957526652058732,,,,,,,,4,0.07227270153310636,0.9771519638597965,3.2753219604492188,0.9888277349939742,0.009602960068783115,0.41171448087431695,0.2464139344262295,0.10314207650273224,"{""build_tower"":0.10314207650273224,""confirm_card_service_selection"":0.005293715846994535,""continue"":0.41171448087431695,""discard_treasure"":0.0004269125683060109,""place_tower"":0.00034153005464480874,""purchase_shop_item"":0.05046106557377049,""remove_tower"":0.017503415300546447,""reroll"":0.2464139344262295,""select_card_service_card"":0.005293715846994535,""select_treasure"":0.011868169398907103,""start_defense"":0.10314207650273224,""use_inventory_item"":0.04439890710382514}",0,0,0,0,6.098431501,68.929243838
original_R2,a1r-r2-p2,269,194,48.787458181381226,47.109500885009766,237.89583333333334,,,,,,,0.7017193761580086,0.1928520571032825,0.7041751364866893,25.31370328349606,0.008063470805710595,,,,,,,,4,0.08025677647027704,0.9063794755273396,2.958641529083252,0.9886777308551522,0.009501668138222561,0.4119450039408004,0.24284087923636044,0.10412470443996848,"{""build_tower"":0.10412470443996848,""confirm_card_service_selection"":0.004816533847096943,""continue"":0.4119450039408004,""discard_treasure"":0.0007881600840704089,""place_tower"":0.0003502933706979595,""purchase_shop_item"":0.05026709869515719,""remove_tower"":0.017514668534897977,""reroll"":0.24284087923636044,""select_card_service_card"":0.004816533847096943,""select_treasure"":0.012172694631754095,""start_defense"":0.10412470443996848,""use_inventory_item"":0.04623872493213066}",0,0,0,0,5.98393476,67.374679908
original_R2,a1r-r2-p2,270,195,50.6107063293457,48.45949935913086,248.29166666666666,9.919529050588608,46.15376099944115,36.23423194885254,108,20,0,0.700180846462284,0.1912032494927956,0.6904241284157367,25.680545603643935,0.007867041686350081,,,,,,,,4,0.08896083450143008,0.9060385926289761,2.777035713195801,0.9882454731323944,0.010481924635972431,0.4250713206913912,0.24349723107904012,0.10345695586507803,"{""build_tower"":0.10345695586507803,""confirm_card_service_selection"":0.00419533478771606,""continue"":0.4250713206913912,""discard_treasure"":0.0008390669575432119,""place_tower"":8.39066957543212e-05,""purchase_shop_item"":0.04816244336298037,""remove_tower"":0.01191475079711361,""reroll"":0.24349723107904012,""select_card_service_card"":0.00419533478771606,""select_treasure"":0.012082564188622252,""start_defense"":0.10345695586507803,""use_inventory_item"":0.04304413492196677}",0,0,0,0,6.016888523,70.750298574
original_R2,a1r-r2-p2,271,196,47.44099203745524,47.21324920654297,230.625,,,,,,,0.7167300740643587,0.1813790930212047,0.7207430668852546,26.022767303634883,0.008185484459204417,,,,,,,,4,0.09232023798606613,0.9064296658404849,2.9276084899902344,0.9900302946595575,0.008579448693622411,0.4070460704607046,0.25573622402890694,0.104516711833785,"{""build_tower"":0.104516711833785,""confirm_card_service_selection"":0.005510388437217705,""continue"":0.4070460704607046,""discard_treasure"":0.0007226738934056008,""place_tower"":0.00045167118337850043,""purchase_shop_item"":0.046793134598012646,""remove_tower"":0.015176151761517615,""reroll"":0.25573622402890694,""select_card_service_card"":0.005510388437217705,""select_treasure"":0.012285456187895212,""start_defense"":0.104516711833785,""use_inventory_item"":0.04173441734417344}",0,0,0,0,5.69792832,66.254893605
original_R2,a1r-r2-p2,272,197,50.96937481562296,51.73819923400879,242.9375,,,,,,,0.6835467835061126,0.18388681999002374,0.6787132112228352,25.89447118227404,0.006748229083487074,,,,,,,,4,0.07549568905454615,0.8808305723511655,1.7807347774505615,0.990262518645031,0.008933518970202978,0.40742646428265156,0.24003087213789556,0.10650887573964497,"{""build_tower"":0.10650887573964497,""confirm_card_service_selection"":0.006260183517708602,""continue"":0.40742646428265156,""discard_treasure"":0.0009433153245862276,""place_tower"":0.00017151187719749593,""purchase_shop_item"":0.05436926507160621,""remove_tower"":0.012348855158219707,""reroll"":0.24003087213789556,""select_card_service_card"":0.006260183517708602,""select_treasure"":0.012263099219620958,""start_defense"":0.10650887573964497,""use_inventory_item"":0.04690849841351514}",0,0,0,0,5.9777207279999995,69.146939389
original_R2,a1r-r2-p2,273,198,50.215131203333534,50.195350646972656,248.29166666666666,,,,,,,0.7043706298531589,0.18451276381183426,0.7046192031591496,26.1010978893427,0.00788795199289954,,,,,,,,4,0.08143220187977274,0.8741713394509986,2.725853681564331,0.9905899409630746,0.009399699995868859,0.4144151703305924,0.25088102030542037,0.10286960899479779,"{""build_tower"":0.10286960899479779,""confirm_card_service_selection"":0.00562174861553952,""continue"":0.4144151703305924,""discard_treasure"":0.0006712535660345696,""place_tower"":0.0,""purchase_shop_item"":0.04942104379929518,""remove_tower"":0.012250377580130895,""reroll"":0.25088102030542037,""select_card_service_card"":0.00562174861553952,""select_treasure"":0.012166470884376572,""start_defense"":0.10286960899479779,""use_inventory_item"":0.04321194831347541}",0,0,0,0,6.131901933,72.400374719
original_R2,a1r-r2-p2,274,199,51.82861479123434,51.7317008972168,263.0625,,,,,,,0.6744503231508553,0.1889683613690803,0.6747327899932861,25.795233486648492,0.007457039893924957,,,,,,,,4,0.0754414532892406,0.9474917371571064,2.702698230743408,0.9905712935126361,0.009194612903520465,0.4250415775718698,0.23536865447057892,0.09970697711253662,"{""build_tower"":0.09970697711253662,""confirm_card_service_selection"":0.0062564346242179455,""continue"":0.4250415775718698,""discard_treasure"":0.000950344499881207,""place_tower"":0.00015839074998020116,""purchase_shop_item"":0.051793775243525776,""remove_tower"":0.01789815474776273,""reroll"":0.23536865447057892,""select_card_service_card"":0.0062564346242179455,""select_treasure"":0.011800110873524986,""start_defense"":0.09970697711253662,""use_inventory_item"":0.04506216836936723}",0,0,0,0,6.290634967,74.731864905
original_R2,a1r-r2-p2,275,200,52.314231395721436,51.460899353027344,260.625,11.934463426470757,48.168695375323296,36.23423194885254,114,14,0,0.6781246490891811,0.19240301262121315,0.69344070462548,25.748949088477925,0.007305617173484762,,,,,,,,4,0.07975368146613544,0.8864032840546296,1.9642125368118286,0.992024694953661,0.007912357318766263,0.41942446043165466,0.2375699440447642,0.10199840127897682,"{""build_tower"":0.10199840127897682,""confirm_card_service_selection"":0.006474820143884892,""continue"":0.41942446043165466,""discard_treasure"":0.0010391686650679456,""place_tower"":0.0,""purchase_shop_item"":0.051478816946442844,""remove_tower"":0.016786570743405275,""reroll"":0.2375699440447642,""select_card_service_card"":0.006474820143884892,""select_treasure"":0.011830535571542766,""start_defense"":0.10199840127897682,""use_inventory_item"":0.04492406075139888}",0,0,0,0,6.338956646,73.096561304
